date,open,high,low,close,volume
2019-08-05,3.63,3.63,3.57,3.58,1180937.0
2019-08-02,3.65,3.65,3.63,3.64,1012163.0
2019-08-01,3.7,3.71,3.67,3.68,991038.0
2019-07-31,3.71,3.71,3.7,3.71,570456.0
2019-07-30,3.7,3.72,3.69,3.72,834793.0
2019-07-29,3.7,3.71,3.69,3.7,603863.0
2019-07-26,3.69,3.71,3.69,3.7,585452.0
2019-07-25,3.7,3.71,3.69,3.7,823250.0
2019-07-24,3.7,3.71,3.69,3.69,718845.0
2019-07-23,3.67,3.7,3.66,3.69,818694.0
2019-07-22,3.68,3.69,3.66,3.67,881485.0
2019-07-19,3.66,3.68,3.65,3.67,862782.0
2019-07-18,3.66,3.67,3.65,3.65,642862.0
2019-07-17,3.68,3.69,3.67,3.67,604066.0
2019-07-16,3.7,3.7,3.68,3.69,627449.0
2019-07-15,3.71,3.72,3.67,3.7,1023496.0
2019-07-12,3.71,3.72,3.7,3.72,876352.0
2019-07-11,3.71,3.72,3.7,3.71,534319.0
2019-07-10,3.71,3.71,3.69,3.7,593449.0
2019-07-09,3.71,3.72,3.7,3.71,704486.0
2019-07-08,3.74,3.75,3.7,3.71,1457831.0
2019-07-05,3.76,3.77,3.72,3.75,1306967.0
2019-07-04,3.77,3.78,3.75,3.77,867535.0
2019-07-03,3.77,3.78,3.75,3.77,1077087.0
2019-07-02,3.75,3.77,3.75,3.77,961595.0
2019-07-01,3.77,3.78,3.75,3.76,1209103.0
2019-06-28,3.75,3.75,3.72,3.74,748333.0
2019-06-27,3.75,3.77,3.74,3.75,1010140.0
2019-06-26,3.75,3.75,3.73,3.74,787183.0
2019-06-25,3.78,3.79,3.74,3.75,1120232.0
2019-06-24,3.77,3.78,3.75,3.78,800720.0
2019-06-21,3.8,3.82,3.77,3.77,1705513.0
2019-06-20,3.78,3.82,3.77,3.81,1628549.0
2019-06-19,3.79,3.81,3.77,3.78,1364942.0
2019-06-18,3.75,3.76,3.73,3.76,662740.0
2019-06-17,3.74,3.75,3.72,3.74,593174.0
2019-06-14,3.74,3.74,3.72,3.73,672997.0
2019-06-13,3.73,3.75,3.71,3.73,779231.0
2019-06-12,3.75,3.75,3.72,3.73,869146.0
2019-06-11,3.75,3.77,3.74,3.76,1202787.0
2019-06-10,3.72,3.76,3.72,3.74,961242.0
2019-06-06,3.73,3.74,3.71,3.72,816815.0
2019-06-05,3.71,3.74,3.7,3.72,929622.0
2019-06-04,3.7,3.7,3.68,3.7,743965.0
2019-06-03,3.71,3.71,3.67,3.7,1463386.0
2019-05-31,3.89,3.91,3.86,3.88,1738628.0
2019-05-30,3.85,3.89,3.84,3.89,1701937.0
2019-05-29,3.83,3.87,3.82,3.84,1393843.0
2019-05-28,3.81,3.85,3.81,3.84,1455161.0
2019-05-27,3.79,3.83,3.78,3.81,1330060.0
2019-05-24,3.78,3.81,3.76,3.79,1776987.0
2019-05-23,3.8,3.84,3.74,3.79,3281540.0
2019-05-22,3.8,3.83,3.79,3.81,1053886.0
2019-05-21,3.78,3.83,3.78,3.8,1390619.0
2019-05-20,3.73,3.87,3.71,3.82,4412539.0
2019-05-17,3.77,3.78,3.73,3.73,1300947.0
2019-05-16,3.73,3.81,3.71,3.78,2704991.0
2019-05-15,3.7,3.8,3.69,3.75,2382684.0
2019-05-14,3.68,3.71,3.68,3.68,1242213.0
2019-05-13,3.72,3.78,3.65,3.71,2991160.0
2019-05-10,3.71,3.77,3.7,3.75,1338765.0
2019-05-09,3.71,3.73,3.69,3.69,1313930.0
2019-05-08,3.74,3.75,3.71,3.72,1406953.0
2019-05-07,3.79,3.8,3.75,3.78,1601775.0
2019-05-06,3.85,3.85,3.75,3.78,2794927.0
2019-04-30,3.89,3.9,3.85,3.89,1202558.0
2019-04-29,3.87,3.91,3.86,3.89,1303281.0
2019-04-26,3.87,3.89,3.84,3.86,1881078.0
2019-04-25,3.9,3.91,3.87,3.89,1802659.0
2019-04-24,3.96,3.96,3.88,3.91,1584829.0
2019-04-23,3.93,3.97,3.92,3.95,1795671.0
2019-04-22,4.04,4.05,3.92,3.93,1960127.0
2019-04-19,4.01,4.04,4.0,4.03,1403952.0
2019-04-18,4.02,4.05,3.98,4.0,1321604.0
2019-04-17,4.0,4.06,3.96,4.03,2658861.0
2019-04-16,3.88,4.01,3.86,4.0,4150152.0
2019-04-15,3.91,3.97,3.89,3.89,2521874.0
2019-04-12,3.87,3.89,3.85,3.87,1204182.0
2019-04-11,3.86,3.88,3.84,3.86,1674000.0
2019-04-10,3.86,3.88,3.83,3.86,1537021.0
2019-04-09,3.89,3.9,3.86,3.87,1441181.0
2019-04-08,3.91,3.96,3.87,3.9,2570907.0
2019-04-04,3.85,3.89,3.84,3.89,2279007.0
2019-04-03,3.81,3.85,3.79,3.84,1603882.0
2019-04-02,3.84,3.86,3.81,3.83,1891844.0
2019-04-01,3.79,3.85,3.78,3.83,2582306.0
2019-03-29,3.71,3.79,3.71,3.77,1791174.0
2019-03-28,3.72,3.73,3.69,3.71,1087031.0
2019-03-27,3.73,3.75,3.72,3.73,1058660.0
2019-03-26,3.75,3.75,3.71,3.72,1250035.0
2019-03-25,3.78,3.79,3.73,3.73,1880806.0
2019-03-22,3.8,3.82,3.78,3.8,1419561.0
2019-03-21,3.8,3.82,3.79,3.79,1713723.0
2019-03-20,3.81,3.82,3.77,3.79,1648941.0
2019-03-19,3.84,3.85,3.8,3.81,1601599.0
2019-03-18,3.79,3.84,3.77,3.84,2130221.0
2019-03-15,3.79,3.82,3.78,3.79,1518034.0
2019-03-14,3.8,3.83,3.77,3.79,1289655.0
2019-03-13,3.83,3.84,3.78,3.8,1591609.0
2019-03-12,3.79,3.87,3.79,3.83,2473382.0
2019-03-11,3.74,3.81,3.74,3.79,1981058.0
2019-03-08,3.87,3.87,3.75,3.75,3026372.0
2019-03-07,3.93,3.93,3.88,3.89,2513716.0
2019-03-06,3.89,3.93,3.88,3.93,2194504.0
2019-03-05,3.9,3.92,3.88,3.9,2257337.0
2019-03-04,3.92,4.0,3.92,3.92,3865454.0
2019-03-01,3.85,3.91,3.82,3.9,2158458.0
2019-02-28,3.88,3.88,3.83,3.84,1823785.0
2019-02-27,3.84,3.94,3.83,3.88,3315369.0
2019-02-26,3.87,3.9,3.82,3.84,3542218.0
2019-02-25,3.7,3.9,3.7,3.88,4608368.0
2019-02-22,3.66,3.7,3.64,3.69,1441606.0
2019-02-21,3.68,3.7,3.66,3.67,1253403.0
2019-02-20,3.69,3.7,3.66,3.68,1013994.0
2019-02-19,3.69,3.72,3.67,3.68,1480271.0
2019-02-18,3.67,3.71,3.65,3.7,1537243.0
2019-02-15,3.69,3.7,3.64,3.65,1228347.0
2019-02-14,3.72,3.72,3.69,3.7,1223240.0
2019-02-13,3.69,3.72,3.68,3.72,1857436.0
2019-02-12,3.67,3.7,3.66,3.68,1273681.0
2019-02-11,3.66,3.67,3.63,3.67,1134437.0
2019-02-01,3.69,3.69,3.65,3.68,1265163.0
2019-01-31,3.64,3.7,3.63,3.68,1641248.0
2019-01-30,3.64,3.65,3.62,3.63,901650.0
2019-01-29,3.62,3.65,3.6,3.64,1310010.0
2019-01-28,3.63,3.66,3.61,3.61,1241048.0
2019-01-25,3.6,3.63,3.59,3.62,1524470.0
2019-01-24,3.57,3.59,3.56,3.59,986739.0
2019-01-23,3.56,3.58,3.55,3.57,678182.0
2019-01-22,3.57,3.58,3.55,3.56,1055966.0
2019-01-21,3.57,3.59,3.56,3.57,1478469.0
2019-01-18,3.54,3.58,3.53,3.56,1687326.0
2019-01-17,3.53,3.55,3.51,3.53,1236762.0
2019-01-16,3.52,3.53,3.5,3.52,866184.0
2019-01-15,3.51,3.53,3.5,3.52,982826.0
2019-01-14,3.53,3.54,3.49,3.5,1103685.0
2019-01-11,3.53,3.54,3.52,3.53,772489.0
2019-01-10,3.54,3.55,3.51,3.52,1170581.0
2019-01-09,3.54,3.58,3.54,3.55,1321237.0
2019-01-08,3.57,3.58,3.52,3.54,1165244.0
2019-01-07,3.59,3.6,3.55,3.57,1192289.0
2019-01-04,3.53,3.59,3.52,3.58,1234965.0
2019-01-03,3.54,3.57,3.52,3.55,970303.0
2019-01-02,3.62,3.63,3.53,3.54,1228789.0
2018-12-28,3.64,3.66,3.61,3.61,1088877.0
2018-12-27,3.63,3.66,3.63,3.63,1585879.0
2018-12-26,3.61,3.63,3.6,3.63,930844.0
2018-12-25,3.58,3.63,3.56,3.61,1406612.0
2018-12-24,3.56,3.6,3.55,3.59,849482.0
2018-12-21,3.54,3.57,3.52,3.57,1135300.0
2018-12-20,3.58,3.58,3.52,3.56,1174377.0
2018-12-19,3.6,3.6,3.57,3.58,571657.0
2018-12-18,3.59,3.61,3.57,3.59,706631.0
2018-12-17,3.58,3.61,3.57,3.61,699536.0
2018-12-14,3.6,3.6,3.58,3.58,808597.0
2018-12-13,3.59,3.62,3.57,3.6,665103.0
2018-12-12,3.58,3.59,3.57,3.59,478602.0
2018-12-11,3.57,3.58,3.56,3.57,508926.0
2018-12-10,3.59,3.6,3.56,3.57,714778.0
2018-12-07,3.61,3.61,3.59,3.6,325245.0
2018-12-06,3.63,3.64,3.59,3.61,702069.0
2018-12-05,3.63,3.65,3.63,3.64,568002.0
2018-12-04,3.65,3.66,3.64,3.66,603398.0
2018-12-03,3.64,3.67,3.63,3.65,1198710.0
2018-11-30,3.58,3.61,3.58,3.61,661552.0
2018-11-29,3.61,3.62,3.58,3.59,544740.0
2018-11-28,3.58,3.62,3.58,3.6,590109.0
2018-11-27,3.61,3.61,3.58,3.58,585087.0
2018-11-26,3.59,3.62,3.59,3.6,845413.0
2018-11-23,3.6,3.62,3.58,3.59,848500.0
2018-11-22,3.62,3.62,3.59,3.61,480395.0
2018-11-21,3.59,3.62,3.58,3.61,624893.0
2018-11-20,3.63,3.63,3.6,3.6,919524.0
2018-11-19,3.61,3.64,3.6,3.64,1027669.0
2018-11-16,3.6,3.62,3.58,3.6,1322104.0
2018-11-15,3.57,3.6,3.57,3.6,1077387.0
2018-11-14,3.62,3.62,3.56,3.58,1298225.0
2018-11-13,3.58,3.63,3.58,3.62,1105532.0
2018-11-12,3.59,3.62,3.58,3.61,887611.0
2018-11-09,3.66,3.66,3.59,3.59,1607331.0
2018-11-08,3.68,3.69,3.66,3.67,696050.0
2018-11-07,3.67,3.69,3.65,3.66,900570.0
2018-11-06,3.68,3.68,3.64,3.66,1029527.0
2018-11-05,3.69,3.7,3.66,3.68,1427463.0
2018-11-02,3.7,3.72,3.68,3.71,1931240.0
2018-11-01,3.72,3.73,3.67,3.67,1417772.0
2018-10-31,3.74,3.75,3.7,3.72,1312283.0
2018-10-30,3.7,3.75,3.7,3.74,1752243.0
2018-10-29,3.71,3.75,3.67,3.7,1603527.0
2018-10-26,3.71,3.73,3.68,3.71,1341019.0
2018-10-25,3.63,3.71,3.62,3.71,1241114.0
2018-10-24,3.62,3.73,3.62,3.68,1985927.0
2018-10-23,3.68,3.69,3.61,3.62,1571345.0
2018-10-22,3.62,3.72,3.61,3.7,2406872.0
2018-10-19,3.5,3.62,3.49,3.61,1832445.0
2018-10-18,3.53,3.55,3.51,3.52,1198126.0
2018-10-17,3.54,3.55,3.5,3.54,1204742.0
2018-10-16,3.51,3.54,3.5,3.51,931223.0
2018-10-15,3.54,3.54,3.5,3.5,927304.0
2018-10-12,3.49,3.55,3.48,3.55,1503899.0
2018-10-11,3.54,3.56,3.46,3.5,2086083.0
2018-10-10,3.6,3.62,3.58,3.6,956795.0
2018-10-09,3.61,3.62,3.58,3.59,1154332.0
2018-10-08,3.66,3.66,3.59,3.62,1838748.0
2018-09-28,3.68,3.75,3.67,3.72,1985352.0
2018-09-27,3.67,3.68,3.64,3.68,943095.0
2018-09-26,3.65,3.71,3.64,3.68,1848279.0
2018-09-25,3.65,3.67,3.63,3.65,1202825.0
2018-09-21,3.57,3.69,3.56,3.68,2560870.0
2018-09-20,3.58,3.6,3.54,3.57,1435554.0
2018-09-19,3.55,3.58,3.54,3.56,1043857.0
2018-09-18,3.53,3.55,3.51,3.55,818803.0
2018-09-17,3.53,3.54,3.51,3.52,552087.0
2018-09-14,3.54,3.55,3.53,3.54,694496.0
2018-09-13,3.51,3.54,3.5,3.54,889186.0
2018-09-12,3.5,3.51,3.47,3.49,756009.0
2018-09-11,3.51,3.53,3.49,3.51,726348.0
2018-09-10,3.5,3.53,3.49,3.52,760781.0
2018-09-07,3.5,3.53,3.5,3.51,576694.0
2018-09-06,3.53,3.54,3.5,3.5,697145.0
2018-09-05,3.57,3.58,3.53,3.53,871155.0
2018-09-04,3.55,3.59,3.53,3.58,957912.0
2018-09-03,3.55,3.56,3.53,3.55,715759.0
2018-08-31,3.54,3.58,3.53,3.55,1484871.0
2018-08-30,3.56,3.57,3.53,3.53,685998.0
2018-08-29,3.55,3.56,3.54,3.56,691687.0
2018-08-28,3.55,3.58,3.55,3.56,823086.0
2018-08-27,3.54,3.56,3.53,3.55,1202493.0
2018-08-24,3.5,3.57,3.48,3.53,1094164.0
2018-08-23,3.5,3.52,3.48,3.5,601850.0
2018-08-22,3.51,3.52,3.48,3.5,397559.0
2018-08-21,3.5,3.54,3.48,3.52,848025.0
2018-08-20,3.46,3.5,3.45,3.5,859700.0
2018-08-17,3.48,3.48,3.44,3.45,659357.0
2018-08-16,3.43,3.48,3.42,3.47,928312.0
2018-08-15,3.5,3.51,3.45,3.45,997123.0
2018-08-14,3.5,3.51,3.47,3.51,793337.0
2018-08-13,3.52,3.53,3.46,3.5,1187737.0
2018-08-10,3.56,3.57,3.53,3.54,675915.0
2018-08-09,3.52,3.57,3.51,3.56,1027506.0
2018-08-08,3.55,3.56,3.52,3.53,837098.0
2018-08-07,3.51,3.56,3.5,3.56,1077872.0
2018-08-06,3.49,3.55,3.49,3.51,1273357.0
2018-08-03,3.49,3.53,3.47,3.49,811588.0
2018-08-02,3.55,3.56,3.47,3.49,1542858.0
2018-08-01,3.62,3.66,3.56,3.56,1367886.0
2018-07-31,3.59,3.63,3.56,3.62,1377296.0
2018-07-30,3.56,3.6,3.55,3.6,1355354.0
2018-07-27,3.56,3.57,3.54,3.56,744067.0
2018-07-26,3.6,3.62,3.55,3.57,1106683.0
2018-07-25,3.61,3.62,3.58,3.59,962870.0
2018-07-24,3.58,3.64,3.57,3.6,1792713.0
2018-07-23,3.53,3.61,3.51,3.59,1847498.0
2018-07-20,3.45,3.58,3.44,3.55,1900679.0
2018-07-19,3.47,3.47,3.43,3.45,817322.0
2018-07-18,3.49,3.52,3.46,3.46,1143951.0
2018-07-17,3.5,3.5,3.46,3.48,724550.0
2018-07-16,3.56,3.56,3.48,3.5,1159514.0
2018-07-13,3.62,3.62,3.55,3.56,1331837.0
2018-07-12,3.534,3.62,3.524,3.61,1531947.0
2018-07-11,3.496,3.553,3.486,3.543,1067486.0
2018-07-10,3.581,3.591,3.534,3.553,1216700.0
2018-07-09,3.439,3.591,3.429,3.572,1595540.0
2018-07-06,3.41,3.458,3.391,3.429,930564.0
2018-07-05,3.362,3.42,3.353,3.41,1124299.0
2018-07-04,3.334,3.381,3.324,3.362,805551.0
2018-07-03,3.296,3.343,3.296,3.343,1144619.0
2018-07-02,3.429,3.439,3.277,3.305,1458032.0
2018-06-29,3.4,3.448,3.391,3.439,783895.0
2018-06-28,3.42,3.439,3.381,3.391,1104128.0
2018-06-27,3.467,3.477,3.391,3.448,1373038.0
2018-06-26,3.505,3.505,3.429,3.477,1518735.0
2018-06-25,3.572,3.581,3.505,3.524,997753.0
2018-06-22,3.543,3.562,3.534,3.562,635393.0
2018-06-21,3.553,3.581,3.543,3.562,954517.0
2018-06-20,3.572,3.572,3.543,3.553,985799.0
2018-06-19,3.553,3.6,3.534,3.581,3353293.0
2018-06-15,3.553,3.581,3.543,3.572,1293985.0
2018-06-14,3.534,3.562,3.524,3.553,961411.0
2018-06-13,3.562,3.562,3.524,3.553,736163.0
2018-06-12,3.553,3.572,3.543,3.562,512860.0
2018-06-11,3.553,3.562,3.534,3.562,605607.0
2018-06-08,3.591,3.6,3.553,3.562,1123330.0
2018-06-07,3.6,3.62,3.591,3.6,842258.0
2018-06-06,3.61,3.61,3.581,3.591,717986.0
2018-06-05,3.61,3.62,3.591,3.61,654141.0
2018-06-04,3.591,3.62,3.581,3.61,926072.0
2018-06-01,3.581,3.6,3.562,3.581,1135555.0
2018-05-31,3.6,3.6,3.572,3.591,1502957.0
2018-05-30,3.62,3.62,3.581,3.581,914844.0
2018-05-29,3.62,3.658,3.581,3.648,1232839.0
2018-05-28,3.629,3.648,3.6,3.639,739925.0
2018-05-25,3.629,3.648,3.62,3.639,856703.0
2018-05-24,3.658,3.667,3.62,3.629,855375.0
2018-05-23,3.686,3.686,3.658,3.658,900734.0
2018-05-22,3.724,3.724,3.667,3.696,1109494.0
2018-05-21,3.724,3.743,3.705,3.724,910524.0
2018-05-18,3.667,3.715,3.658,3.715,969454.0
2018-05-17,3.667,3.677,3.658,3.667,603752.0
2018-05-16,3.696,3.696,3.667,3.667,808935.0
2018-05-15,3.724,3.724,3.686,3.705,791313.0
2018-05-14,3.715,3.743,3.696,3.715,1476992.0
2018-05-11,3.705,3.734,3.686,3.715,1102501.0
2018-05-10,3.696,3.715,3.677,3.696,608923.0
2018-05-09,3.686,3.696,3.667,3.696,707435.0
2018-05-08,3.648,3.705,3.639,3.686,1710271.0
2018-05-07,3.629,3.658,3.61,3.648,938442.0
2018-05-04,3.629,3.639,3.62,3.62,725473.0
2018-05-03,3.62,3.648,3.61,3.639,1100367.0
2018-05-02,3.648,3.667,3.61,3.629,1516932.0
2018-04-27,3.62,3.639,3.591,3.639,843452.0
2018-04-26,3.629,3.629,3.581,3.61,1241289.0
2018-04-25,3.639,3.648,3.61,3.62,912539.0
2018-04-24,3.6,3.677,3.6,3.658,1755279.0
2018-04-23,3.581,3.62,3.581,3.6,882178.0
2018-04-20,3.6,3.61,3.562,3.6,1355795.0
2018-04-19,3.6,3.629,3.591,3.61,1143258.0
2018-04-18,3.629,3.629,3.581,3.6,1498720.0
2018-04-17,3.591,3.62,3.572,3.581,1233442.0
2018-04-16,3.667,3.677,3.581,3.591,2728660.0
2018-04-13,3.762,3.762,3.677,3.686,1727824.0
2018-04-12,3.762,3.772,3.715,3.724,1738530.0
2018-04-11,3.743,3.82,3.715,3.781,3647440.0
2018-04-10,3.667,3.753,3.648,3.743,2067727.0
2018-04-09,3.658,3.677,3.639,3.667,1414437.0
2018-04-04,3.686,3.705,3.667,3.667,1359653.0
2018-04-03,3.667,3.705,3.648,3.696,1665745.0
2018-04-02,3.743,3.753,3.686,3.696,2407525.0
2018-03-30,3.801,3.801,3.724,3.743,3145108.0
2018-03-29,3.772,3.829,3.724,3.801,2646958.0
2018-03-28,3.743,3.81,3.743,3.772,1908746.0
2018-03-27,3.839,3.848,3.743,3.781,2961754.0
2018-03-26,3.886,3.896,3.772,3.801,2212064.0
2018-03-23,3.915,3.934,3.839,3.924,3621844.0
2018-03-22,3.962,3.981,3.934,3.972,1230672.0
2018-03-21,3.972,3.991,3.962,3.972,1206873.0
2018-03-20,3.924,3.981,3.915,3.972,1066488.0
2018-03-19,3.934,3.943,3.924,3.934,684128.0
2018-03-16,3.972,3.981,3.934,3.934,1251893.0
2018-03-15,3.953,3.991,3.953,3.972,1135393.0
2018-03-14,3.981,3.991,3.953,3.972,1201859.0
2018-03-13,3.981,4.039,3.981,3.991,1832753.0
2018-03-12,4.001,4.01,3.962,3.972,1991254.0
2018-03-09,4.001,4.02,3.962,3.981,1331359.0
2018-03-08,4.02,4.02,3.981,4.001,1080629.0
2018-03-07,4.01,4.067,4.001,4.02,2149248.0
2018-03-06,3.972,4.01,3.934,3.991,1868327.0
2018-03-05,3.962,3.991,3.924,3.962,1463341.0
2018-03-02,4.001,4.001,3.943,3.972,1803034.0
2018-03-01,4.001,4.058,3.991,4.02,1608001.0
2018-02-28,4.067,4.077,4.01,4.029,1851422.0
2018-02-27,4.191,4.191,4.096,4.115,2495357.0
2018-02-26,4.21,4.267,4.153,4.191,2272187.0
2018-02-23,4.182,4.191,4.134,4.182,1463267.0
2018-02-22,4.134,4.191,4.134,4.162,1790126.0
2018-02-14,4.067,4.096,4.02,4.077,1350048.0
2018-02-13,4.039,4.143,4.029,4.077,2606230.0
2018-02-12,4.048,4.096,3.991,4.01,2519895.0
2018-02-09,4.096,4.134,3.924,4.086,5639129.0
2018-02-08,4.305,4.324,4.124,4.21,4964236.0
2018-02-07,4.591,4.639,4.305,4.372,6581771.0
2018-02-06,4.467,4.62,4.429,4.534,7037500.0
2018-02-05,4.296,4.553,4.296,4.534,4689415.0
2018-02-02,4.362,4.382,4.296,4.362,2642772.0
2018-02-01,4.315,4.429,4.305,4.41,4103409.0
2018-01-31,4.248,4.334,4.239,4.324,2788512.0
2018-01-30,4.353,4.391,4.258,4.267,2773616.0
2018-01-29,4.448,4.524,4.353,4.382,3798238.0
2018-01-26,4.391,4.505,4.343,4.429,4304958.0
2018-01-25,4.439,4.467,4.305,4.41,3595085.0
2018-01-24,4.486,4.563,4.401,4.467,5447228.0
2018-01-23,4.191,4.486,4.172,4.458,7059105.0
2018-01-22,4.162,4.305,4.143,4.191,5073148.0
2018-01-19,4.22,4.296,4.153,4.191,6453225.0
2018-01-18,4.067,4.153,4.039,4.153,6363796.0
2018-01-17,4.029,4.134,4.029,4.039,3768808.0
2018-01-16,3.972,4.029,3.962,4.02,2602451.0
2018-01-15,3.905,4.001,3.896,3.981,3977639.0
2018-01-12,3.896,3.924,3.877,3.896,1907362.0
2018-01-11,3.839,3.905,3.839,3.896,2447965.0
2018-01-10,3.781,3.848,3.772,3.839,3468125.0
2018-01-09,3.82,3.82,3.762,3.772,2013494.0
2018-01-08,3.791,3.829,3.791,3.82,2264386.0
2018-01-05,3.81,3.82,3.772,3.791,2229380.0
2018-01-04,3.81,3.839,3.781,3.81,2234872.0
2018-01-03,3.781,3.829,3.772,3.81,1785283.0
2018-01-02,3.791,3.858,3.743,3.791,4145078.0
2017-12-29,3.753,3.801,3.743,3.781,1946081.0
2017-12-28,3.715,3.762,3.715,3.743,1439195.0
2017-12-27,3.762,3.791,3.705,3.734,1561340.0
2017-12-26,3.734,3.781,3.724,3.762,1430029.0
2017-12-25,3.715,3.753,3.715,3.734,1471469.0
2017-12-22,3.724,3.724,3.705,3.715,665921.0
2017-12-21,3.715,3.734,3.705,3.715,1086534.0
2017-12-20,3.715,3.734,3.696,3.715,1369583.0
2017-12-19,3.686,3.715,3.677,3.705,1157838.0
2017-12-18,3.696,3.705,3.667,3.677,786213.0
2017-12-15,3.715,3.715,3.677,3.677,999847.0
2017-12-14,3.724,3.743,3.696,3.705,936441.0
2017-12-13,3.696,3.724,3.686,3.715,1123431.0
2017-12-12,3.743,3.743,3.696,3.696,737593.0
2017-12-11,3.734,3.743,3.715,3.743,1066767.0
2017-12-08,3.753,3.753,3.724,3.734,963999.0
2017-12-07,3.772,3.772,3.724,3.753,1281374.0
2017-12-06,3.791,3.81,3.753,3.772,1579115.0
2017-12-05,3.734,3.829,3.715,3.791,3532412.0
2017-12-04,3.734,3.743,3.705,3.734,1153843.0
2017-12-01,3.743,3.762,3.705,3.734,1628340.0
2017-11-30,3.743,3.762,3.715,3.743,1312790.0
2017-11-29,3.734,3.762,3.696,3.743,1623786.0
2017-11-28,3.743,3.753,3.705,3.734,1587788.0
2017-11-27,3.801,3.801,3.715,3.762,3030619.0
2017-11-24,3.801,3.839,3.772,3.81,1820823.0
2017-11-23,3.829,3.877,3.781,3.81,3285173.0
2017-11-22,3.753,3.848,3.743,3.839,4049244.0
2017-11-21,3.753,3.791,3.724,3.734,3235809.0
2017-11-20,3.724,3.772,3.705,3.753,2318868.0
2017-11-17,3.667,3.753,3.658,3.734,3309361.0
2017-11-16,3.686,3.686,3.648,3.658,1089082.0
2017-11-15,3.686,3.696,3.667,3.686,1114913.0
2017-11-14,3.686,3.696,3.667,3.696,1398778.0
2017-11-13,3.677,3.724,3.658,3.705,3228153.0
2017-11-10,3.734,3.734,3.658,3.686,2016251.0
2017-11-09,3.753,3.762,3.724,3.734,897700.0
2017-11-08,3.734,3.762,3.715,3.762,1843293.0
2017-11-07,3.686,3.743,3.677,3.724,1743264.0
2017-11-06,3.677,3.696,3.658,3.686,1582816.0
2017-11-03,3.696,3.705,3.658,3.696,2348374.0
2017-11-02,3.715,3.724,3.667,3.705,2251534.0
2017-11-01,3.753,3.762,3.705,3.724,2851530.0
2017-10-31,3.829,3.829,3.743,3.753,2602046.0
2017-10-30,3.839,3.877,3.82,3.858,1887816.0
2017-10-27,3.801,3.867,3.791,3.839,2200481.0
2017-10-26,3.877,3.886,3.781,3.81,3283930.0
2017-10-25,3.924,3.934,3.858,3.877,1424332.0
2017-10-24,3.915,3.943,3.915,3.924,983712.0
2017-10-23,3.962,3.972,3.915,3.915,1166569.0
2017-10-20,3.972,3.981,3.953,3.972,783012.0
2017-10-19,3.953,4.001,3.943,3.991,1913711.0
2017-10-18,3.943,3.991,3.915,3.972,2169264.0
2017-10-17,3.953,3.962,3.934,3.943,788403.0
2017-10-16,3.943,3.962,3.915,3.953,1230385.0
2017-10-13,3.953,3.953,3.924,3.943,852854.0
2017-10-12,3.981,3.981,3.943,3.962,1002978.0
2017-10-11,3.943,3.991,3.924,3.972,1555796.0
2017-10-10,3.934,3.943,3.905,3.943,1203859.0
2017-10-09,4.039,4.077,3.886,3.924,3642799.0
2017-09-29,3.934,3.962,3.915,3.924,964065.0
2017-09-28,3.953,3.962,3.905,3.943,1351104.0
2017-09-27,4.001,4.02,3.934,3.953,1199438.0
2017-09-26,4.01,4.02,4.001,4.001,1016215.0
2017-09-25,3.991,4.039,3.962,4.029,1777316.0
2017-09-22,3.943,4.001,3.943,3.991,1137948.0
2017-09-21,3.924,3.972,3.896,3.962,1149239.0
2017-09-20,3.877,3.943,3.867,3.934,1190202.0
2017-09-19,3.886,3.886,3.839,3.886,1054721.0
2017-09-18,3.877,3.905,3.858,3.867,1454650.0
2017-09-15,3.905,3.915,3.829,3.867,1935670.0
2017-09-14,3.991,4.001,3.905,3.924,1776023.0
2017-09-13,4.001,4.01,3.972,3.981,811830.0
2017-09-12,4.001,4.02,3.953,4.001,1262195.0
2017-09-11,4.01,4.058,3.991,4.001,990431.0
2017-09-08,4.02,4.029,3.981,4.001,1067205.0
2017-09-07,4.058,4.067,4.02,4.02,950621.0
2017-09-06,4.048,4.077,4.02,4.058,1055339.0
2017-09-05,4.01,4.086,4.001,4.067,1727037.0
2017-09-04,4.001,4.029,3.934,4.01,1753730.0
2017-09-01,4.02,4.058,3.962,4.001,2069488.0
2017-08-31,4.086,4.105,3.972,4.029,2731074.0
2017-08-30,4.096,4.162,4.039,4.067,1689206.0
2017-08-29,4.029,4.134,4.001,4.115,1972694.0
2017-08-28,4.029,4.143,4.001,4.029,3060361.0
2017-08-25,3.867,4.02,3.867,4.01,3654764.0
2017-08-24,3.867,3.934,3.858,3.867,1737967.0
2017-08-23,3.81,3.886,3.801,3.867,2155012.0
2017-08-22,3.801,3.82,3.772,3.81,1118382.0
2017-08-21,3.81,3.829,3.772,3.801,1122535.0
2017-08-18,3.81,3.839,3.791,3.81,809031.0
2017-08-17,3.839,3.839,3.791,3.829,1206993.0
2017-08-16,3.858,3.877,3.81,3.839,1787163.0
2017-08-15,3.734,3.886,3.734,3.848,3773928.0
2017-08-14,3.734,3.753,3.696,3.724,1820417.0
2017-08-11,3.753,3.772,3.667,3.762,3084360.0
2017-08-10,3.791,3.82,3.734,3.791,1767101.0
2017-08-09,3.858,3.877,3.791,3.791,2170013.0
2017-08-08,3.829,3.886,3.791,3.877,2062194.0
2017-08-07,3.829,3.867,3.781,3.82,1932155.0
2017-08-04,3.858,3.924,3.829,3.839,2308072.0
2017-08-03,3.858,3.953,3.82,3.867,3280077.0
2017-08-02,3.772,3.886,3.762,3.858,4048001.0
2017-08-01,3.734,3.781,3.734,3.772,3090702.0
2017-07-31,3.696,3.772,3.696,3.734,3417701.0
2017-07-28,3.667,3.705,3.639,3.696,1806945.0
2017-07-27,3.724,3.724,3.667,3.686,2080296.0
2017-07-26,3.667,3.762,3.667,3.715,3018466.0
2017-07-25,3.639,3.705,3.629,3.667,3314214.0
2017-07-24,3.591,3.658,3.581,3.62,2928809.0
2017-07-21,3.6,3.62,3.581,3.6,1562146.0
2017-07-20,3.591,3.61,3.562,3.61,1947425.0
2017-07-19,3.572,3.62,3.562,3.581,2841818.0
2017-07-18,3.581,3.629,3.553,3.581,2753380.0
2017-07-17,3.505,3.639,3.496,3.61,5965962.0
2017-07-14,3.505,3.515,3.467,3.505,2808484.0
2017-07-13,3.422,3.476,3.413,3.467,3598936.0
2017-07-12,3.394,3.431,3.385,3.413,3264298.0
2017-07-11,3.358,3.404,3.349,3.385,2810436.0
2017-07-10,3.349,3.367,3.34,3.358,1192888.0
2017-07-07,3.34,3.358,3.331,3.358,1625846.0
2017-07-06,3.349,3.358,3.331,3.34,1620708.0
2017-07-05,3.349,3.358,3.34,3.349,1427568.0
2017-07-04,3.349,3.367,3.331,3.349,1958475.0
2017-07-03,3.367,3.367,3.34,3.358,1540760.0
2017-06-30,3.34,3.367,3.331,3.367,1515554.0
2017-06-29,3.34,3.349,3.322,3.349,1285475.0
2017-06-28,3.331,3.349,3.322,3.34,1574377.0
2017-06-27,3.331,3.349,3.313,3.331,1565613.0
2017-06-26,3.34,3.367,3.322,3.331,2848251.0
2017-06-23,3.313,3.34,3.303,3.34,1883922.0
2017-06-22,3.294,3.358,3.294,3.322,4073816.0
2017-06-21,3.303,3.313,3.285,3.294,1271657.0
2017-06-20,3.285,3.303,3.285,3.294,808578.0
2017-06-19,3.285,3.303,3.276,3.285,1954731.0
2017-06-16,3.285,3.294,3.276,3.294,808205.0
2017-06-15,3.294,3.303,3.276,3.285,1166717.0
2017-06-14,3.313,3.313,3.285,3.303,1578235.0
2017-06-13,3.303,3.322,3.294,3.313,999523.0
2017-06-12,3.322,3.34,3.303,3.313,1748163.0
2017-06-09,3.34,3.358,3.313,3.331,2639452.0
2017-06-08,3.331,3.34,3.313,3.34,1121805.0
2017-06-07,3.313,3.349,3.303,3.34,1848347.0
2017-06-06,3.303,3.322,3.294,3.313,1102282.0
2017-06-05,3.385,3.394,3.285,3.303,4349432.0
2017-06-02,3.404,3.44,3.385,3.385,1984124.0
2017-06-01,3.385,3.413,3.376,3.404,1758666.0
2017-05-31,3.367,3.404,3.358,3.394,2376482.0
2017-05-26,3.349,3.376,3.34,3.367,1849142.0
2017-05-25,3.322,3.431,3.322,3.367,4897490.0
2017-05-24,3.34,3.358,3.303,3.331,1574098.0
2017-05-23,3.303,3.358,3.303,3.349,2569553.0
2017-05-22,3.285,3.322,3.285,3.303,1419499.0
2017-05-19,3.285,3.294,3.276,3.285,547839.0
2017-05-18,3.276,3.294,3.267,3.285,767575.0
2017-05-17,3.294,3.294,3.276,3.294,1021542.0
2017-05-16,3.331,3.34,3.285,3.303,1487192.0
2017-05-15,3.34,3.358,3.313,3.331,1308562.0
2017-05-12,3.285,3.358,3.276,3.34,2572711.0
2017-05-11,3.258,3.313,3.249,3.294,2226686.0
2017-05-10,3.24,3.276,3.24,3.258,1273373.0
2017-05-09,3.231,3.258,3.222,3.249,781763.0
2017-05-08,3.203,3.249,3.203,3.249,1380867.0
2017-05-05,3.203,3.24,3.176,3.222,1755678.0
2017-05-04,3.212,3.222,3.203,3.212,746073.0
2017-05-03,3.231,3.24,3.203,3.212,846115.0
2017-05-02,3.258,3.258,3.231,3.24,660935.0
2017-04-28,3.258,3.267,3.249,3.267,995848.0
2017-04-27,3.258,3.267,3.231,3.267,1054248.0
2017-04-26,3.249,3.267,3.249,3.258,1040941.0
2017-04-25,3.249,3.258,3.24,3.249,1027204.0
2017-04-24,3.222,3.258,3.212,3.249,1468619.0
2017-04-21,3.194,3.24,3.185,3.222,2010337.0
2017-04-20,3.212,3.222,3.185,3.194,1028507.0
2017-04-19,3.24,3.249,3.203,3.212,1360089.0
2017-04-18,3.276,3.276,3.249,3.249,1025860.0
2017-04-17,3.276,3.285,3.249,3.276,1533467.0
2017-04-14,3.303,3.303,3.276,3.285,907923.0
2017-04-13,3.294,3.313,3.285,3.303,1074171.0
2017-04-12,3.285,3.303,3.276,3.294,1652906.0
2017-04-11,3.294,3.303,3.276,3.294,1475141.0
2017-04-10,3.313,3.313,3.294,3.303,1175112.0
2017-04-07,3.322,3.331,3.294,3.313,1814205.0
2017-04-06,3.34,3.349,3.322,3.331,1470805.0
2017-04-05,3.34,3.358,3.331,3.349,2824219.0
2017-03-31,3.322,3.376,3.313,3.367,1989880.0
2017-03-30,3.313,3.331,3.285,3.331,2028027.0
2017-03-29,3.313,3.331,3.303,3.322,1378980.0
2017-03-28,3.331,3.331,3.303,3.313,789282.0
2017-03-27,3.294,3.331,3.285,3.322,1289814.0
2017-03-24,3.285,3.303,3.276,3.303,926763.0
2017-03-23,3.285,3.303,3.276,3.276,958359.0
2017-03-22,3.313,3.322,3.267,3.276,1306290.0
2017-03-21,3.331,3.34,3.313,3.322,1378011.0
2017-03-20,3.313,3.34,3.313,3.34,1082878.0
2017-03-17,3.349,3.358,3.303,3.322,1352921.0
2017-03-16,3.331,3.358,3.322,3.349,1383186.0
2017-03-15,3.322,3.331,3.313,3.331,786185.0
2017-03-14,3.34,3.349,3.322,3.331,828739.0
2017-03-13,3.303,3.34,3.294,3.34,1127885.0
2017-03-10,3.303,3.322,3.294,3.303,733924.0
2017-03-09,3.303,3.322,3.294,3.313,1295450.0
2017-03-08,3.303,3.313,3.294,3.313,723192.0
2017-03-07,3.294,3.313,3.285,3.313,1284815.0
2017-03-06,3.322,3.331,3.276,3.303,2883619.0
2017-03-03,3.331,3.331,3.313,3.322,853942.0
2017-03-02,3.349,3.358,3.331,3.34,1055153.0
2017-03-01,3.358,3.376,3.322,3.34,2320192.0
2017-02-28,3.349,3.367,3.34,3.349,844897.0
2017-02-27,3.376,3.385,3.34,3.358,1234880.0
2017-02-24,3.394,3.404,3.367,3.385,1136598.0
2017-02-23,3.376,3.413,3.376,3.394,1512760.0
2017-02-22,3.376,3.385,3.349,3.385,1165285.0
2017-02-21,3.367,3.422,3.358,3.376,2284056.0
2017-02-20,3.313,3.385,3.303,3.358,3264161.0
2017-02-17,3.358,3.358,3.303,3.303,1405860.0
2017-02-16,3.349,3.367,3.331,3.358,1696187.0
2017-02-15,3.294,3.349,3.285,3.34,2632927.0
2017-02-14,3.303,3.303,3.276,3.294,1124224.0
2017-02-13,3.276,3.313,3.267,3.303,1648781.0
2017-02-10,3.249,3.276,3.249,3.276,1389181.0
2017-02-09,3.222,3.258,3.222,3.249,1039176.0
2017-02-08,3.212,3.231,3.194,3.231,781484.0
2017-02-07,3.231,3.24,3.203,3.222,1099419.0
2017-02-06,3.231,3.249,3.222,3.231,1117307.0
2017-02-03,3.258,3.258,3.222,3.231,709481.0
2017-01-26,3.222,3.267,3.212,3.258,1546623.0
2017-01-25,3.212,3.222,3.203,3.222,821235.0
2017-01-24,3.194,3.222,3.185,3.222,1830427.0
2017-01-23,3.203,3.203,3.185,3.194,1002335.0
2017-01-20,3.194,3.203,3.185,3.203,764770.0
2017-01-19,3.194,3.231,3.185,3.203,1438539.0
2017-01-18,3.185,3.203,3.176,3.194,1082665.0
2017-01-17,3.176,3.194,3.167,3.185,1023958.0
2017-01-16,3.14,3.212,3.121,3.185,3769219.0
2017-01-13,3.112,3.149,3.112,3.149,1540889.0
2017-01-12,3.121,3.131,3.112,3.121,1114844.0
2017-01-11,3.121,3.14,3.112,3.121,1096605.0
2017-01-10,3.131,3.131,3.112,3.121,1160269.0
2017-01-09,3.121,3.131,3.112,3.131,858158.0
2017-01-06,3.149,3.149,3.112,3.131,1654384.0
2017-01-05,3.167,3.167,3.14,3.149,1210668.0
2017-01-04,3.149,3.167,3.14,3.158,940023.0
2017-01-03,3.131,3.167,3.121,3.158,1136877.0
2016-12-30,3.112,3.131,3.112,3.131,807391.0
2016-12-29,3.103,3.131,3.094,3.112,862880.0
2016-12-28,3.103,3.121,3.094,3.112,765900.0
2016-12-27,3.121,3.131,3.103,3.103,762047.0
2016-12-26,3.112,3.131,3.085,3.131,1179913.0
2016-12-23,3.131,3.14,3.103,3.121,839833.0
2016-12-22,3.14,3.149,3.121,3.14,839098.0
2016-12-21,3.112,3.149,3.103,3.149,1335347.0
2016-12-20,3.14,3.149,3.085,3.112,1753509.0
2016-12-19,3.14,3.158,3.121,3.149,1166836.0
2016-12-16,3.158,3.167,3.131,3.149,1314716.0
2016-12-15,3.249,3.258,3.158,3.167,2448474.0
2016-12-14,3.249,3.313,3.249,3.267,1816700.0
2016-12-13,3.294,3.303,3.222,3.258,2514281.0
2016-12-12,3.276,3.404,3.258,3.313,5161055.0
2016-12-09,3.194,3.294,3.194,3.267,3997332.0
2016-12-08,3.185,3.203,3.176,3.203,1330888.0
2016-12-07,3.185,3.194,3.176,3.185,1225432.0
2016-12-06,3.194,3.203,3.185,3.185,1879719.0
2016-12-05,3.185,3.203,3.167,3.194,2489244.0
2016-12-02,3.194,3.203,3.158,3.194,2436999.0
2016-12-01,3.194,3.222,3.176,3.203,1829476.0
2016-11-30,3.231,3.231,3.185,3.194,2082261.0
2016-11-29,3.222,3.249,3.194,3.24,2318710.0
2016-11-28,3.185,3.249,3.176,3.222,3597553.0
2016-11-25,3.14,3.176,3.14,3.176,2134462.0
2016-11-24,3.14,3.149,3.131,3.14,1847221.0
2016-11-23,3.112,3.167,3.112,3.14,3042022.0
2016-11-22,3.085,3.121,3.085,3.121,2675463.0
2016-11-21,3.067,3.112,3.067,3.103,2380776.0
2016-11-18,3.085,3.085,3.067,3.076,766212.0
2016-11-17,3.076,3.094,3.067,3.085,1214064.0
2016-11-16,3.085,3.085,3.067,3.085,1031188.0
2016-11-15,3.085,3.094,3.067,3.085,1079934.0
2016-11-14,3.067,3.094,3.067,3.094,2021906.0
2016-11-11,3.067,3.076,3.058,3.076,2051168.0
2016-11-10,3.067,3.085,3.058,3.076,1288245.0
2016-11-09,3.076,3.085,3.04,3.058,1949201.0
2016-11-08,3.058,3.094,3.058,3.076,2115554.0
2016-11-07,3.058,3.067,3.049,3.058,1142619.0
2016-11-04,3.067,3.076,3.049,3.067,1341744.0
2016-11-03,3.067,3.076,3.049,3.076,1177051.0
2016-11-02,3.085,3.094,3.067,3.076,1159490.0
2016-11-01,3.076,3.094,3.076,3.094,844768.0
2016-10-31,3.094,3.094,3.076,3.085,876778.0
2016-10-28,3.085,3.103,3.076,3.103,1543649.0
2016-10-27,3.103,3.103,3.067,3.085,1173967.0
2016-10-26,3.131,3.131,3.094,3.103,1058846.0
2016-10-25,3.121,3.14,3.121,3.131,1163384.0
2016-10-24,3.094,3.149,3.085,3.121,1870429.0
2016-10-21,3.085,3.094,3.067,3.094,962500.0
2016-10-20,3.085,3.094,3.076,3.085,574197.0
2016-10-19,3.085,3.103,3.076,3.076,572840.0
2016-10-18,3.058,3.094,3.058,3.085,858029.0
2016-10-17,3.076,3.076,3.058,3.058,705591.0
2016-10-14,3.076,3.076,3.058,3.076,482511.0
2016-10-13,3.085,3.085,3.067,3.076,573759.0
2016-10-12,3.094,3.094,3.076,3.085,567345.0
2016-10-11,3.094,3.103,3.085,3.094,787140.0
2016-10-10,3.076,3.094,3.067,3.094,878880.0
2016-09-30,3.058,3.076,3.058,3.067,558087.0
2016-09-29,3.058,3.067,3.058,3.067,629300.0
2016-09-28,3.076,3.076,3.049,3.058,647078.0
2016-09-27,3.067,3.085,3.049,3.076,1026919.0
2016-09-26,3.094,3.094,3.058,3.067,1427348.0
2016-09-23,3.085,3.103,3.076,3.094,614349.0
2016-09-22,3.076,3.103,3.076,3.085,831975.0
2016-09-21,3.049,3.085,3.03,3.076,1149378.0
2016-09-20,3.049,3.049,3.03,3.04,639658.0
2016-09-19,3.03,3.049,3.021,3.049,1282302.0
2016-09-14,3.067,3.076,3.021,3.04,1498286.0
2016-09-13,3.076,3.094,3.076,3.076,868210.0
2016-09-12,3.121,3.121,3.067,3.076,1722230.0
2016-09-09,3.14,3.149,3.131,3.131,555101.0
2016-09-08,3.14,3.149,3.131,3.14,679218.0
2016-09-07,3.14,3.149,3.131,3.14,1058957.0
2016-09-06,3.149,3.158,3.14,3.149,1138234.0
2016-09-05,3.158,3.167,3.14,3.149,1325549.0
2016-09-02,3.158,3.167,3.14,3.158,1109554.0
2016-09-01,3.167,3.176,3.158,3.167,1034714.0
2016-08-31,3.14,3.167,3.14,3.158,794687.0
2016-08-30,3.121,3.14,3.121,3.14,789741.0
2016-08-29,3.14,3.14,3.103,3.121,1058981.0
2016-08-26,3.14,3.149,3.131,3.14,768900.0
2016-08-25,3.14,3.149,3.121,3.149,1167287.0
2016-08-24,3.149,3.158,3.121,3.149,1214917.0
2016-08-23,3.131,3.176,3.121,3.149,2452702.0
2016-08-22,3.112,3.149,3.103,3.14,1928893.0
2016-08-19,3.112,3.121,3.103,3.121,847576.0
2016-08-18,3.121,3.14,3.103,3.112,1874897.0
2016-08-17,3.121,3.14,3.103,3.131,1562195.0
2016-08-16,3.24,3.249,3.103,3.14,6348096.0
2016-08-15,3.185,3.276,3.176,3.24,2801851.0
2016-08-12,3.085,3.194,3.076,3.185,2382773.0
2016-08-11,3.049,3.103,3.049,3.094,1910075.0
2016-08-10,3.049,3.058,3.049,3.049,720008.0
2016-08-09,3.04,3.058,3.03,3.058,827915.0
2016-08-08,3.03,3.049,3.021,3.04,634501.0
2016-08-05,3.021,3.04,3.012,3.03,672740.0
2016-08-04,3.03,3.04,3.012,3.021,833677.0
2016-08-03,3.049,3.058,3.03,3.04,820883.0
2016-08-02,3.049,3.058,3.04,3.058,598096.0
2016-08-01,3.03,3.058,3.03,3.049,1065178.0
2016-07-29,3.03,3.04,3.021,3.04,652601.0
2016-07-28,3.03,3.04,3.012,3.03,793635.0
2016-07-27,3.049,3.067,3.003,3.04,1487095.0
2016-07-26,3.021,3.058,3.021,3.058,916256.0
2016-07-25,3.003,3.03,3.003,3.03,752894.0
2016-07-22,3.003,3.012,2.994,3.003,1184222.0
2016-07-21,3.003,3.012,2.994,3.003,883799.0
2016-07-20,3.021,3.021,2.994,3.003,727818.0
2016-07-19,3.04,3.049,3.012,3.021,1024257.0
2016-07-18,3.021,3.049,3.021,3.04,1532275.0
2016-07-15,3.021,3.04,3.012,3.03,856798.0
2016-07-14,3.03,3.03,3.003,3.021,1213269.0
2016-07-13,3.003,3.049,2.994,3.04,2081149.0
2016-07-12,2.958,3.012,2.949,3.003,1857138.0
2016-07-11,2.939,2.976,2.939,2.958,973386.0
2016-07-08,2.958,2.967,2.939,2.939,630166.0
2016-07-07,2.958,2.967,2.949,2.967,890294.0
2016-07-06,2.958,2.976,2.949,2.958,971198.0
2016-07-05,2.958,2.976,2.93,2.958,1360945.0
2016-07-04,2.921,2.976,2.921,2.958,1390062.0
2016-07-01,2.921,2.93,2.912,2.93,678218.0
2016-06-30,2.903,2.93,2.894,2.921,1089704.0
2016-06-29,2.894,2.903,2.885,2.903,784269.0
2016-06-28,2.876,2.894,2.867,2.885,794821.0
2016-06-27,2.867,2.894,2.848,2.894,1307843.0
2016-06-24,2.912,2.921,2.858,2.876,1781475.0
2016-06-23,2.904,2.921,2.895,2.912,1618432.0
2016-06-22,2.886,2.912,2.878,2.904,1001740.0
2016-06-21,2.869,2.895,2.869,2.886,901219.0
2016-06-20,2.86,2.878,2.86,2.869,850959.0
2016-06-17,2.852,2.869,2.843,2.86,933502.0
2016-06-16,2.86,2.869,2.834,2.852,1221874.0
2016-06-15,2.852,2.886,2.852,2.869,892365.0
2016-06-14,2.852,2.869,2.843,2.869,531512.0
2016-06-13,2.886,2.904,2.852,2.852,934629.0
2016-06-08,2.904,2.904,2.878,2.904,685894.0
2016-06-07,2.878,2.912,2.878,2.895,875363.0
2016-06-06,2.886,2.895,2.869,2.886,551248.0
2016-06-03,2.886,2.895,2.86,2.886,749037.0
2016-06-02,2.886,2.895,2.869,2.878,730525.0
2016-06-01,2.904,2.904,2.878,2.886,983733.0
2016-05-31,2.826,2.912,2.817,2.904,2227170.0
2016-05-30,2.8,2.826,2.783,2.826,1158090.0
2016-05-27,2.791,2.8,2.783,2.8,601444.0
2016-05-26,2.8,2.8,2.774,2.791,759897.0
2016-05-25,2.8,2.809,2.791,2.791,426689.0
2016-05-24,2.809,2.817,2.791,2.8,605308.0
2016-05-23,2.8,2.817,2.791,2.817,816085.0
2016-05-20,2.791,2.8,2.783,2.8,395168.0
2016-05-19,2.791,2.8,2.783,2.791,490788.0
2016-05-18,2.8,2.809,2.757,2.8,1396846.0
2016-05-17,2.809,2.809,2.791,2.8,544257.0
2016-05-16,2.791,2.809,2.791,2.809,586124.0
2016-05-13,2.809,2.817,2.791,2.809,637055.0
2016-05-12,2.817,2.826,2.783,2.809,855186.0
2016-05-11,2.834,2.834,2.809,2.826,730314.0
2016-05-10,2.826,2.843,2.826,2.826,797682.0
2016-05-09,2.869,2.886,2.817,2.834,1191161.0
2016-05-06,2.912,2.912,2.869,2.878,1085172.0
2016-05-05,2.904,2.921,2.895,2.912,758305.0
2016-05-04,2.904,2.912,2.895,2.912,778164.0
2016-05-03,2.895,2.921,2.886,2.912,1194007.0
2016-04-29,2.904,2.912,2.886,2.895,751300.0
2016-04-28,2.904,2.912,2.886,2.912,735582.0
2016-04-27,2.912,2.912,2.895,2.895,387597.0
2016-04-26,2.904,2.912,2.886,2.904,630279.0
2016-04-25,2.895,2.904,2.878,2.895,790322.0
2016-04-22,2.886,2.912,2.878,2.895,932140.0
2016-04-21,2.886,2.912,2.878,2.886,919417.0
2016-04-20,2.93,2.93,2.843,2.904,1933271.0
2016-04-19,2.93,2.938,2.912,2.921,580064.0
2016-04-18,2.938,2.947,2.921,2.93,747747.0
2016-04-15,2.955,2.964,2.938,2.955,965985.0
2016-04-14,2.964,2.973,2.938,2.955,913375.0
2016-04-13,2.938,2.964,2.93,2.955,1668551.0
2016-04-12,2.938,2.938,2.921,2.93,657260.0
2016-04-11,2.912,2.947,2.904,2.93,1163568.0
2016-04-08,2.912,2.938,2.895,2.904,876873.0
2016-04-07,2.964,2.964,2.921,2.921,912153.0
2016-04-06,2.955,2.973,2.947,2.955,1102037.0
2016-04-05,2.93,2.973,2.93,2.964,1781043.0
2016-04-01,2.93,2.947,2.904,2.947,1443416.0
2016-03-31,2.938,2.955,2.921,2.938,1040234.0
2016-03-30,2.904,2.947,2.895,2.938,1665111.0
2016-03-29,2.895,2.912,2.878,2.886,988578.0
2016-03-28,2.904,2.921,2.878,2.895,992086.0
2016-03-25,2.895,2.921,2.886,2.904,793270.0
2016-03-24,2.921,2.93,2.895,2.895,1334777.0
2016-03-23,2.93,2.947,2.921,2.93,1103328.0
2016-03-22,2.955,2.973,2.938,2.938,1669089.0
2016-03-21,2.964,2.99,2.947,2.964,4358414.0
2016-03-18,2.955,2.973,2.938,2.964,2669339.0
2016-03-17,2.955,2.964,2.93,2.964,1603448.0
2016-03-16,2.912,2.973,2.912,2.973,3158571.0
2016-03-15,2.938,2.938,2.886,2.921,1302049.0
2016-03-14,2.93,2.964,2.912,2.938,1751002.0
2016-03-11,2.878,2.947,2.878,2.938,1325839.0
2016-03-10,2.93,2.955,2.886,2.895,1047752.0
2016-03-09,2.895,2.973,2.878,2.964,1849545.0
2016-03-08,2.912,2.947,2.852,2.938,1962784.0
2016-03-07,2.921,2.964,2.904,2.93,1814155.0
2016-03-04,2.817,2.964,2.809,2.938,5389116.0
2016-03-03,2.809,2.834,2.783,2.834,2261559.0
2016-03-02,2.765,2.826,2.757,2.817,2594574.0
2016-03-01,2.739,2.774,2.722,2.765,1655513.0
2016-02-29,2.713,2.748,2.679,2.739,2819778.0
2016-02-26,2.713,2.739,2.696,2.722,1550532.0
2016-02-25,2.8,2.809,2.688,2.696,2176432.0
2016-02-24,2.791,2.809,2.774,2.8,1012226.0
2016-02-23,2.834,2.834,2.783,2.8,1339255.0
2016-02-22,2.8,2.852,2.783,2.843,2312543.0
2016-02-19,2.783,2.791,2.765,2.783,844081.0
2016-02-18,2.8,2.817,2.783,2.791,1266233.0
2016-02-17,2.774,2.809,2.765,2.8,1360879.0
2016-02-16,2.713,2.8,2.713,2.791,1805584.0
2016-02-15,2.679,2.722,2.662,2.705,1260215.0
2016-02-05,2.757,2.774,2.739,2.748,932633.0
2016-02-04,2.748,2.774,2.739,2.757,1235656.0
2016-02-03,2.739,2.748,2.713,2.739,1264137.0
2016-02-02,2.731,2.783,2.722,2.765,1233803.0
2016-02-01,2.783,2.783,2.713,2.739,1524861.0
2016-01-29,2.731,2.8,2.731,2.783,1894631.0
2016-01-28,2.765,2.783,2.722,2.731,1473954.0
2016-01-27,2.8,2.834,2.713,2.783,2277247.0
2016-01-26,2.964,2.964,2.791,2.8,2347334.0
2016-01-25,2.981,2.99,2.955,2.973,1284820.0
2016-01-22,2.981,2.99,2.947,2.981,1497956.0
2016-01-21,2.973,3.051,2.955,2.964,2350262.0
2016-01-20,3.042,3.051,2.973,2.999,1938143.0
2016-01-19,2.99,3.085,2.973,3.051,1914460.0
2016-01-18,2.973,3.016,2.947,2.99,1629477.0
2016-01-15,3.085,3.085,2.99,3.007,1966538.0
2016-01-14,3.068,3.128,3.025,3.102,2215043.0
2016-01-13,3.154,3.163,3.094,3.094,1483164.0
2016-01-12,3.171,3.189,3.111,3.137,1815744.0
2016-01-11,3.249,3.267,3.137,3.154,2479337.0
2016-01-08,3.301,3.336,3.223,3.284,3129330.0
2016-01-07,3.344,3.344,3.232,3.275,621716.0
2016-01-06,3.327,3.37,3.31,3.362,1714399.0
2016-01-05,3.284,3.388,3.267,3.336,2766637.0
2016-01-04,3.465,3.465,3.344,3.344,2313624.0
2015-12-31,3.483,3.483,3.465,3.465,1200888.0
2015-12-30,3.491,3.491,3.465,3.483,1269779.0
2015-12-29,3.465,3.491,3.457,3.491,1501503.0
2015-12-28,3.5,3.517,3.465,3.474,2413729.0
2015-12-25,3.509,3.509,3.491,3.509,1108689.0
2015-12-24,3.517,3.526,3.474,3.509,2410578.0
2015-12-23,3.534,3.569,3.5,3.526,3769799.0
2015-12-22,3.543,3.552,3.509,3.534,2419749.0
2015-12-21,3.5,3.578,3.491,3.56,4696046.0
2015-12-18,3.509,3.595,3.491,3.526,3659702.0
2015-12-17,3.5,3.526,3.491,3.517,2208372.0
2015-12-16,3.5,3.509,3.474,3.491,1351339.0
2015-12-15,3.526,3.534,3.474,3.491,1697728.0
2015-12-14,3.457,3.552,3.457,3.543,2174700.0
2015-12-11,3.5,3.509,3.457,3.491,1717400.0
2015-12-10,3.534,3.595,3.509,3.517,1828844.0
2015-12-09,3.491,3.552,3.491,3.552,2161038.0
2015-12-08,3.534,3.552,3.491,3.509,2374131.0
2015-12-07,3.612,3.621,3.534,3.56,2959540.0
2015-12-04,3.673,3.699,3.586,3.604,5285599.0
2015-12-03,3.578,3.889,3.534,3.75,12075645.0
2015-12-02,3.457,3.647,3.439,3.612,7979804.0
2015-12-01,3.552,3.552,3.413,3.474,4329243.0
2015-11-30,3.422,3.552,3.413,3.552,6432456.0
2015-11-27,3.509,3.509,3.379,3.413,2574293.0
2015-11-26,3.526,3.534,3.5,3.517,2101011.0
2015-11-25,3.483,3.526,3.465,3.526,2493877.0
2015-11-24,3.465,3.491,3.439,3.491,2240393.0
2015-11-23,3.483,3.491,3.457,3.474,1987297.0
2015-11-20,3.526,3.526,3.483,3.5,2629124.0
2015-11-19,3.517,3.534,3.5,3.526,2027767.0
2015-11-18,3.509,3.56,3.5,3.517,2975590.0
2015-11-17,3.5,3.552,3.5,3.509,3418660.0
2015-11-16,3.448,3.517,3.439,3.5,2345098.0
2015-11-13,3.474,3.517,3.465,3.474,1956614.0
2015-11-12,3.543,3.552,3.483,3.5,2374955.0
2015-11-11,3.578,3.586,3.483,3.543,3299916.0
2015-11-10,3.578,3.647,3.552,3.586,3891310.0
2015-11-09,3.517,3.716,3.509,3.621,8862386.0
2015-11-06,3.431,3.483,3.405,3.465,4450286.0
2015-11-05,3.37,3.543,3.353,3.457,7835492.0
2015-11-04,3.292,3.396,3.284,3.396,3908129.0
2015-11-03,3.327,3.336,3.275,3.292,1529143.0
2015-11-02,3.344,3.379,3.318,3.327,1688213.0
2015-10-30,3.353,3.37,3.344,3.353,1430497.0
2015-10-29,3.37,3.379,3.353,3.362,1546497.0
2015-10-28,3.379,3.413,3.362,3.379,2309325.0
2015-10-27,3.396,3.405,3.362,3.388,1820874.0
2015-10-26,3.431,3.431,3.396,3.405,2315600.0
2015-10-23,3.413,3.422,3.388,3.413,2587485.0
2015-10-22,3.413,3.457,3.388,3.405,2906856.0
2015-10-21,3.388,3.543,3.362,3.483,6616667.0
2015-10-20,3.37,3.388,3.353,3.379,1773350.0
2015-10-19,3.396,3.405,3.344,3.379,2394922.0
2015-10-16,3.37,3.396,3.353,3.388,2813846.0
2015-10-15,3.318,3.362,3.31,3.362,2268387.0
2015-10-14,3.31,3.327,3.301,3.327,1541892.0
2015-10-13,3.327,3.336,3.31,3.318,1583958.0
2015-10-12,3.284,3.37,3.267,3.344,3689653.0
2015-10-09,3.275,3.292,3.258,3.284,1437933.0
2015-10-08,3.275,3.301,3.249,3.267,1516508.0
2015-09-30,3.223,3.241,3.206,3.215,831672.0
2015-09-29,3.249,3.258,3.206,3.215,1163349.0
2015-09-28,3.284,3.292,3.249,3.284,895371.0
2015-09-25,3.275,3.318,3.249,3.31,1909628.0
2015-09-24,3.284,3.301,3.258,3.275,1286471.0
2015-09-23,3.327,3.344,3.275,3.284,1719757.0
2015-09-22,3.327,3.353,3.31,3.344,1532168.0
2015-09-21,3.318,3.327,3.284,3.327,1725559.0
2015-09-18,3.37,3.37,3.318,3.336,1527676.0
2015-09-17,3.379,3.413,3.353,3.362,1957170.0
2015-09-16,3.353,3.448,3.31,3.405,2719779.0
2015-09-15,3.37,3.439,3.353,3.379,2769805.0
2015-09-14,3.396,3.465,3.31,3.396,3559942.0
2015-09-11,3.448,3.457,3.379,3.396,1666694.0
2015-09-10,3.422,3.491,3.405,3.457,2288869.0
2015-09-09,3.439,3.465,3.396,3.457,3002580.0
2015-09-08,3.388,3.483,3.318,3.439,3083857.0
2015-09-07,3.552,3.56,3.388,3.422,4891659.0
2015-09-02,3.396,3.707,3.327,3.664,14823482.0
2015-09-01,3.292,3.578,3.267,3.5,12554577.0
2015-08-31,3.31,3.344,3.215,3.336,5167812.0
2015-08-28,3.37,3.405,3.301,3.362,6407307.0
2015-08-27,3.171,3.37,3.128,3.362,7007252.0
2015-08-26,3.094,3.275,2.981,3.163,7664113.0
2015-08-25,3.137,3.353,2.964,3.016,8260055.0
2015-08-24,3.5,3.569,3.232,3.284,8149569.0
2015-08-21,3.586,3.673,3.552,3.586,4560851.0
2015-08-20,3.716,3.725,3.595,3.612,4495060.0
2015-08-19,3.638,3.699,3.491,3.629,6000932.0
2015-08-18,3.742,3.785,3.673,3.681,6302945.0
2015-08-17,3.759,3.776,3.725,3.742,3669922.0
2015-08-14,3.794,3.802,3.768,3.776,2891855.0
2015-08-13,3.776,3.811,3.742,3.794,3354677.0
2015-08-12,3.82,3.828,3.776,3.785,3876263.0
2015-08-11,3.863,3.871,3.82,3.846,4507533.0
2015-08-10,3.776,3.897,3.768,3.88,6484406.0
2015-08-07,3.794,3.82,3.759,3.794,3238435.0
2015-08-06,3.75,3.82,3.733,3.768,2637842.0
2015-08-05,3.846,3.863,3.785,3.794,3240538.0
2015-08-04,3.811,3.88,3.776,3.871,4419765.0
2015-08-03,3.82,3.906,3.725,3.846,6371049.0
2015-07-31,3.88,3.932,3.82,3.846,4602178.0
2015-07-30,3.992,4.001,3.897,3.906,5592335.0
2015-07-29,3.975,4.01,3.897,4.001,6725667.0
2015-07-28,3.889,4.191,3.837,4.036,9963186.0
2015-07-27,4.286,4.321,3.932,4.001,10941527.0
2015-07-24,4.364,4.39,4.312,4.329,8301113.0
2015-07-23,4.338,4.381,4.321,4.373,9342593.0
2015-07-22,4.364,4.425,4.338,4.355,9199181.0
2015-07-21,4.399,4.468,4.381,4.39,9414522.0
2015-07-20,4.407,4.537,4.373,4.459,13635799.0
2015-07-17,4.502,4.528,4.381,4.468,13292551.0
2015-07-16,4.641,4.813,4.416,4.52,18163566.0
2015-07-15,4.407,4.675,4.373,4.641,21283264.0
2015-07-14,4.399,4.623,4.243,4.52,21494604.0
2015-07-13,4.58,4.666,4.494,4.502,22197906.0
2015-07-10,4.658,5.133,4.502,4.779,32243438.0
2015-07-09,4.831,5.15,4.39,4.839,33234681.0
2015-07-08,4.407,4.839,4.191,4.831,51098974.0
2015-07-07,4.148,4.658,4.139,4.658,40711446.0
2015-07-06,4.191,4.243,3.975,4.234,39865058.0
2015-07-03,4.062,4.148,3.802,3.854,16032576.0
2015-07-02,3.974,4.24,3.791,4.165,24192366.0
2015-07-01,4.049,4.074,3.924,3.949,13714118.0
2015-06-30,3.824,4.074,3.75,4.066,18589691.0
2015-06-29,3.874,3.908,3.517,3.791,16720927.0
2015-06-26,3.883,3.982,3.6,3.766,17018223.0
2015-06-25,4.082,4.107,3.908,3.941,14958095.0
2015-06-24,3.949,3.991,3.874,3.991,11341846.0
2015-06-23,3.783,3.933,3.716,3.924,12443727.0
2015-06-19,3.891,3.982,3.741,3.766,11544981.0
2015-06-18,4.066,4.074,3.916,3.933,13532718.0
2015-06-17,4.165,4.224,4.082,4.115,18745024.0
2015-06-16,4.091,4.182,3.974,4.016,16424540.0
2015-06-15,4.224,4.224,4.107,4.124,13755346.0
2015-06-12,4.174,4.24,4.082,4.24,16942196.0
2015-06-11,4.273,4.307,4.115,4.165,19372648.0
2015-06-10,4.282,4.348,4.224,4.282,20649573.0
2015-06-09,4.365,4.54,4.257,4.398,47953531.0
2015-06-08,3.924,4.298,3.924,4.298,40917938.0
2015-06-05,3.991,4.024,3.833,3.908,17181181.0
2015-06-04,3.75,3.941,3.716,3.916,22304130.0
2015-06-03,3.75,3.766,3.675,3.725,8746949.0
2015-06-02,3.733,3.766,3.675,3.725,9195432.0
2015-06-01,3.608,3.766,3.567,3.741,10402478.0
2015-05-29,3.642,3.667,3.525,3.6,9971811.0
2015-05-28,3.858,3.874,3.633,3.642,14223913.0
2015-05-27,3.891,3.908,3.833,3.866,10519334.0
2015-05-26,3.899,3.924,3.833,3.891,11775964.0
2015-05-25,3.824,3.891,3.816,3.883,12810538.0
2015-05-22,3.733,3.8,3.708,3.8,11715602.0
2015-05-21,3.683,3.7,3.658,3.691,6856284.0
2015-05-20,3.708,3.75,3.667,3.691,8954728.0
2015-05-19,3.583,3.725,3.575,3.708,7805763.0
2015-05-18,3.658,3.658,3.583,3.6,7381777.0
2015-05-15,3.758,3.766,3.675,3.691,7777978.0
2015-05-14,3.808,3.833,3.758,3.783,6547054.0
2015-05-13,3.849,3.866,3.766,3.791,9841272.0
2015-05-12,3.783,3.824,3.75,3.808,9066671.0
2015-05-11,3.741,3.791,3.675,3.791,10936741.0
2015-05-08,3.716,3.741,3.675,3.733,7934704.0
2015-05-07,3.733,3.75,3.667,3.683,8814919.0
2015-05-06,3.808,3.899,3.683,3.75,12390733.0
2015-05-05,4.007,4.007,3.791,3.816,14696943.0
2015-05-04,4.016,4.032,3.941,4.016,10023954.0
2015-04-30,4.124,4.124,4.016,4.024,14710728.0
2015-04-29,4.157,4.165,4.032,4.132,18726488.0
2015-04-28,4.016,4.398,3.999,4.207,40179622.0
2015-04-27,3.874,4.007,3.874,3.999,18417659.0
2015-04-24,3.916,3.933,3.824,3.874,16190245.0
2015-04-23,4.041,4.057,3.949,3.991,15436009.0
2015-04-22,3.982,4.041,3.949,4.041,19871203.0
2015-04-21,3.908,3.974,3.874,3.974,17967286.0
2015-04-20,4.149,4.149,3.908,3.941,30547966.0
2015-04-17,4.074,4.157,4.016,4.099,26913188.0
2015-04-16,3.883,3.999,3.849,3.991,17080438.0
2015-04-15,3.858,3.982,3.841,3.916,23962431.0
2015-04-14,3.883,3.883,3.824,3.849,15211791.0
2015-04-13,3.866,3.924,3.808,3.891,24745134.0
2015-04-10,3.733,3.8,3.708,3.791,16040711.0
2015-04-09,3.775,3.858,3.716,3.733,19893240.0
2015-04-08,3.725,3.775,3.658,3.766,20296690.0
2015-04-07,3.675,3.733,3.667,3.716,16291483.0
2015-04-03,3.6,3.633,3.583,3.633,9841506.0
2015-04-02,3.667,3.691,3.592,3.625,12530473.0
2015-04-01,3.642,3.691,3.617,3.667,10865043.0
2015-03-31,3.758,3.808,3.625,3.642,17195465.0
2015-03-30,3.633,3.716,3.608,3.708,18071509.0
2015-03-27,3.575,3.658,3.542,3.592,10025288.25
2015-03-26,3.558,3.633,3.517,3.583,10404504.0
2015-03-25,3.658,3.691,3.558,3.575,13109786.0
2015-03-24,3.675,3.783,3.625,3.691,16444306.0
2015-03-23,3.683,3.716,3.642,3.683,14203758.0
2015-03-20,3.55,3.7,3.517,3.642,18777531.0
2015-03-19,3.6,3.608,3.525,3.55,11980994.0
2015-03-18,3.509,3.6,3.5,3.6,15405563.0
2015-03-17,3.5,3.517,3.459,3.5,12832030.0
2015-03-16,3.45,3.484,3.4,3.475,12138628.0
2015-03-13,3.492,3.55,3.425,3.45,13666984.0
2015-03-12,3.4,3.542,3.384,3.475,18517962.0
2015-03-11,3.284,3.392,3.284,3.334,12596761.0
2015-03-10,3.309,3.326,3.259,3.267,8925757.0
2015-03-09,3.201,3.376,3.168,3.351,16706547.0
2015-03-06,3.143,3.226,3.134,3.184,8042956.0
2015-03-05,3.226,3.226,3.118,3.159,12620266.0
2015-03-04,3.284,3.301,3.234,3.251,11727070.0
2015-03-03,3.384,3.392,3.292,3.301,12482212.0
2015-03-02,3.425,3.434,3.384,3.417,9968536.0
2015-02-27,3.425,3.45,3.4,3.417,9332459.0
2015-02-26,3.359,3.442,3.309,3.442,10602258.0
2015-02-25,3.409,3.409,3.351,3.367,5349275.0
2015-02-17,3.4,3.442,3.392,3.409,6381075.0
2015-02-16,3.4,3.417,3.367,3.4,6617830.0
2015-02-13,3.392,3.475,3.367,3.417,10308745.0
2015-02-12,3.4,3.4,3.334,3.376,5418692.0
2015-02-11,3.409,3.417,3.359,3.384,5217167.0
2015-02-10,3.326,3.409,3.301,3.409,8957532.0
2015-02-09,3.301,3.4,3.226,3.351,10795721.0
2015-02-06,3.367,3.425,3.292,3.334,10639286.0
2015-02-05,3.633,3.633,3.425,3.434,16586317.0
2015-02-04,3.525,3.55,3.425,3.434,11173365.0
2015-02-03,3.475,3.592,3.359,3.558,16217410.0
2015-02-02,3.525,3.575,3.425,3.434,12192489.0
2015-01-30,3.7,3.725,3.608,3.658,8637130.0
2015-01-29,3.691,3.741,3.65,3.658,11214293.0
2015-01-28,3.8,3.874,3.741,3.783,10173468.0
2015-01-27,3.949,3.958,3.766,3.849,14497534.0
2015-01-26,3.974,4.007,3.841,3.974,13862781.0
2015-01-23,4.057,4.149,3.991,4.024,17223379.0
2015-01-22,4.057,4.066,3.949,4.024,16228018.0
2015-01-21,3.733,4.074,3.667,4.066,26819060.0
2015-01-20,3.725,3.8,3.583,3.7,17514000.0
2015-01-19,3.766,3.974,3.725,3.725,21588878.0
2015-01-16,4.066,4.224,4.016,4.14,18870036.0
2015-01-15,3.816,4.066,3.75,4.049,16806697.0
2015-01-14,3.708,3.866,3.708,3.816,16732746.0
2015-01-13,3.65,3.691,3.583,3.691,9123192.0
2015-01-12,3.642,3.733,3.575,3.658,12760756.0
2015-01-09,3.558,3.958,3.517,3.716,22776193.0
2015-01-08,3.783,3.8,3.583,3.6,14892726.0
2015-01-07,3.708,3.858,3.691,3.775,15485754.0
2015-01-06,3.642,3.941,3.558,3.791,23127260.0
2015-01-05,3.475,3.741,3.475,3.675,23084548.0
2014-12-31,3.276,3.558,3.226,3.45,22782821.0
2014-12-30,3.168,3.326,3.159,3.276,16039300.0
2014-12-29,3.326,3.359,3.126,3.201,20047135.0
2014-12-26,3.085,3.201,3.035,3.176,19226610.0
2014-12-25,3.043,3.101,2.96,3.093,15866905.0
2014-12-24,3.093,3.118,2.918,2.968,14962181.0
2014-12-23,3.109,3.226,3.076,3.093,28131282.0
2014-12-22,3.043,3.234,2.993,3.234,35748323.0
2014-12-19,2.868,2.96,2.843,2.943,11112107.0
2014-12-18,2.952,2.968,2.843,2.877,10197313.0
2014-12-17,2.843,3.018,2.802,2.943,19228764.0
2014-12-16,2.727,2.827,2.71,2.827,9440924.0
2014-12-15,2.744,2.752,2.685,2.735,7096019.0
2014-12-12,2.777,2.827,2.744,2.777,6592837.0
2014-12-11,2.76,2.852,2.71,2.777,7465162.0
2014-12-10,2.752,2.852,2.644,2.819,12920134.0
2014-12-09,2.952,3.068,2.735,2.769,21885145.0
2014-12-08,2.985,3.109,2.927,3.043,25122280.0
2014-12-05,2.935,3.168,2.843,3.068,26429000.0
2014-12-04,2.827,2.943,2.76,2.935,18862470.0
2014-12-03,2.91,2.976,2.794,2.835,18009458.0
2014-12-02,2.727,3.026,2.702,2.96,17256650.0
2014-12-01,2.769,2.993,2.669,2.81,10099073.0
2014-11-28,2.561,2.769,2.552,2.769,9825207.0
2014-11-27,2.552,2.602,2.536,2.561,4124973.0
2014-11-26,2.461,2.561,2.453,2.536,3814832.0
2014-11-25,2.436,2.469,2.411,2.469,2786622.0
2014-11-24,2.411,2.469,2.394,2.444,3701035.0
2014-11-21,2.428,2.461,2.386,2.453,2380132.0
2014-11-20,2.411,2.444,2.403,2.428,1505905.0
2014-11-19,2.419,2.444,2.403,2.428,2073322.0
2014-11-18,2.503,2.511,2.419,2.436,3102613.0
2014-11-17,2.569,2.611,2.503,2.511,3178568.0
2014-11-14,2.569,2.577,2.486,2.569,4027961.0
2014-11-13,2.561,2.619,2.544,2.577,6492227.0
2014-11-12,2.544,2.561,2.478,2.561,8159840.0
2014-11-11,2.428,2.619,2.428,2.619,9860341.0
2014-11-10,2.311,2.419,2.311,2.378,2263335.0
2014-11-07,2.286,2.328,2.278,2.303,1080794.0
2014-11-06,2.295,2.303,2.278,2.286,508622.0
2014-11-05,2.32,2.328,2.286,2.295,667436.0
2014-11-04,2.311,2.328,2.295,2.32,1090696.0
2014-11-03,2.336,2.345,2.303,2.311,1088011.0
2014-10-31,2.253,2.37,2.253,2.328,3331193.0
2014-10-30,2.237,2.27,2.22,2.253,1134357.0
2014-10-29,2.195,2.245,2.195,2.237,890714.0
2014-10-28,2.17,2.195,2.162,2.195,431267.0
2014-10-27,2.212,2.22,2.145,2.17,713710.0
2014-10-24,2.22,2.228,2.212,2.212,507652.0
2014-10-23,2.22,2.228,2.212,2.22,630969.0
2014-10-22,2.212,2.228,2.212,2.228,449886.0
2014-10-21,2.22,2.228,2.212,2.22,296360.0
2014-10-20,2.228,2.228,2.212,2.228,423559.0
2014-10-17,2.22,2.228,2.212,2.22,483142.0
2014-10-16,2.212,2.245,2.212,2.22,763671.0
2014-10-15,2.212,2.228,2.203,2.22,410309.0
2014-10-14,2.212,2.228,2.212,2.212,416784.0
2014-10-13,2.228,2.228,2.212,2.22,540962.0
2014-10-10,2.237,2.245,2.22,2.237,515650.0
2014-10-09,2.237,2.245,2.228,2.245,460420.0
2014-10-08,2.237,2.245,2.228,2.237,637864.0
2014-09-30,2.237,2.245,2.228,2.245,595407.0
2014-09-29,2.237,2.245,2.22,2.228,792489.0
2014-09-26,2.237,2.245,2.228,2.237,298726.0
2014-09-25,2.253,2.261,2.237,2.245,569870.0
2014-09-24,2.22,2.253,2.22,2.245,637905.0
2014-09-23,2.22,2.237,2.212,2.228,358789.0
2014-09-22,2.253,2.261,2.22,2.22,526493.0
2014-09-19,2.261,2.261,2.245,2.261,457278.0
2014-09-18,2.245,2.27,2.237,2.261,967578.0
2014-09-17,2.253,2.253,2.237,2.245,563366.0
2014-09-16,2.261,2.286,2.245,2.261,1008785.0
2014-09-15,2.253,2.261,2.245,2.253,450264.0
2014-09-12,2.245,2.261,2.237,2.261,287132.0
2014-09-11,2.245,2.27,2.237,2.245,410295.0
2014-09-10,2.27,2.27,2.245,2.253,506795.0
2014-09-09,2.278,2.286,2.261,2.27,396914.0
2014-09-05,2.261,2.286,2.253,2.278,596399.0
2014-09-04,2.253,2.261,2.245,2.261,539364.0
2014-09-03,2.228,2.253,2.228,2.253,540834.0
2014-09-02,2.22,2.237,2.203,2.237,482807.0
2014-09-01,2.22,2.228,2.203,2.212,439487.0
2014-08-29,2.195,2.237,2.187,2.228,327463.0
2014-08-28,2.22,2.228,2.187,2.187,389448.0
2014-08-27,2.228,2.228,2.22,2.22,211953.0
2014-08-26,2.237,2.237,2.22,2.228,418433.0
2014-08-25,2.245,2.245,2.228,2.245,368740.0
2014-08-22,2.237,2.253,2.228,2.253,416038.0
2014-08-21,2.245,2.253,2.22,2.237,468963.0
2014-08-20,2.245,2.253,2.237,2.245,400265.0
2014-08-19,2.245,2.253,2.237,2.237,307244.0
2014-08-18,2.245,2.253,2.237,2.245,336811.0
2014-08-15,2.237,2.245,2.228,2.245,296591.0
2014-08-14,2.245,2.245,2.228,2.237,277330.0
2014-08-13,2.245,2.245,2.228,2.245,290198.0
2014-08-12,2.245,2.253,2.237,2.245,300654.0
2014-08-11,2.237,2.253,2.237,2.253,351056.0
2014-08-08,2.228,2.237,2.22,2.237,308125.0
2014-08-07,2.245,2.253,2.22,2.228,425168.0
2014-08-06,2.253,2.261,2.237,2.253,440816.0
2014-08-05,2.27,2.27,2.253,2.261,537556.0
2014-08-04,2.261,2.27,2.245,2.27,730780.0
2014-08-01,2.245,2.278,2.237,2.253,856231.0
2014-07-31,2.228,2.253,2.22,2.253,548182.0
2014-07-30,2.245,2.261,2.212,2.228,1104220.0
2014-07-29,2.253,2.286,2.237,2.261,1152261.0
2014-07-28,2.178,2.261,2.178,2.245,1185010.0
2014-07-25,2.162,2.178,2.153,2.17,334512.0
2014-07-24,2.137,2.17,2.128,2.153,584982.0
2014-07-23,2.128,2.137,2.128,2.128,295878.0
2014-07-22,2.128,2.137,2.12,2.137,356842.0
2014-07-21,2.137,2.137,2.12,2.137,249264.0
2014-07-18,2.128,2.137,2.12,2.137,283777.0
2014-07-17,2.128,2.137,2.12,2.137,226432.0
2014-07-16,2.137,2.137,2.128,2.137,218383.0
2014-07-15,2.137,2.137,2.12,2.137,256867.0
2014-07-14,2.12,2.137,2.12,2.128,212709.0
2014-07-11,2.112,2.137,2.103,2.12,263898.0
2014-07-10,2.112,2.12,2.103,2.112,353297.0
2014-07-09,2.137,2.145,2.12,2.128,381120.0
2014-07-08,2.137,2.145,2.12,2.145,284176.0
2014-07-07,2.145,2.153,2.12,2.145,255788.0
2014-07-04,2.153,2.162,2.145,2.153,184840.0
2014-07-03,2.137,2.162,2.128,2.153,260738.0
2014-07-02,2.128,2.145,2.128,2.145,231003.0
2014-07-01,2.128,2.137,2.12,2.128,247263.0
2014-06-30,2.12,2.128,2.112,2.12,237915.0
2014-06-27,2.145,2.145,2.103,2.112,477584.0
2014-06-26,2.137,2.144,2.121,2.137,599901.0
2014-06-25,2.121,2.137,2.114,2.137,322764.0
2014-06-24,2.114,2.129,2.106,2.121,248190.0
2014-06-23,2.121,2.129,2.106,2.106,249561.0
2014-06-20,2.098,2.121,2.09,2.121,283060.0
2014-06-19,2.129,2.129,2.098,2.098,230528.0
2014-06-18,2.144,2.144,2.114,2.129,434454.0
2014-06-17,2.16,2.168,2.144,2.144,291608.0
2014-06-16,2.152,2.175,2.144,2.168,484285.0
2014-06-13,2.129,2.16,2.121,2.16,549527.0
2014-06-12,2.114,2.129,2.106,2.129,238142.0
2014-06-11,2.114,2.121,2.106,2.114,228137.0
2014-06-10,2.09,2.114,2.09,2.114,336147.0
2014-06-09,2.083,2.106,2.075,2.098,265444.0
2014-06-06,2.106,2.114,2.075,2.083,252560.0
2014-06-05,2.09,2.114,2.083,2.106,276868.0
2014-06-04,2.098,2.106,2.075,2.098,308888.0
2014-06-03,2.067,2.106,2.067,2.098,477030.0
2014-05-30,2.075,2.075,2.06,2.06,206368.0
2014-05-29,2.083,2.083,2.067,2.075,168382.0
2014-05-28,2.067,2.083,2.067,2.075,263611.0
2014-05-27,2.067,2.075,2.067,2.067,225612.0
2014-05-26,2.067,2.075,2.06,2.075,134753.0
2014-05-23,2.06,2.067,2.052,2.067,168072.0
2014-05-22,2.052,2.067,2.044,2.06,198355.0
2014-05-21,2.036,2.06,2.029,2.052,241475.0
2014-05-20,2.044,2.052,2.036,2.044,170711.0
2014-05-19,2.044,2.052,2.036,2.044,351357.0
2014-05-16,2.036,2.052,2.036,2.044,143800.0
2014-05-15,2.036,2.052,2.036,2.044,181522.0
2014-05-14,2.044,2.052,2.029,2.044,196104.0
2014-05-13,2.036,2.044,2.029,2.044,180490.0
2014-05-12,2.013,2.044,2.013,2.036,496289.0
2014-05-09,2.006,2.013,1.998,2.013,171537.0
2014-05-08,2.006,2.013,1.998,2.013,254481.0
2014-05-07,1.998,2.013,1.998,2.006,176006.0
2014-05-06,1.998,2.006,1.99,1.998,153965.0
2014-05-05,2.013,2.013,1.99,2.006,238774.0
2014-04-30,2.013,2.021,2.006,2.006,217705.0
2014-04-29,2.021,2.021,2.006,2.013,177614.0
2014-04-28,2.021,2.029,2.006,2.021,247401.0
2014-04-25,2.013,2.029,2.006,2.013,271962.0
2014-04-24,2.013,2.021,1.998,2.006,172144.0
2014-04-23,2.021,2.029,2.006,2.013,161009.0
2014-04-22,2.006,2.036,1.982,2.029,249138.0
2014-04-21,2.021,2.036,2.006,2.006,192093.0
2014-04-18,2.021,2.036,2.013,2.029,170308.0
2014-04-17,2.036,2.036,2.021,2.029,152521.0
2014-04-16,2.021,2.044,2.013,2.029,188205.0
2014-04-15,2.052,2.06,2.021,2.021,307419.0
2014-04-14,2.06,2.075,2.036,2.06,387016.0
2014-04-11,2.052,2.075,2.044,2.067,477306.0
2014-04-10,2.029,2.06,2.021,2.06,482769.0
2014-04-09,2.036,2.052,2.029,2.029,283255.0
2014-04-08,2.006,2.044,1.99,2.036,560915.0
2014-04-04,1.982,2.006,1.982,2.006,197807.0
2014-04-03,2.006,2.006,1.982,1.99,380096.0
2014-04-02,1.998,2.006,1.99,2.006,250858.0
2014-04-01,1.99,2.006,1.982,1.998,310127.0
2014-03-31,1.99,1.998,1.975,1.998,425169.0
2014-03-28,1.982,2.013,1.975,1.99,933386.0
2014-03-27,1.967,1.998,1.959,1.975,528978.0
2014-03-26,1.952,1.967,1.952,1.959,259537.0
2014-03-25,1.952,1.959,1.944,1.959,225566.0
2014-03-24,1.959,1.967,1.936,1.959,423137.0
2014-03-21,1.898,1.959,1.89,1.952,774736.0
2014-03-20,1.898,1.921,1.89,1.898,270126.0
2014-03-19,1.905,1.913,1.882,1.905,281581.0
2014-03-18,1.913,1.921,1.898,1.905,177284.0
2014-03-17,1.913,1.921,1.905,1.913,168384.0
2014-03-14,1.921,1.921,1.89,1.905,328556.0
2014-03-13,1.898,1.952,1.898,1.921,475254.0
2014-03-12,1.898,1.905,1.882,1.89,292558.0
2014-03-11,1.898,1.898,1.89,1.898,223207.0
2014-03-10,1.913,1.921,1.89,1.898,367495.0
2014-03-07,1.928,1.944,1.921,1.921,208097.0
2014-03-06,1.913,1.928,1.905,1.928,198142.0
2014-03-05,1.928,1.928,1.905,1.921,322687.0
2014-03-04,1.928,1.928,1.913,1.928,266589.0
2014-03-03,1.936,1.944,1.921,1.928,421132.0
2014-02-28,1.944,1.952,1.928,1.936,293486.0
2014-02-27,1.944,1.959,1.928,1.952,270549.0
2014-02-26,1.952,1.959,1.928,1.936,200249.0
2014-02-25,1.952,1.967,1.936,1.959,341588.0
2014-02-24,1.982,1.99,1.936,1.952,298145.0
2014-02-21,2.006,2.013,1.975,1.99,279837.0
2014-02-20,2.021,2.036,2.006,2.013,456293.0
2014-02-19,1.959,2.06,1.952,2.029,1055675.0
2014-02-18,1.967,1.975,1.952,1.959,300070.0
2014-02-17,1.959,1.975,1.959,1.967,314238.0
2014-02-14,1.967,1.967,1.952,1.959,273423.0
2014-02-13,1.959,1.982,1.952,1.967,484988.0
2014-02-12,1.959,1.975,1.952,1.959,297368.0
2014-02-11,1.936,1.975,1.928,1.967,606532.0
2014-02-10,1.928,1.944,1.921,1.936,364737.0
2014-02-07,1.928,1.928,1.913,1.921,216226.0
2014-01-30,1.944,1.952,1.936,1.936,195957.0
2014-01-29,1.928,1.952,1.921,1.952,390610.0
2014-01-28,1.913,1.928,1.905,1.921,298072.0
2014-01-27,1.913,1.921,1.898,1.913,437152.0
2014-01-24,1.913,1.928,1.905,1.921,362897.0
2014-01-23,1.928,1.928,1.913,1.913,401742.0
2014-01-22,1.905,1.936,1.905,1.936,521029.0
2014-01-21,1.898,1.913,1.898,1.905,331435.0
2014-01-20,1.921,1.921,1.89,1.905,397978.0
2014-01-17,1.928,1.928,1.913,1.913,413264.0
2014-01-16,1.936,1.944,1.921,1.928,313815.0
2014-01-15,1.936,1.944,1.928,1.936,506141.0
2014-01-14,1.936,1.944,1.928,1.936,306263.0
2014-01-13,1.928,1.944,1.928,1.944,294693.0
2014-01-10,1.928,1.936,1.921,1.921,410090.0
2014-01-09,1.936,1.952,1.921,1.928,453398.0
2014-01-08,1.936,1.959,1.921,1.936,690879.0
2014-01-07,1.936,1.944,1.921,1.944,532938.0
2014-01-06,1.982,1.982,1.928,1.952,686747.0
2014-01-03,2.006,2.013,1.975,1.975,455177.0
2014-01-02,2.021,2.021,1.998,2.013,416325.0
2013-12-31,2.006,2.029,1.998,2.021,539903.0
2013-12-30,2.06,2.06,1.998,2.013,1143279.0
2013-12-27,2.029,2.06,2.021,2.052,271282.0
2013-12-26,2.044,2.052,2.013,2.029,211071.0
2013-12-25,2.044,2.06,2.036,2.052,142281.0
2013-12-24,2.052,2.06,2.036,2.044,165959.0
2013-12-23,2.029,2.052,2.021,2.052,233734.0
2013-12-20,2.075,2.075,2.013,2.021,342910.0
2013-12-19,2.083,2.09,2.06,2.067,239888.0
2013-12-18,2.083,2.09,2.075,2.083,181178.0
2013-12-17,2.106,2.114,2.083,2.083,257852.0
2013-12-16,2.129,2.137,2.09,2.098,397873.0
2013-12-13,2.144,2.144,2.121,2.129,347405.0
2013-12-12,2.152,2.16,2.144,2.152,145134.0
2013-12-11,2.168,2.175,2.152,2.152,194006.0
2013-12-10,2.175,2.183,2.168,2.175,173576.0
2013-12-09,2.183,2.183,2.168,2.175,214321.0
2013-12-06,2.183,2.191,2.168,2.183,317877.0
2013-12-05,2.191,2.191,2.175,2.183,248778.0
2013-12-04,2.183,2.198,2.175,2.191,744769.0
2013-12-03,2.191,2.191,2.175,2.183,522997.0
2013-12-02,2.168,2.222,2.16,2.214,1301048.0
2013-11-29,2.175,2.175,2.16,2.168,176029.0
2013-11-28,2.16,2.175,2.152,2.168,255618.0
2013-11-27,2.152,2.168,2.137,2.168,285668.0
2013-11-26,2.168,2.175,2.152,2.16,253218.0
2013-11-25,2.183,2.191,2.168,2.168,221452.0
2013-11-22,2.191,2.198,2.183,2.183,312806.0
2013-11-21,2.175,2.191,2.168,2.191,328863.0
2013-11-20,2.175,2.183,2.168,2.183,217641.0
2013-11-19,2.191,2.191,2.168,2.175,236788.0
2013-11-18,2.16,2.191,2.16,2.183,423761.0
2013-11-15,2.152,2.175,2.144,2.16,302215.0
2013-11-14,2.144,2.168,2.137,2.152,294467.0
2013-11-13,2.16,2.168,2.137,2.144,166274.0
2013-11-12,2.16,2.175,2.152,2.168,213850.0
2013-11-11,2.152,2.168,2.144,2.16,197019.0
2013-11-08,2.152,2.16,2.144,2.152,173964.0
2013-11-07,2.152,2.16,2.144,2.16,190385.0
2013-11-06,2.16,2.168,2.144,2.144,183181.0
2013-11-05,2.175,2.175,2.152,2.168,256885.0
2013-11-04,2.191,2.191,2.175,2.183,152825.0
2013-11-01,2.175,2.191,2.16,2.183,335194.0
2013-10-31,2.175,2.183,2.16,2.175,234396.0
2013-10-30,2.168,2.183,2.152,2.175,226982.0
2013-10-29,2.144,2.206,2.144,2.168,439463.0
2013-10-28,2.144,2.152,2.137,2.144,102845.0
2013-10-25,2.152,2.183,2.137,2.144,299256.0
2013-10-24,2.168,2.175,2.144,2.152,253294.0
2013-10-23,2.175,2.198,2.168,2.175,204563.0
2013-10-22,2.198,2.198,2.168,2.175,132227.0
2013-10-21,2.168,2.198,2.152,2.198,377492.0
2013-10-18,2.16,2.175,2.16,2.16,114623.0
2013-10-17,2.168,2.191,2.16,2.168,183567.0
2013-10-16,2.152,2.175,2.144,2.16,263529.0
2013-10-15,2.175,2.183,2.152,2.152,256270.0
2013-10-14,2.191,2.206,2.175,2.183,271040.0
2013-10-11,2.168,2.198,2.16,2.191,319335.0
2013-10-10,2.175,2.183,2.16,2.16,202170.0
2013-10-09,2.152,2.183,2.144,2.175,243455.0
2013-10-08,2.144,2.16,2.129,2.152,220708.0
2013-09-30,2.152,2.16,2.137,2.144,217966.0
2013-09-27,2.129,2.152,2.121,2.144,219461.0
2013-09-26,2.144,2.152,2.121,2.137,304603.0
2013-09-25,2.137,2.16,2.121,2.152,416069.0
2013-09-24,2.152,2.152,2.121,2.137,308588.0
2013-09-23,2.137,2.152,2.129,2.144,335457.0
2013-09-18,2.152,2.16,2.098,2.137,459353.0
2013-09-17,2.175,2.183,2.144,2.144,332566.0
2013-09-16,2.191,2.198,2.168,2.183,433208.0
2013-09-13,2.206,2.222,2.168,2.183,533938.0
2013-09-12,2.16,2.26,2.137,2.214,1367059.0
2013-09-11,2.175,2.198,2.16,2.168,553062.0
2013-09-10,2.191,2.206,2.137,2.191,988026.0
2013-09-09,2.075,2.245,2.067,2.198,2074316.0
2013-09-06,2.06,2.075,2.06,2.067,304576.0
2013-09-05,2.06,2.067,2.052,2.06,185268.0
2013-09-04,2.06,2.067,2.052,2.06,322138.0
2013-09-03,2.044,2.067,2.036,2.06,344654.0
2013-09-02,2.044,2.052,2.029,2.044,265831.0
2013-08-30,2.029,2.044,2.029,2.044,298303.0
2013-08-29,2.036,2.036,2.021,2.029,158545.0
2013-08-28,2.029,2.036,2.021,2.029,216429.0
2013-08-27,2.036,2.044,2.021,2.036,185157.0
2013-08-26,2.021,2.044,2.013,2.036,211126.0
2013-08-23,2.036,2.044,2.006,2.021,280702.0
2013-08-22,2.044,2.044,2.029,2.029,245935.0
2013-08-21,2.06,2.06,2.036,2.044,284176.0
2013-08-20,2.075,2.075,2.044,2.052,596280.0
2013-08-19,2.067,2.083,2.06,2.083,431442.0
2013-08-16,2.067,2.276,2.052,2.083,1074314.0
2013-08-15,2.067,2.075,2.06,2.067,171081.0
2013-08-14,2.075,2.083,2.067,2.075,192545.0
2013-08-13,2.075,2.083,2.06,2.067,193679.0
2013-08-12,2.06,2.083,2.052,2.075,276726.0
2013-08-09,2.06,2.067,2.036,2.052,132483.0
2013-08-08,2.06,2.067,2.052,2.052,117866.0
2013-08-07,2.067,2.075,2.06,2.06,145948.0
2013-08-06,2.067,2.075,2.06,2.075,127601.0
2013-08-05,2.067,2.075,2.06,2.075,129724.0
2013-08-02,2.075,2.083,2.06,2.067,138253.0
2013-08-01,2.06,2.075,2.052,2.075,301331.0
2013-07-31,2.06,2.067,2.044,2.052,125890.0
2013-07-30,2.029,2.067,2.021,2.052,268367.0
2013-07-29,2.044,2.052,2.021,2.021,158136.0
2013-07-26,2.06,2.067,2.052,2.052,124182.0
2013-07-25,2.06,2.075,2.052,2.067,218775.0
2013-07-24,2.052,2.067,2.044,2.06,216125.0
2013-07-23,2.044,2.075,2.029,2.06,214883.0
2013-07-22,2.029,2.044,2.021,2.044,203155.0
2013-07-19,2.06,2.075,2.029,2.036,264431.0
2013-07-18,2.067,2.075,2.044,2.052,216731.0
2013-07-17,2.075,2.083,2.06,2.067,236524.0
2013-07-16,2.067,2.075,2.06,2.075,184253.0
2013-07-15,2.075,2.09,2.067,2.075,242811.0
2013-07-12,2.098,2.106,2.06,2.067,389816.0
2013-07-11,2.044,2.114,2.044,2.098,603622.0
2013-07-10,2.029,2.052,2.021,2.044,154130.0
2013-07-09,2.013,2.044,2.006,2.036,203484.0
2013-07-08,2.036,2.036,2.006,2.013,189019.0
2013-07-05,2.044,2.052,2.029,2.036,142608.0
2013-07-04,2.044,2.06,2.029,2.044,197967.0
2013-07-03,2.067,2.075,2.029,2.052,310600.0
2013-07-02,2.098,2.098,2.052,2.083,367878.0
2013-07-01,2.075,2.106,2.044,2.098,539806.0
2013-06-28,2.044,2.098,2.044,2.09,656793.0
2013-06-27,1.998,2.052,1.998,2.044,529477.0
2013-06-26,1.99,2.006,1.952,1.99,457165.0
2013-06-25,1.952,1.99,1.913,1.982,626316.0
2013-06-24,2.021,2.021,1.952,1.959,537752.0
2013-06-21,2.029,2.036,2.006,2.021,342648.0
2013-06-20,2.083,2.09,2.029,2.036,307749.0
2013-06-19,2.098,2.106,2.075,2.083,248251.0
2013-06-18,2.144,2.144,2.075,2.106,520723.0
2013-06-17,2.114,2.143,2.1,2.121,486713.0
2013-06-14,2.085,2.114,2.085,2.107,339193.0
2013-06-13,2.107,2.114,2.049,2.092,772905.0
2013-06-07,2.136,2.143,2.107,2.114,249413.0
2013-06-06,2.143,2.15,2.129,2.129,223833.0
2013-06-05,2.143,2.158,2.136,2.143,170184.0
2013-06-04,2.143,2.15,2.136,2.143,211737.0
2013-06-03,2.15,2.15,2.136,2.15,339123.0
2013-05-31,2.158,2.158,2.143,2.143,171949.0
2013-05-30,2.15,2.165,2.143,2.15,219805.0
2013-05-29,2.165,2.172,2.15,2.158,280978.0
2013-05-28,2.143,2.172,2.136,2.165,439676.0
2013-05-27,2.136,2.158,2.129,2.143,256870.0
2013-05-24,2.136,2.143,2.129,2.136,161883.0
2013-05-23,2.143,2.15,2.129,2.129,308173.0
2013-05-22,2.143,2.158,2.143,2.15,304812.0
2013-05-21,2.143,2.15,2.136,2.15,199550.0
2013-05-20,2.129,2.165,2.129,2.15,626670.0
2013-05-17,2.107,2.136,2.107,2.129,475581.0
2013-05-16,2.1,2.114,2.092,2.114,357122.0
2013-05-15,2.092,2.107,2.092,2.1,175565.0
2013-05-14,2.107,2.114,2.085,2.092,243874.0
2013-05-13,2.114,2.121,2.107,2.107,171635.0
2013-05-10,2.107,2.121,2.107,2.114,238844.0
2013-05-09,2.114,2.121,2.107,2.107,321887.0
2013-05-08,2.107,2.121,2.1,2.114,375222.0
2013-05-07,2.107,2.107,2.1,2.107,201906.0
2013-05-06,2.1,2.114,2.092,2.107,389180.0
2013-05-03,2.085,2.107,2.078,2.1,457975.0
2013-05-02,2.085,2.092,2.071,2.078,473368.0
2013-04-26,2.1,2.107,2.078,2.085,347096.0
2013-04-25,2.107,2.107,2.092,2.107,207225.0
2013-04-24,2.085,2.114,2.078,2.107,352254.0
2013-04-23,2.114,2.114,2.078,2.085,312320.0
2013-04-22,2.114,2.121,2.107,2.114,276747.0
2013-04-19,2.085,2.121,2.085,2.121,542771.0
2013-04-18,2.085,2.092,2.078,2.092,214327.0
2013-04-17,2.107,2.107,2.078,2.092,307693.0
2013-04-16,2.114,2.114,2.092,2.1,355355.0
2013-04-15,2.121,2.121,2.1,2.114,357863.0
2013-04-12,2.114,2.121,2.107,2.121,220920.0
2013-04-11,2.121,2.129,2.107,2.114,156647.0
2013-04-10,2.114,2.129,2.107,2.114,146642.0
2013-04-09,2.121,2.129,2.114,2.114,175457.0
2013-04-08,2.121,2.129,2.1,2.114,325895.0
2013-04-03,2.129,2.15,2.121,2.136,238310.0
2013-04-02,2.114,2.129,2.114,2.129,182554.0
2013-04-01,2.114,2.129,2.107,2.114,184070.0
2013-03-29,2.114,2.129,2.1,2.121,220263.0
2013-03-28,2.158,2.158,2.1,2.107,878485.0
2013-03-27,2.179,2.187,2.158,2.165,300094.0
2013-03-26,2.179,2.179,2.143,2.172,305738.0
2013-03-25,2.172,2.179,2.165,2.172,299236.0
2013-03-22,2.165,2.172,2.15,2.165,202726.0
2013-03-21,2.165,2.179,2.15,2.165,332524.0
2013-03-20,2.121,2.165,2.114,2.165,687939.0
2013-03-19,2.121,2.136,2.107,2.121,417178.0
2013-03-18,2.15,2.158,2.107,2.121,434924.0
2013-03-15,2.129,2.165,2.121,2.158,494660.0
2013-03-14,2.121,2.143,2.114,2.136,242702.0
2013-03-13,2.136,2.143,2.114,2.121,201984.0
2013-03-12,2.15,2.158,2.129,2.143,397988.0
2013-03-11,2.143,2.158,2.129,2.143,243491.0
2013-03-08,2.143,2.158,2.136,2.143,271161.0
2013-03-07,2.143,2.165,2.129,2.136,483181.0
2013-03-06,2.165,2.172,2.136,2.158,569819.0
2013-03-05,2.114,2.165,2.107,2.158,617161.0
2013-03-04,2.158,2.172,2.107,2.114,695012.0
2013-03-01,2.187,2.194,2.15,2.172,536380.0
2013-02-28,2.165,2.201,2.143,2.187,776550.0
2013-02-27,2.143,2.172,2.143,2.165,492001.0
2013-02-26,2.165,2.194,2.143,2.15,449432.0
2013-02-25,2.158,2.179,2.158,2.165,340915.0
2013-02-22,2.158,2.179,2.15,2.158,469406.0
2013-02-21,2.201,2.209,2.15,2.158,814154.0
2013-02-20,2.223,2.223,2.187,2.209,521900.0
2013-02-19,2.238,2.245,2.201,2.216,561708.0
2013-02-18,2.252,2.259,2.23,2.238,526007.0
2013-02-08,2.238,2.252,2.23,2.245,503453.0
2013-02-07,2.288,2.288,2.223,2.238,1189920.0
2013-02-06,2.296,2.303,2.267,2.288,1026460.0
2013-02-05,2.325,2.347,2.288,2.296,1183436.0
2013-02-04,2.296,2.368,2.288,2.339,1337286.0
2013-02-01,2.259,2.303,2.238,2.303,1309908.0
2013-01-31,2.252,2.296,2.245,2.267,1580842.0
2013-01-30,2.194,2.267,2.179,2.259,1903446.0
2013-01-29,2.194,2.209,2.179,2.201,928843.0
2013-01-28,2.165,2.201,2.15,2.194,734598.0
2013-01-25,2.165,2.179,2.15,2.15,431931.0
2013-01-24,2.15,2.216,2.143,2.172,859654.0
2013-01-23,2.158,2.158,2.136,2.158,600974.0
2013-01-22,2.15,2.194,2.136,2.165,836331.0
2013-01-21,2.158,2.158,2.143,2.15,361484.0
2013-01-18,2.143,2.165,2.136,2.158,306870.0
2013-01-17,2.136,2.15,2.129,2.143,211516.0
2013-01-16,2.158,2.165,2.121,2.143,318390.0
2013-01-15,2.165,2.172,2.15,2.158,332012.0
2013-01-14,2.121,2.172,2.114,2.165,417750.0
2013-01-11,2.143,2.143,2.114,2.129,298591.0
2013-01-10,2.129,2.143,2.129,2.136,179424.0
2013-01-09,2.129,2.15,2.121,2.129,401221.0
2013-01-08,2.143,2.15,2.121,2.136,454213.0
2013-01-07,2.143,2.172,2.136,2.143,399265.0
2013-01-04,2.136,2.15,2.129,2.15,608343.0
2012-12-31,2.1,2.129,2.092,2.121,435902.0
2012-12-28,2.085,2.107,2.078,2.1,297187.0
2012-12-27,2.107,2.114,2.078,2.085,385265.0
2012-12-26,2.114,2.114,2.092,2.1,324977.0
2012-12-25,2.071,2.129,2.063,2.121,561872.0
2012-12-24,2.071,2.085,2.063,2.078,212980.0
2012-12-21,2.085,2.092,2.063,2.071,241885.0
2012-12-20,2.092,2.1,2.078,2.085,249119.0
2012-12-19,2.107,2.107,2.092,2.1,260960.0
2012-12-18,2.1,2.121,2.085,2.107,504665.0
2012-12-17,2.121,2.121,2.085,2.1,605558.0
2012-12-14,2.056,2.143,2.049,2.121,980181.0
2012-12-13,2.056,2.063,2.034,2.056,362950.0
2012-12-12,2.063,2.071,2.049,2.063,196429.0
2012-12-11,2.063,2.071,2.049,2.063,243162.0
2012-12-10,2.034,2.071,2.027,2.056,711084.0
2012-12-07,2.012,2.041,1.998,2.027,571773.0
2012-12-06,2.012,2.02,1.998,2.012,319551.0
2012-12-05,1.991,2.027,1.976,2.012,733231.0
2012-12-04,1.991,1.998,1.976,1.991,176325.0
2012-12-03,1.998,2.005,1.976,1.991,292620.0
2012-11-30,2.005,2.012,1.976,2.005,330530.0
2012-11-29,1.998,2.02,1.983,2.005,355402.0
2012-11-28,1.991,2.005,1.983,1.998,262503.0
2012-11-27,1.983,2.005,1.976,1.998,327693.0
2012-11-26,1.998,2.012,1.983,1.991,148260.0
2012-11-23,1.998,2.02,1.991,2.005,199390.0
2012-11-22,1.991,2.012,1.976,2.005,251415.0
2012-11-21,2.012,2.012,1.976,1.998,285626.0
2012-11-20,2.005,2.027,1.969,2.02,383019.0
2012-11-19,1.998,2.012,1.976,2.005,208076.0
2012-11-16,2.034,2.034,1.969,1.998,208299.0
2012-11-15,2.041,2.056,2.027,2.041,304830.0
2012-11-14,2.041,2.063,2.02,2.056,356534.0
2012-11-13,2.049,2.056,2.02,2.056,436578.0
2012-11-12,2.049,2.063,2.034,2.056,435046.0
2012-11-09,2.034,2.056,2.027,2.056,296897.0
2012-11-08,2.034,2.056,2.02,2.049,271541.0
2012-11-07,2.027,2.049,2.012,2.041,179267.0
2012-11-06,2.012,2.034,1.998,2.034,200149.0
2012-11-05,2.027,2.027,2.005,2.012,127269.0
2012-11-02,2.012,2.034,1.998,2.027,213003.0
2012-11-01,1.983,2.02,1.976,2.012,267068.0
2012-10-31,1.976,1.991,1.969,1.983,113045.0
2012-10-30,1.969,1.983,1.962,1.983,140815.0
2012-10-29,1.969,1.983,1.962,1.976,131019.0
2012-10-26,1.991,1.998,1.962,1.969,157050.0
2012-10-25,1.991,2.005,1.983,1.991,118064.0
2012-10-24,1.991,2.005,1.983,1.998,127860.0
2012-10-23,1.991,1.998,1.983,1.991,95744.0
2012-10-22,1.991,2.005,1.976,1.991,161719.0
2012-10-19,2.005,2.005,1.991,1.991,127934.0
2012-10-18,1.998,2.012,1.991,2.005,224848.0
2012-10-17,1.991,1.998,1.983,1.998,191369.0
2012-10-16,1.991,1.998,1.983,1.991,139589.0
2012-10-15,1.991,2.005,1.976,1.998,159353.0
2012-10-12,1.983,2.005,1.976,1.991,155693.0
2012-10-11,1.983,1.998,1.962,1.991,272167.0
2012-10-10,1.991,1.991,1.976,1.983,192806.0
2012-10-09,1.969,1.991,1.962,1.991,254397.0
2012-10-08,1.962,1.969,1.94,1.969,305810.0
2012-09-28,1.918,1.969,1.911,1.962,550080.0
2012-09-27,1.874,1.932,1.874,1.932,389998.0
2012-09-26,1.896,1.903,1.874,1.874,150665.0
2012-09-25,1.903,1.911,1.889,1.896,143150.0
2012-09-24,1.911,1.918,1.882,1.903,239423.0
2012-09-21,1.911,1.918,1.903,1.911,135699.0
2012-09-20,1.925,1.932,1.903,1.911,223442.0
2012-09-19,1.932,1.932,1.918,1.925,208516.0
2012-09-18,1.94,1.947,1.918,1.932,216124.0
2012-09-17,1.954,1.962,1.94,1.94,223871.0
2012-09-14,1.954,1.962,1.947,1.962,570484.0
2012-09-13,1.962,1.969,1.947,1.954,429959.0
2012-09-12,1.983,1.983,1.954,1.969,296975.0
2012-09-11,1.983,1.991,1.969,1.976,107528.0
2012-09-10,1.991,1.991,1.976,1.991,212675.0
2012-09-07,1.962,2.012,1.962,1.991,655742.0
2012-09-06,1.962,1.969,1.954,1.962,80976.0
2012-09-05,1.983,1.998,1.947,1.962,146526.0
2012-09-04,1.998,2.02,1.983,1.998,197563.0
2012-09-03,2.012,2.012,1.998,1.998,133912.0
2012-08-31,2.027,2.034,2.012,2.02,107608.0
2012-08-30,2.005,2.034,2.005,2.034,209931.0
2012-08-29,2.012,2.02,2.005,2.012,61567.0
2012-08-28,2.012,2.027,2.005,2.012,141807.0
2012-08-27,2.02,2.027,2.012,2.012,255836.0
2012-08-24,2.02,2.027,2.005,2.02,215600.0
2012-08-23,2.012,2.034,2.005,2.02,210056.0
2012-08-22,2.005,2.027,1.998,2.027,167690.0
2012-08-21,2.02,2.027,1.998,2.005,200688.0
2012-08-20,2.012,2.034,1.998,2.02,143033.0
2012-08-17,2.012,2.027,2.005,2.012,100581.0
2012-08-16,2.005,2.02,2.005,2.012,56795.0
2012-08-15,2.012,2.034,2.005,2.005,70890.0
2012-08-14,2.012,2.041,2.005,2.02,151030.0
2012-08-13,2.012,2.027,1.998,2.012,155818.0
2012-08-10,2.012,2.02,2.005,2.012,90151.0
2012-08-09,2.02,2.02,1.998,2.005,92358.0
2012-08-08,1.991,2.027,1.991,2.02,228606.0
2012-08-07,1.998,2.005,1.983,1.991,165511.0
2012-08-06,2.005,2.02,1.998,1.998,180622.0
2012-08-03,2.005,2.012,1.998,2.005,106359.0
2012-08-02,1.998,2.012,1.991,1.998,227137.0
2012-08-01,1.976,2.005,1.976,2.005,218376.0
2012-07-31,1.976,1.991,1.969,1.983,124438.0
2012-07-30,1.983,1.991,1.969,1.976,137705.0
2012-07-27,1.962,1.983,1.954,1.976,143529.0
2012-07-26,1.954,1.962,1.947,1.954,73961.0
2012-07-25,1.947,1.962,1.947,1.954,73102.0
2012-07-24,1.954,1.962,1.94,1.947,175335.0
2012-07-23,1.983,1.991,1.954,1.962,239801.0
2012-07-20,2.005,2.012,1.983,1.991,178316.0
2012-07-19,2.012,2.012,1.998,2.005,170093.0
2012-07-18,2.005,2.02,1.991,2.012,148303.0
2012-07-17,1.998,2.005,1.991,1.998,136963.0
2012-07-16,2.012,2.012,1.991,1.998,188159.0
2012-07-13,2.005,2.02,1.998,2.012,108305.0
2012-07-12,2.02,2.027,1.998,2.005,201150.0
2012-07-11,2.027,2.034,2.02,2.02,90430.0
2012-07-10,2.041,2.041,2.027,2.027,118887.0
2012-07-09,2.041,2.056,2.034,2.041,212490.0
2012-07-06,2.049,2.049,2.034,2.041,140698.0
2012-07-05,2.049,2.056,2.041,2.049,88379.0
2012-07-04,2.041,2.056,2.041,2.049,109303.0
2012-07-03,2.049,2.056,2.041,2.041,107331.0
2012-07-02,2.049,2.056,2.034,2.041,145218.0
2012-06-29,2.041,2.056,2.034,2.049,156975.0
2012-06-28,2.049,2.056,2.034,2.041,156421.0
2012-06-27,2.049,2.063,2.034,2.049,141752.0
2012-06-26,2.049,2.063,2.027,2.056,156090.0
2012-06-25,2.056,2.071,2.049,2.056,138452.0
2012-06-21,2.071,2.071,2.056,2.063,95299.0
2012-06-20,2.071,2.078,2.063,2.071,99585.0
2012-06-19,2.071,2.078,2.063,2.071,105407.0
2012-06-18,2.078,2.078,2.071,2.071,86378.0
2012-06-15,2.063,2.078,2.056,2.071,132636.0
2012-06-14,2.078,2.078,2.056,2.056,114203.0
2012-06-13,2.078,2.085,2.056,2.078,227640.0
2012-06-12,2.078,2.085,2.064,2.078,308111.0
2012-06-11,2.071,2.085,2.064,2.085,312084.0
2012-06-08,2.085,2.085,2.064,2.071,234863.0
2012-06-07,2.091,2.098,2.071,2.078,163521.0
2012-06-06,2.078,2.085,2.071,2.085,114736.0
2012-06-05,2.071,2.085,2.071,2.078,141551.0
2012-06-04,2.085,2.091,2.071,2.071,143065.0
2012-06-01,2.091,2.105,2.085,2.091,189918.0
2012-05-31,2.078,2.091,2.078,2.091,100632.0
2012-05-29,2.078,2.098,2.071,2.091,147205.0
2012-05-28,2.064,2.085,2.064,2.085,189516.0
2012-05-25,2.071,2.078,2.064,2.071,111313.0
2012-05-24,2.064,2.078,2.064,2.071,106964.0
2012-05-23,2.071,2.078,2.064,2.064,143107.0
2012-05-22,2.071,2.078,2.064,2.064,186905.0
2012-05-21,2.064,2.078,2.057,2.071,87149.0
2012-05-18,2.078,2.085,2.064,2.064,187022.0
2012-05-17,2.071,2.091,2.064,2.078,120284.0
2012-05-16,2.085,2.091,2.064,2.071,174747.0
2012-05-15,2.091,2.105,2.078,2.085,140711.0
2012-05-14,2.112,2.119,2.091,2.091,168996.0
2012-05-11,2.112,2.126,2.105,2.112,109956.0
2012-05-10,2.112,2.126,2.105,2.119,239979.0
2012-05-09,2.112,2.119,2.098,2.105,276735.0
2012-05-08,2.126,2.126,2.112,2.119,304959.0
2012-05-07,2.112,2.126,2.105,2.126,331421.0
2012-05-04,2.112,2.119,2.105,2.112,209672.0
2012-05-03,2.112,2.119,2.105,2.112,103863.0
2012-05-02,2.105,2.126,2.105,2.119,280416.0
2012-04-27,2.105,2.112,2.098,2.105,170677.0
2012-04-26,2.112,2.119,2.098,2.105,198110.0
2012-04-25,2.112,2.119,2.105,2.105,180088.0
2012-04-24,2.105,2.14,2.098,2.119,331086.0
2012-04-23,2.105,2.119,2.098,2.112,189082.0
2012-04-20,2.105,2.119,2.091,2.112,337363.0
2012-04-19,2.119,2.133,2.098,2.105,313794.0
2012-04-18,2.105,2.133,2.098,2.126,499320.0
2012-04-17,2.091,2.105,2.085,2.105,192288.0
2012-04-16,2.105,2.105,2.091,2.098,107785.0
2012-04-13,2.105,2.119,2.098,2.112,208197.0
2012-04-12,2.091,2.112,2.085,2.105,206872.0
2012-04-11,2.071,2.098,2.071,2.091,263888.0
2012-04-10,2.078,2.085,2.064,2.085,108129.0
2012-04-09,2.078,2.085,2.064,2.078,185133.0
2012-04-06,2.057,2.091,2.05,2.085,387463.0
2012-04-05,2.043,2.078,2.043,2.071,461298.0
2012-03-30,2.022,2.064,2.022,2.057,352797.0
2012-03-29,2.022,2.029,2.009,2.016,229789.0
2012-03-28,2.036,2.05,2.016,2.022,217330.0
2012-03-27,2.036,2.043,2.029,2.036,132575.0
2012-03-26,2.043,2.05,2.022,2.029,207416.0
2012-03-23,2.05,2.057,2.029,2.036,310278.0
2012-03-22,2.057,2.064,2.036,2.057,457469.0
2012-03-21,2.064,2.071,2.05,2.057,411447.0
2012-03-20,2.078,2.085,2.057,2.064,227717.0
2012-03-19,2.078,2.085,2.064,2.078,266592.0
2012-03-16,2.091,2.091,2.078,2.085,472861.0
2012-03-15,2.098,2.105,2.085,2.091,411386.0
2012-03-14,2.091,2.14,2.085,2.098,806499.0
2012-03-13,2.078,2.098,2.071,2.091,304857.0
2012-03-12,2.078,2.085,2.064,2.078,271382.0
2012-03-09,2.085,2.091,2.071,2.078,171072.0
2012-03-08,2.078,2.091,2.071,2.085,170254.0
2012-03-07,2.085,2.091,2.071,2.078,297935.0
2012-03-06,2.105,2.105,2.085,2.085,204581.0
2012-03-05,2.119,2.126,2.091,2.098,322195.0
2012-03-02,2.112,2.119,2.112,2.119,269065.0
2012-03-01,2.112,2.126,2.112,2.112,109635.0
2012-02-29,2.119,2.126,2.105,2.119,273015.0
2012-02-28,2.112,2.133,2.105,2.119,402318.0
2012-02-27,2.119,2.133,2.112,2.112,516106.0
2012-02-24,2.112,2.119,2.098,2.119,241051.0
2012-02-23,2.105,2.119,2.098,2.105,270556.0
2012-02-22,2.119,2.119,2.091,2.112,259031.0
2012-02-21,2.098,2.133,2.091,2.126,473186.0
2012-02-20,2.105,2.112,2.091,2.091,186307.0
2012-02-17,2.091,2.098,2.078,2.085,140274.0
2012-02-16,2.091,2.098,2.078,2.078,477798.0
2012-02-15,2.078,2.098,2.071,2.085,217833.0
2012-02-14,2.085,2.091,2.071,2.085,115584.0
2012-02-13,2.091,2.098,2.085,2.091,168931.0
2012-02-10,2.098,2.112,2.085,2.098,316029.0
2012-02-09,2.098,2.112,2.078,2.105,436909.0
2012-02-08,2.071,2.105,2.064,2.098,227963.0
2012-02-07,2.091,2.098,2.057,2.071,231551.0
2012-02-06,2.112,2.119,2.085,2.091,273513.0
2012-02-03,2.091,2.119,2.078,2.112,343278.0
2012-02-02,2.057,2.098,2.057,2.098,409079.0
2012-02-01,2.071,2.078,2.05,2.057,209108.0
2012-01-31,2.071,2.085,2.064,2.071,123759.0
2012-01-30,2.091,2.098,2.064,2.064,223371.0
2012-01-20,2.078,2.091,2.071,2.091,270831.0
2012-01-19,2.057,2.085,2.057,2.078,305841.0
2012-01-18,2.071,2.078,2.057,2.057,203973.0
2012-01-17,2.05,2.078,2.036,2.078,420519.0
2012-01-16,2.043,2.057,2.043,2.05,162598.0
2012-01-13,2.057,2.064,2.043,2.057,242634.0
2012-01-12,2.057,2.071,2.05,2.057,175009.0
2012-01-11,2.064,2.071,2.05,2.057,208161.0
2012-01-10,2.043,2.071,2.036,2.064,552521.0
2012-01-09,2.05,2.071,2.002,2.057,1391813.0
2012-01-05,2.009,2.05,2.002,2.043,389570.0
2012-01-04,2.022,2.022,2.002,2.009,183288.0
2011-12-30,2.009,2.029,1.995,2.016,294568.0
2011-12-29,1.988,2.016,1.981,2.009,200451.0
2011-12-28,1.988,1.995,1.974,1.995,146340.0
2011-12-27,1.981,2.002,1.981,1.988,122844.0
2011-12-26,1.995,2.002,1.981,1.988,125910.0
2011-12-23,2.002,2.009,1.988,2.002,146784.0
2011-12-22,2.002,2.016,1.988,1.995,243259.0
2011-12-21,2.016,2.022,2.002,2.009,144755.0
2011-12-20,2.009,2.016,1.995,2.009,144569.0
2011-12-19,2.009,2.022,1.981,2.016,251551.0
2011-12-16,1.974,2.029,1.967,2.022,322591.0
2011-12-15,1.981,1.988,1.967,1.981,139210.0
2011-12-14,1.988,1.995,1.974,1.981,116587.0
2011-12-13,1.995,2.009,1.995,1.995,91051.0
2011-12-12,2.009,2.016,1.988,2.002,116811.0
2011-12-09,2.009,2.016,2.002,2.016,61745.0
2011-12-08,2.009,2.022,1.995,2.016,98107.0
2011-12-07,2.022,2.029,2.002,2.009,134610.0
2011-12-06,2.036,2.043,2.016,2.022,97800.0
2011-12-05,2.036,2.043,2.022,2.043,152698.0
2011-12-02,2.022,2.036,2.016,2.036,179695.0
2011-12-01,2.016,2.057,2.002,2.036,449303.0
2011-11-30,2.022,2.022,1.974,1.988,202408.0
2011-11-29,2.009,2.022,2.002,2.022,104752.0
2011-11-28,1.995,2.009,1.988,2.002,115663.0
2011-11-25,1.995,2.002,1.988,1.995,129793.0
2011-11-24,2.002,2.009,1.988,2.002,146322.0
2011-11-23,2.009,2.016,1.988,1.995,133887.0
2011-11-22,2.009,2.016,2.002,2.009,111362.0
2011-11-21,2.022,2.022,2.009,2.009,109083.0
2011-11-18,2.036,2.043,2.016,2.022,127467.0
2011-11-17,2.036,2.043,2.029,2.043,95429.0
2011-11-16,2.071,2.078,2.029,2.036,222229.0
2011-11-15,2.078,2.085,2.064,2.071,78136.0
2011-11-14,2.064,2.085,2.064,2.085,165782.0
2011-11-11,2.064,2.071,2.057,2.064,88742.0
2011-11-10,2.071,2.078,2.057,2.064,140194.0
2011-11-09,2.085,2.091,2.071,2.078,112549.0
2011-11-08,2.091,2.098,2.078,2.078,106193.0
2011-11-07,2.098,2.098,2.078,2.085,185224.0
2011-11-04,2.091,2.098,2.085,2.098,185748.0
2011-11-03,2.085,2.098,2.071,2.085,376441.0
2011-11-02,2.057,2.085,2.057,2.085,234848.0
2011-11-01,2.071,2.085,2.064,2.071,192350.0
2011-10-31,2.078,2.085,2.064,2.071,232582.0
2011-10-28,2.085,2.098,2.078,2.085,260054.0
2011-10-27,2.085,2.085,2.071,2.078,199201.0
2011-10-26,2.078,2.091,2.071,2.078,270212.0
2011-10-25,2.064,2.085,2.057,2.078,257868.0
2011-10-24,2.043,2.078,2.043,2.071,227446.0
2011-10-21,2.036,2.05,2.029,2.043,109518.0
2011-10-20,2.057,2.071,2.022,2.036,261541.0
2011-10-19,2.071,2.085,2.064,2.064,150466.0
2011-10-18,2.064,2.091,2.05,2.085,592810.0
2011-10-17,2.064,2.085,2.05,2.078,367799.0
2011-10-14,2.043,2.078,2.029,2.071,482707.0
2011-10-13,2.036,2.064,2.016,2.064,660847.0
2011-10-12,2.016,2.057,1.981,2.05,476472.0
2011-10-11,2.022,2.064,1.995,2.022,527198.0
2011-10-10,1.967,1.981,1.953,1.981,169089.0
2011-09-30,1.974,1.981,1.96,1.967,141413.0
2011-09-29,1.96,1.981,1.96,1.967,169788.0
2011-09-28,1.995,1.995,1.967,1.974,133061.0
2011-09-27,1.967,1.988,1.967,1.988,138472.0
2011-09-26,1.995,2.009,1.953,1.967,215350.0
2011-09-23,1.995,2.009,1.981,1.995,263693.0
2011-09-22,2.016,2.029,1.995,1.995,227056.0
2011-09-21,2.016,2.043,2.002,2.029,493436.0
2011-09-20,2.009,2.022,2.002,2.009,78425.0
2011-09-19,2.029,2.029,2.002,2.009,161549.0
2011-09-16,2.029,2.036,2.022,2.036,129311.0
2011-09-15,2.022,2.036,2.016,2.022,172961.0
2011-09-14,2.036,2.036,2.009,2.022,168572.0
2011-09-13,2.022,2.036,2.016,2.029,107576.0
2011-09-09,2.036,2.05,2.022,2.036,139443.0
2011-09-08,2.043,2.043,2.029,2.029,113427.0
2011-09-07,2.022,2.043,2.016,2.036,192427.0
2011-09-06,2.022,2.036,2.009,2.016,192079.0
2011-09-05,2.043,2.05,2.022,2.022,175086.0
2011-09-02,2.071,2.071,2.043,2.05,111466.0
2011-09-01,2.071,2.078,2.057,2.071,124897.0
2011-08-31,2.064,2.078,2.05,2.071,134384.0
2011-08-30,2.064,2.085,2.057,2.064,248817.0
2011-08-29,2.064,2.064,2.036,2.05,178586.0
2011-08-26,2.071,2.078,2.064,2.071,200995.0
2011-08-25,2.036,2.085,2.036,2.085,373424.0
2011-08-24,2.043,2.057,2.029,2.036,104774.0
2011-08-23,2.029,2.043,2.016,2.043,163002.0
2011-08-22,2.029,2.036,2.009,2.022,138228.0
2011-08-19,2.016,2.036,2.016,2.029,183638.0
2011-08-18,2.064,2.064,2.036,2.043,154876.0
2011-08-17,2.064,2.071,2.057,2.064,126210.0
2011-08-16,2.078,2.078,2.057,2.064,185069.0
2011-08-15,2.057,2.085,2.043,2.071,266989.0
2011-08-12,2.05,2.064,2.036,2.057,223059.0
2011-08-11,2.016,2.05,2.002,2.05,234421.0
2011-08-10,2.057,2.071,2.029,2.036,291278.0
2011-08-09,2.002,2.029,1.946,2.029,653970.0
2011-08-08,2.057,2.071,2.002,2.022,381619.0
2011-08-05,2.078,2.078,2.064,2.064,321875.0
2011-08-04,2.091,2.098,2.085,2.091,102744.0
2011-08-03,2.091,2.098,2.085,2.085,168124.0
2011-08-02,2.098,2.105,2.085,2.091,205297.0
2011-08-01,2.112,2.119,2.105,2.105,177515.0
2011-07-29,2.098,2.14,2.085,2.126,353116.0
2011-07-28,2.098,2.105,2.085,2.091,188803.0
2011-07-27,2.105,2.119,2.098,2.105,281677.0
2011-07-26,2.105,2.119,2.091,2.112,172730.0
2011-07-25,2.126,2.133,2.098,2.105,314875.0
2011-07-22,2.133,2.133,2.126,2.133,111690.0
2011-07-21,2.133,2.14,2.119,2.126,133972.0
2011-07-20,2.147,2.147,2.119,2.133,242004.0
2011-07-19,2.147,2.147,2.133,2.14,228332.0
2011-07-18,2.154,2.16,2.14,2.147,189339.0
2011-07-15,2.16,2.16,2.147,2.154,158909.0
2011-07-14,2.16,2.16,2.147,2.16,157170.0
2011-07-13,2.133,2.16,2.133,2.16,179631.0
2011-07-12,2.154,2.16,2.133,2.133,234832.0
2011-07-11,2.16,2.167,2.14,2.16,230471.0
2011-07-08,2.16,2.167,2.147,2.16,171835.0
2011-07-07,2.154,2.174,2.147,2.147,327327.0
2011-07-06,2.167,2.174,2.126,2.154,496568.0
2011-07-05,2.188,2.202,2.154,2.181,460860.0
2011-07-04,2.174,2.202,2.167,2.188,393937.0
2011-07-01,2.181,2.188,2.16,2.167,308976.0
2011-06-30,2.174,2.209,2.167,2.167,422402.0
2011-06-29,2.202,2.202,2.154,2.174,377474.0
2011-06-28,2.223,2.229,2.188,2.202,174463.0
2011-06-27,2.243,2.243,2.209,2.223,229296.0
2011-06-24,2.181,2.25,2.167,2.243,765268.0
2011-06-23,2.133,2.195,2.105,2.188,677365.0
2011-06-22,2.112,2.147,2.098,2.14,342714.0
2011-06-21,2.105,2.119,2.098,2.105,184262.0
2011-06-20,2.133,2.133,2.098,2.105,206220.0
2011-06-17,2.14,2.147,2.126,2.133,143798.0
2011-06-16,2.154,2.154,2.133,2.14,178630.0
2011-06-15,2.167,2.174,2.154,2.154,120081.0
2011-06-14,2.174,2.181,2.16,2.167,206312.0
2011-06-13,2.174,2.181,2.147,2.167,204877.0
2011-06-10,2.209,2.209,2.174,2.181,304049.0
2011-06-09,2.195,2.208,2.188,2.202,488305.0
2011-06-08,2.195,2.208,2.182,2.202,262364.0
2011-06-07,2.182,2.202,2.175,2.195,192853.0
2011-06-03,2.175,2.188,2.169,2.182,133226.0
2011-06-02,2.182,2.202,2.156,2.169,295793.0
2011-06-01,2.202,2.208,2.188,2.195,221213.0
2011-05-31,2.202,2.215,2.188,2.202,232031.0
2011-05-30,2.182,2.215,2.175,2.202,329001.0
2011-05-26,2.169,2.182,2.169,2.175,178946.0
2011-05-25,2.182,2.188,2.162,2.162,190007.0
2011-05-24,2.195,2.202,2.175,2.182,230766.0
2011-05-23,2.228,2.235,2.182,2.195,450328.0
2011-05-20,2.228,2.241,2.221,2.228,197658.0
2011-05-19,2.235,2.235,2.221,2.228,142827.0
2011-05-18,2.215,2.235,2.215,2.235,164514.0
2011-05-17,2.215,2.228,2.208,2.215,164808.0
2011-05-16,2.221,2.235,2.208,2.215,345813.0
2011-05-13,2.215,2.235,2.215,2.228,210706.0
2011-05-12,2.228,2.235,2.215,2.215,194595.0
2011-05-11,2.235,2.235,2.221,2.228,149622.0
2011-05-10,2.228,2.241,2.221,2.228,154552.0
2011-05-09,2.235,2.248,2.221,2.228,168138.0
2011-05-06,2.241,2.254,2.235,2.235,221749.0
2011-05-05,2.221,2.261,2.208,2.248,555894.0
2011-05-04,2.235,2.248,2.221,2.221,526914.0
2011-05-03,2.221,2.248,2.215,2.241,363550.0
2011-04-29,2.235,2.235,2.195,2.221,443052.0
2011-04-28,2.228,2.268,2.221,2.228,722508.0
2011-04-27,2.215,2.235,2.208,2.221,363658.0
2011-04-26,2.215,2.228,2.208,2.208,356122.0
2011-04-25,2.228,2.241,2.215,2.215,423276.0
2011-04-22,2.241,2.254,2.235,2.235,300545.0
2011-04-21,2.248,2.261,2.235,2.241,432845.0
2011-04-20,2.248,2.261,2.235,2.241,362844.0
2011-04-19,2.268,2.274,2.241,2.241,514680.0
2011-04-18,2.281,2.287,2.268,2.281,404532.0
2011-04-15,2.261,2.287,2.261,2.281,479109.0
2011-04-14,2.254,2.287,2.248,2.268,752540.0
2011-04-13,2.235,2.261,2.228,2.261,496782.0
2011-04-12,2.221,2.248,2.215,2.235,578237.0
2011-04-11,2.241,2.261,2.228,2.228,607032.0
2011-04-08,2.248,2.248,2.228,2.241,416947.0
2011-04-07,2.241,2.254,2.235,2.248,546399.0
2011-04-06,2.215,2.254,2.215,2.248,924494.0
2011-04-01,2.202,2.221,2.188,2.221,469849.0
2011-03-31,2.208,2.215,2.188,2.195,362828.0
2011-03-30,2.208,2.228,2.182,2.215,794176.0
2011-03-29,2.208,2.228,2.195,2.202,897713.0
2011-03-28,2.215,2.228,2.202,2.208,610190.0
2011-03-25,2.182,2.215,2.175,2.208,793561.0
2011-03-24,2.162,2.175,2.156,2.169,293927.0
2011-03-23,2.149,2.169,2.142,2.162,277621.0
2011-03-22,2.142,2.156,2.129,2.149,327545.0
2011-03-21,2.142,2.149,2.123,2.136,341680.0
2011-03-18,2.149,2.156,2.123,2.129,362686.0
2011-03-17,2.149,2.156,2.136,2.136,220810.0
2011-03-16,2.149,2.162,2.142,2.156,250295.0
2011-03-15,2.156,2.156,2.123,2.149,425899.0
2011-03-14,2.175,2.188,2.149,2.156,577148.0
2011-03-11,2.195,2.208,2.175,2.182,367994.0
2011-03-10,2.241,2.241,2.188,2.202,670663.0
2011-03-09,2.208,2.261,2.202,2.248,1215098.0
2011-03-08,2.195,2.208,2.188,2.202,582135.0
2011-03-07,2.188,2.202,2.182,2.195,642207.0
2011-03-04,2.175,2.188,2.162,2.182,436623.0
2011-03-03,2.156,2.195,2.156,2.175,770273.0
2011-03-02,2.136,2.169,2.129,2.156,475683.0
2011-03-01,2.136,2.149,2.136,2.142,278451.0
2011-02-28,2.136,2.142,2.123,2.136,201779.0
2011-02-25,2.129,2.149,2.123,2.136,259897.0
2011-02-24,2.129,2.136,2.116,2.129,209655.0
2011-02-23,2.129,2.136,2.123,2.129,239013.0
2011-02-22,2.156,2.162,2.123,2.136,348370.0
2011-02-21,2.149,2.162,2.142,2.156,234882.0
2011-02-18,2.169,2.169,2.149,2.162,233720.0
2011-02-17,2.169,2.175,2.162,2.169,285877.0
2011-02-16,2.162,2.169,2.149,2.169,224875.0
2011-02-15,2.169,2.175,2.156,2.162,500733.0
2011-02-14,2.136,2.175,2.129,2.169,704139.0
2011-02-11,2.136,2.136,2.116,2.136,379182.0
2011-02-10,2.123,2.136,2.116,2.136,175918.0
2011-02-09,2.123,2.136,2.116,2.123,198989.0
2011-02-01,2.136,2.142,2.123,2.136,234453.0
2011-01-31,2.129,2.142,2.109,2.136,383148.0
2011-01-27,2.129,2.142,2.109,2.142,282241.0
2011-01-26,2.129,2.136,2.116,2.136,193737.0
2011-01-25,2.109,2.142,2.103,2.129,395763.0
2011-01-24,2.109,2.123,2.103,2.109,306617.0
2011-01-21,2.09,2.136,2.076,2.116,435769.0
2011-01-20,2.109,2.109,2.076,2.09,350363.0
2011-01-19,2.116,2.116,2.083,2.116,420423.0
2011-01-18,2.103,2.116,2.096,2.116,234921.0
2011-01-17,2.129,2.142,2.096,2.109,401288.0
2011-01-14,2.162,2.162,2.136,2.142,258810.0
2011-01-13,2.156,2.169,2.149,2.162,315358.0
2011-01-12,2.149,2.156,2.136,2.156,246761.0
2011-01-11,2.123,2.149,2.123,2.142,230288.0
2011-01-10,2.142,2.156,2.123,2.129,350350.0
2011-01-07,2.123,2.182,2.116,2.156,757343.0
2011-01-06,2.129,2.136,2.109,2.123,238222.0
2011-01-05,2.142,2.142,2.123,2.129,335950.0
2011-01-04,2.142,2.156,2.116,2.149,469782.0
2010-12-31,2.123,2.136,2.103,2.129,343408.0
2010-12-30,2.123,2.136,2.096,2.123,329093.0
2010-12-29,2.116,2.129,2.109,2.123,216580.0
2010-12-28,2.129,2.142,2.116,2.116,309016.0
2010-12-27,2.149,2.162,2.129,2.129,406462.0
2010-12-24,2.136,2.162,2.129,2.136,238598.0
2010-12-23,2.142,2.169,2.129,2.142,307111.0
2010-12-22,2.162,2.169,2.136,2.142,272100.0
2010-12-21,2.142,2.175,2.123,2.156,392728.0
2010-12-20,2.162,2.175,2.129,2.142,316960.0
2010-12-17,2.169,2.169,2.149,2.156,169611.0
2010-12-16,2.175,2.182,2.156,2.162,205108.0
2010-12-15,2.188,2.195,2.169,2.175,312300.0
2010-12-14,2.188,2.195,2.175,2.188,309444.0
2010-12-13,2.156,2.188,2.156,2.182,338077.0
2010-12-10,2.149,2.169,2.142,2.156,251136.0
2010-12-09,2.162,2.175,2.149,2.156,250837.0
2010-12-08,2.175,2.182,2.156,2.156,181748.0
2010-12-07,2.175,2.182,2.149,2.175,245325.0
2010-12-06,2.175,2.195,2.169,2.175,241808.0
2010-12-03,2.182,2.188,2.162,2.175,262226.0
2010-12-02,2.182,2.195,2.169,2.188,268778.0
2010-12-01,2.156,2.182,2.142,2.162,202087.0
2010-11-30,2.182,2.188,2.142,2.156,467356.0
2010-11-29,2.188,2.202,2.169,2.182,238178.0
2010-11-26,2.188,2.202,2.175,2.188,403575.0
2010-11-25,2.175,2.215,2.149,2.188,545136.0
2010-11-24,2.149,2.195,2.149,2.169,465102.0
2010-11-23,2.156,2.169,2.123,2.162,459955.0
2010-11-22,2.162,2.175,2.142,2.162,496867.0
2010-11-19,2.195,2.195,2.136,2.188,607085.0
2010-11-18,2.188,2.208,2.175,2.195,318316.0
2010-11-17,2.175,2.208,2.162,2.188,359174.0
2010-11-16,2.254,2.261,2.175,2.188,573162.0
2010-11-15,2.235,2.281,2.188,2.268,648516.0
2010-11-12,2.301,2.301,2.221,2.228,751066.0
2010-11-11,2.314,2.34,2.281,2.307,1024654.0
2010-11-02,2.307,2.32,2.281,2.3,814051.0
2010-11-01,2.268,2.307,2.262,2.307,774550.0
2010-10-29,2.275,2.281,2.249,2.268,520284.0
2010-10-28,2.256,2.268,2.243,2.268,443499.0
2010-10-27,2.243,2.275,2.237,2.249,418938.0
2010-10-26,2.275,2.288,2.23,2.243,547359.0
2010-10-25,2.243,2.281,2.224,2.275,654221.0
2010-10-22,2.262,2.281,2.224,2.237,522317.0
2010-10-21,2.3,2.307,2.256,2.268,608935.0
2010-10-20,2.3,2.345,2.281,2.307,1065354.0
2010-10-19,2.313,2.313,2.268,2.313,1085832.0
2010-10-18,2.352,2.415,2.313,2.313,2035554.0
2010-10-15,2.224,2.332,2.217,2.332,1802745.0
2010-10-14,2.205,2.262,2.205,2.237,1179713.0
2010-10-13,2.179,2.205,2.166,2.205,466597.0
2010-10-12,2.173,2.192,2.153,2.185,504638.0
2010-10-11,2.16,2.205,2.147,2.185,650640.0
2010-10-08,2.141,2.166,2.128,2.16,413644.0
2010-09-30,2.122,2.141,2.122,2.134,263547.0
2010-09-29,2.09,2.141,2.09,2.128,451235.0
2010-09-28,2.09,2.102,2.077,2.096,253268.0
2010-09-27,2.07,2.096,2.058,2.09,297931.0
2010-09-21,2.064,2.07,2.058,2.07,114099.0
2010-09-20,2.064,2.083,2.051,2.058,220176.0
2010-09-17,2.07,2.077,2.051,2.064,232131.0
2010-09-16,2.109,2.115,2.051,2.064,482067.0
2010-09-15,2.128,2.128,2.102,2.109,402966.0
2010-09-14,2.141,2.147,2.115,2.128,388931.0
2010-09-13,2.141,2.141,2.115,2.141,363347.0
2010-09-10,2.134,2.141,2.128,2.134,251137.0
2010-09-09,2.153,2.153,2.128,2.134,356427.0
2010-09-08,2.166,2.173,2.141,2.153,344264.0
2010-09-07,2.166,2.185,2.16,2.173,418986.0
2010-09-06,2.153,2.166,2.141,2.166,428033.0
2010-09-03,2.153,2.16,2.134,2.141,330558.0
2010-09-02,2.153,2.16,2.134,2.153,339680.0
2010-09-01,2.141,2.16,2.128,2.141,454867.0
2010-08-31,2.166,2.173,2.128,2.128,720077.0
2010-08-30,2.166,2.179,2.16,2.166,360931.0
2010-08-27,2.173,2.179,2.153,2.16,282633.0
2010-08-26,2.166,2.179,2.153,2.173,296811.0
2010-08-25,2.185,2.192,2.16,2.16,378458.84
2010-08-24,2.198,2.211,2.173,2.192,407447.71
2010-08-23,2.205,2.211,2.179,2.198,335904.89
2010-08-19,2.217,2.237,2.205,2.23,396781.77
2010-08-18,2.217,2.237,2.205,2.224,416480.09
2010-08-17,2.217,2.224,2.198,2.217,432826.81
2010-08-16,2.198,2.224,2.179,2.224,388025.34
2010-08-13,2.192,2.205,2.185,2.198,228527.35
2010-08-12,2.192,2.205,2.179,2.192,220053.83
2010-08-11,2.198,2.211,2.192,2.205,212650.48
2010-08-10,2.237,2.243,2.198,2.198,381919.55
2010-08-09,2.256,2.262,2.217,2.237,478212.0
2010-08-06,2.237,2.262,2.211,2.249,301160.3
2010-08-05,2.256,2.268,2.224,2.23,494053.44
2010-08-04,2.268,2.281,2.243,2.268,333138.6
2010-08-03,2.313,2.32,2.268,2.275,335987.96
2010-08-02,2.288,2.32,2.275,2.313,439775.37
2010-07-30,2.294,2.3,2.268,2.288,286972.51
2010-07-29,2.3,2.313,2.288,2.307,335150.42
2010-07-28,2.262,2.313,2.249,2.3,766577.87
2010-07-27,2.268,2.275,2.237,2.268,677734.52
2010-07-26,2.288,2.288,2.256,2.275,233305.7
2010-07-23,2.268,2.307,2.262,2.281,546723.3
2010-07-22,2.249,2.275,2.237,2.268,347963.42
2010-07-21,2.249,2.256,2.23,2.256,365727.07
2010-07-20,2.211,2.256,2.211,2.249,488050.72
2010-07-19,2.179,2.224,2.173,2.211,318191.6
2010-07-16,2.192,2.205,2.173,2.192,211938.54
2010-07-15,2.249,2.256,2.198,2.205,291119.84
2010-07-14,2.249,2.275,2.243,2.256,340337.49
2010-07-13,2.268,2.268,2.23,2.243,305793.64
2010-07-12,2.262,2.307,2.249,2.281,414699.0
2010-07-09,2.211,2.268,2.192,2.262,386011.55
2010-07-08,2.224,2.237,2.205,2.217,196427.41
2010-07-07,2.217,2.224,2.192,2.224,279122.96
2010-07-06,2.147,2.23,2.141,2.224,642890.29
2010-07-05,2.153,2.173,2.134,2.153,346958.62
2010-07-02,2.166,2.192,2.16,2.173,178186.43
2010-07-01,2.166,2.185,2.16,2.166,193629.62
2010-06-30,2.205,2.237,2.16,2.166,519338.51
2010-06-29,2.262,2.275,2.211,2.217,634369.48
2010-06-28,2.275,2.281,2.256,2.268,283771.21
2010-06-25,2.268,2.281,2.256,2.268,254129.74
2010-06-24,2.256,2.288,2.256,2.268,226529.23
2010-06-23,2.275,2.288,2.262,2.268,300926.13
2010-06-22,2.288,2.3,2.268,2.288,568559.26
2010-06-21,2.256,2.307,2.23,2.294,867162.56
2010-06-18,2.275,2.281,2.224,2.23,963964.06
2010-06-17,2.281,2.294,2.262,2.275,348690.92
2010-06-11,2.275,2.294,2.268,2.268,335613.26
2010-06-10,2.275,2.288,2.262,2.268,535988.47
2010-06-09,2.256,2.332,2.211,2.32,1131755.93
2010-06-08,2.268,2.281,2.224,2.243,852369.63
2010-06-07,2.288,2.313,2.268,2.268,896496.28
2010-06-04,2.364,2.371,2.32,2.326,846446.86
2010-06-03,2.389,2.389,2.333,2.364,1234731.26
2010-06-02,2.364,2.401,2.333,2.395,3580700.07
2010-06-01,2.5,2.524,2.432,2.524,2865519.95
2010-05-31,2.518,2.537,2.494,2.518,2097863.18
2010-05-28,2.45,2.481,2.432,2.469,959496.05
2010-05-26,2.401,2.426,2.401,2.413,238544.32
2010-05-25,2.45,2.469,2.401,2.407,604435.02
2010-05-24,2.426,2.481,2.426,2.469,704478.47
2010-05-21,2.364,2.444,2.34,2.438,691848.1
2010-05-20,2.383,2.413,2.37,2.395,433369.64
2010-05-19,2.413,2.432,2.358,2.401,570247.69
2010-05-18,2.438,2.457,2.383,2.432,845441.35
2010-05-17,2.494,2.506,2.413,2.438,833461.0
2010-05-14,2.53,2.549,2.494,2.518,377341.16
2010-05-13,2.494,2.574,2.487,2.543,1159996.06
2010-05-12,2.463,2.53,2.444,2.5,650604.73
2010-05-11,2.537,2.561,2.457,2.475,726132.4
2010-05-10,2.481,2.524,2.463,2.518,577397.55
2010-05-07,2.463,2.512,2.457,2.481,555915.43
2010-05-06,2.537,2.537,2.475,2.494,660939.41
2010-05-05,2.518,2.549,2.487,2.543,371598.72
2010-05-04,2.549,2.567,2.506,2.543,380222.68
2010-04-30,2.53,2.58,2.506,2.58,868423.98
2010-04-29,2.5,2.561,2.494,2.53,789715.78
2010-04-28,2.475,2.494,2.463,2.494,421523.05
2010-04-27,2.469,2.487,2.463,2.487,609263.25
2010-04-26,2.481,2.494,2.457,2.487,532178.93
2010-04-23,2.469,2.494,2.457,2.487,548133.89
2010-04-22,2.5,2.506,2.457,2.469,571874.78
2010-04-21,2.5,2.512,2.469,2.506,500297.3
2010-04-20,2.5,2.518,2.475,2.5,500748.66
2010-04-19,2.574,2.574,2.469,2.494,1016651.01
2010-04-16,2.617,2.623,2.58,2.586,318173.62
2010-04-15,2.617,2.623,2.592,2.617,450347.68
2010-04-14,2.635,2.641,2.598,2.617,585946.48
2010-04-13,2.611,2.654,2.604,2.641,599620.48
2010-04-12,2.623,2.635,2.598,2.611,352466.77
2010-04-09,2.611,2.635,2.604,2.623,421619.36
2010-04-08,2.623,2.635,2.598,2.604,415758.26
2010-04-07,2.641,2.647,2.604,2.623,434949.94
2010-04-06,2.647,2.66,2.635,2.641,330285.01
2010-04-02,2.654,2.666,2.629,2.641,494088.86
2010-04-01,2.647,2.672,2.635,2.654,470478.86
2010-03-31,2.691,2.691,2.635,2.641,621970.18
2010-03-30,2.678,2.697,2.66,2.691,748201.06
2010-03-29,2.623,2.703,2.617,2.684,1836763.83
2010-03-26,2.574,2.623,2.561,2.604,860112.81
2010-03-25,2.592,2.592,2.561,2.561,327134.25
2010-03-24,2.574,2.617,2.567,2.598,1255278.63
2010-03-23,2.567,2.574,2.549,2.555,406993.85
2010-03-22,2.561,2.58,2.549,2.561,553686.64
2010-03-18,2.574,2.574,2.549,2.555,342879.44
2010-03-17,2.555,2.574,2.543,2.567,275032.67
2010-03-16,2.537,2.561,2.53,2.549,267282.33
2010-03-15,2.555,2.561,2.524,2.537,254976.99
2010-03-12,2.561,2.567,2.543,2.555,239685.68
2010-03-11,2.555,2.586,2.549,2.567,400503.86
2010-03-10,2.561,2.574,2.543,2.549,270873.42
2010-03-09,2.555,2.586,2.543,2.567,594383.64
2010-03-08,2.561,2.567,2.543,2.555,196917.06
2010-03-05,2.561,2.567,2.549,2.555,197341.08
2010-03-04,2.574,2.58,2.537,2.574,394556.15
2010-03-03,2.567,2.574,2.555,2.574,292418.84
2010-03-02,2.567,2.58,2.555,2.561,252672.71
2010-03-01,2.555,2.58,2.543,2.567,371744.68
2010-02-26,2.549,2.567,2.537,2.549,290847.14
2010-02-25,2.53,2.561,2.53,2.561,576038.92
2010-02-24,2.506,2.537,2.5,2.53,245017.11
2010-02-23,2.53,2.53,2.494,2.518,311873.27
2010-02-22,2.543,2.549,2.53,2.53,208157.49
2010-02-12,2.53,2.543,2.524,2.543,255508.72
2010-02-11,2.537,2.543,2.518,2.53,241882.03
2010-02-10,2.53,2.543,2.524,2.537,186160.07
2010-02-09,2.543,2.549,2.5,2.524,386406.1
2010-02-08,2.524,2.549,2.524,2.543,186860.21
2010-02-05,2.524,2.543,2.518,2.543,287314.63
2010-02-04,2.549,2.561,2.53,2.555,349395.52
2010-02-03,2.512,2.58,2.494,2.567,864147.25
2010-02-02,2.487,2.555,2.487,2.512,530479.5
2010-02-01,2.512,2.512,2.475,2.481,376793.84
2010-01-29,2.518,2.537,2.5,2.524,335003.93
2010-01-28,2.53,2.53,2.487,2.53,432553.84
2010-01-27,2.555,2.561,2.518,2.53,697595.84
2010-01-26,2.543,2.574,2.524,2.561,768850.78
2010-01-25,2.549,2.623,2.53,2.549,1093348.66
2010-01-22,2.518,2.586,2.5,2.561,978170.97
2010-01-21,2.524,2.555,2.512,2.543,565298.36
2010-01-20,2.574,2.58,2.518,2.524,604391.89
2010-01-19,2.561,2.586,2.555,2.567,599822.07
2010-01-18,2.549,2.567,2.543,2.561,412003.84
2010-01-15,2.567,2.574,2.537,2.561,528162.82
2010-01-14,2.549,2.574,2.537,2.561,692641.93
2010-01-13,2.611,2.641,2.518,2.549,1776553.96
2010-01-12,2.623,2.666,2.604,2.66,658982.38
2010-01-11,2.734,2.764,2.586,2.629,1520499.25
2010-01-08,2.586,2.623,2.567,2.604,532527.77
2010-01-07,2.635,2.641,2.586,2.592,587199.88
2010-01-06,2.672,2.678,2.635,2.641,675833.4
2010-01-05,2.654,2.684,2.623,2.672,798832.31
2010-01-04,2.672,2.697,2.641,2.641,747071.31
2009-12-31,2.654,2.684,2.635,2.666,997069.03
2009-12-30,2.592,2.666,2.586,2.66,1872600.4
2009-12-29,2.555,2.617,2.53,2.604,877371.8
2009-12-28,2.543,2.58,2.537,2.561,558402.69
2009-12-25,2.555,2.567,2.53,2.537,494560.69
2009-12-24,2.53,2.574,2.512,2.561,702106.59
2009-12-23,2.518,2.53,2.5,2.524,443890.19
2009-12-22,2.537,2.555,2.506,2.524,665846.31
2009-12-21,2.537,2.555,2.518,2.543,582488.12
2009-12-18,2.543,2.58,2.524,2.543,691578.5
2009-12-17,2.586,2.623,2.549,2.555,675938.64
2009-12-16,2.574,2.623,2.567,2.592,598233.91
2009-12-15,2.617,2.623,2.58,2.586,642964.41
2009-12-14,2.561,2.654,2.518,2.641,1315952.82
2009-12-11,2.58,2.592,2.543,2.561,463123.39
2009-12-10,2.567,2.586,2.549,2.567,543681.9
2009-12-09,2.586,2.586,2.537,2.549,642362.36
2009-12-08,2.635,2.635,2.586,2.604,720950.9
2009-12-07,2.654,2.66,2.617,2.641,1074816.71
2009-12-04,2.555,2.647,2.537,2.647,2038022.71
2009-12-03,2.567,2.567,2.537,2.561,537081.19
2009-12-02,2.561,2.592,2.561,2.567,774053.66
2009-12-01,2.537,2.555,2.506,2.549,805526.69
2009-11-30,2.494,2.543,2.494,2.537,706264.18
2009-11-27,2.524,2.543,2.475,2.487,1193726.95
2009-11-26,2.623,2.623,2.518,2.543,1292845.92
2009-11-25,2.598,2.635,2.549,2.635,1092050.36
2009-11-24,2.697,2.721,2.611,2.617,1226590.74
2009-11-23,2.678,2.691,2.66,2.678,613115.88
2009-11-20,2.678,2.691,2.654,2.672,746721.58
2009-11-19,2.697,2.709,2.666,2.691,793850.69
2009-11-18,2.66,2.703,2.641,2.697,999299.87
2009-11-17,2.641,2.684,2.629,2.647,1071885.2
2009-11-16,2.586,2.635,2.58,2.629,1125166.2
2009-11-13,2.561,2.574,2.543,2.574,520155.52
2009-11-12,2.58,2.592,2.555,2.567,509766.49
2009-11-11,2.58,2.586,2.555,2.58,477735.01
2009-11-10,2.592,2.604,2.574,2.58,653607.61
2009-11-09,2.574,2.592,2.561,2.574,740733.76
2009-11-06,2.598,2.617,2.555,2.567,1007611.89
2009-11-05,2.555,2.592,2.537,2.586,1201258.41
2009-11-04,2.549,2.561,2.524,2.555,538406.61
2009-11-03,2.555,2.574,2.543,2.549,762767.31
2009-11-02,2.457,2.567,2.444,2.549,1062364.58
2009-10-30,2.469,2.53,2.457,2.5,921030.8
2009-10-29,2.463,2.475,2.432,2.444,535665.23
2009-10-28,2.475,2.494,2.457,2.487,470399.92
2009-10-27,2.53,2.53,2.463,2.475,811846.08
2009-10-26,2.567,2.586,2.53,2.549,799619.31
2009-10-23,2.518,2.58,2.518,2.555,906435.45
2009-10-22,2.53,2.537,2.506,2.512,425295.82
2009-10-21,2.524,2.561,2.512,2.537,1097998.74
2009-10-20,2.494,2.53,2.481,2.53,1192100.18
2009-10-19,2.457,2.494,2.444,2.487,841567.6
2009-10-16,2.487,2.494,2.438,2.457,408471.51
2009-10-15,2.494,2.506,2.475,2.487,482827.0
2009-10-14,2.481,2.506,2.475,2.487,617646.73
2009-10-13,2.45,2.481,2.444,2.481,414710.29
2009-10-12,2.5,2.518,2.45,2.457,786990.14
2009-10-09,2.426,2.463,2.42,2.463,738710.13
2009-09-30,2.37,2.426,2.346,2.401,937896.89
2009-09-29,2.364,2.377,2.315,2.37,599212.71
2009-09-28,2.383,2.395,2.346,2.364,715863.02
2009-09-25,2.389,2.407,2.358,2.377,543404.24
2009-09-24,2.377,2.42,2.333,2.401,783970.65
2009-09-23,2.401,2.42,2.364,2.383,514330.72
2009-09-22,2.426,2.469,2.389,2.401,795968.36
2009-09-21,2.42,2.444,2.383,2.438,758357.97
2009-09-18,2.5,2.512,2.42,2.426,781257.09
2009-09-17,2.481,2.512,2.481,2.5,845345.25
2009-09-16,2.487,2.494,2.444,2.463,663563.21
2009-09-15,2.512,2.518,2.469,2.494,745382.86
2009-09-14,2.512,2.524,2.487,2.512,1046751.73
2009-09-11,2.432,2.53,2.426,2.512,1367694.54
2009-09-10,2.444,2.457,2.413,2.432,816082.19
2009-09-09,2.463,2.463,2.413,2.45,741905.79
2009-09-08,2.426,2.463,2.395,2.457,844361.29
2009-09-07,2.438,2.457,2.407,2.426,766864.69
2009-09-04,2.42,2.444,2.383,2.426,944482.14
2009-09-03,2.352,2.444,2.333,2.432,1026646.57
2009-09-02,2.309,2.37,2.284,2.358,826539.46
2009-09-01,2.266,2.34,2.26,2.303,928426.06
2009-08-31,2.389,2.389,2.247,2.26,953508.6
2009-08-28,2.444,2.457,2.395,2.401,720836.0
2009-08-27,2.432,2.457,2.413,2.444,646151.94
2009-08-26,2.413,2.457,2.383,2.438,539976.38
2009-08-25,2.487,2.487,2.377,2.42,787411.9
2009-08-24,2.506,2.518,2.463,2.487,695130.4
2009-08-21,2.475,2.53,2.457,2.506,750228.45
2009-08-20,2.407,2.481,2.401,2.475,686681.76
2009-08-19,2.457,2.494,2.383,2.401,855044.44
2009-08-18,2.407,2.463,2.389,2.444,676539.38
2009-08-17,2.53,2.549,2.407,2.432,1088630.42
2009-08-14,2.623,2.623,2.555,2.561,716499.41
2009-08-13,2.604,2.666,2.555,2.641,950173.33
2009-08-12,2.678,2.691,2.58,2.611,867964.82
2009-08-11,2.678,2.691,2.641,2.684,578526.88
2009-08-10,2.715,2.734,2.629,2.672,1060591.09
2009-08-07,2.764,2.783,2.684,2.697,996962.12
2009-08-06,2.777,2.814,2.721,2.764,1048497.57
2009-08-05,2.826,2.832,2.771,2.795,1132349.09
2009-08-04,2.888,2.894,2.783,2.826,1188131.34
2009-08-03,2.906,2.912,2.844,2.881,1319528.8
2009-07-31,2.869,2.906,2.851,2.9,2230042.99
2009-07-30,2.758,2.875,2.734,2.851,2393984.57
2009-07-29,2.808,2.9,2.592,2.746,2340807.89
2009-07-28,2.844,2.857,2.808,2.832,1321464.83
2009-07-27,2.771,2.857,2.771,2.838,1899795.89
2009-07-24,2.795,2.808,2.727,2.771,1146822.67
2009-07-23,2.734,2.832,2.734,2.789,1955292.44
2009-07-22,2.709,2.752,2.703,2.734,1007250.56
2009-07-21,2.758,2.777,2.709,2.721,1247646.0
2009-07-20,2.752,2.758,2.703,2.752,1894670.89
2009-07-17,2.771,2.771,2.721,2.74,1163165.96
2009-07-16,2.771,2.808,2.727,2.777,1586862.43
2009-07-15,2.764,2.777,2.734,2.752,993503.88
2009-07-14,2.721,2.764,2.721,2.758,1058756.42
2009-07-13,2.764,2.771,2.697,2.721,1910114.9
2009-07-10,2.808,2.808,2.758,2.777,680710.85
2009-07-09,2.777,2.801,2.746,2.795,845823.52
2009-07-08,2.801,2.838,2.727,2.783,2064283.25
2009-07-07,2.9,2.912,2.82,2.838,1423647.87
2009-07-06,2.857,2.906,2.838,2.906,2141263.07
2009-07-03,2.832,2.894,2.808,2.851,1651728.87
2009-07-02,2.832,2.918,2.82,2.869,2007260.2
2009-07-01,2.746,2.857,2.691,2.851,2562971.51
2009-06-30,2.826,2.844,2.752,2.764,1301719.03
2009-06-29,2.838,2.851,2.795,2.826,1180141.87
2009-06-26,2.869,2.875,2.801,2.851,1340870.59
2009-06-25,2.814,2.868,2.79,2.85,1612546.1
2009-06-24,2.832,2.88,2.773,2.826,2437550.91
2009-06-23,2.665,2.964,2.641,2.856,3912007.05
2009-06-22,2.593,2.695,2.551,2.695,2653310.19
2009-06-19,2.521,2.593,2.491,2.569,2667252.74
2009-06-17,2.455,2.473,2.395,2.461,1017598.47
2009-06-16,2.443,2.509,2.425,2.461,1435921.79
2009-06-15,2.347,2.473,2.347,2.467,2356293.81
2009-06-12,2.389,2.425,2.323,2.353,1846747.24
2009-06-11,2.371,2.419,2.347,2.395,1994384.17
2009-06-10,2.353,2.377,2.323,2.371,1661033.36
2009-06-09,2.311,2.395,2.293,2.359,2656142.44
2009-06-08,2.21,2.377,2.192,2.323,3791986.84
2009-06-05,2.234,2.252,2.204,2.21,1339360.31
2009-06-04,2.222,2.264,2.204,2.228,2074966.09
2009-06-03,2.174,2.24,2.168,2.24,2016745.36
2009-06-02,2.204,2.21,2.168,2.174,1476994.39
2009-06-01,2.18,2.21,2.162,2.198,2044550.15
2009-05-27,2.102,2.144,2.102,2.138,813162.8
2009-05-26,2.114,2.12,2.096,2.096,461739.43
2009-05-25,2.09,2.12,2.084,2.114,505420.49
2009-05-22,2.102,2.126,2.096,2.114,398501.82
2009-05-21,2.132,2.144,2.102,2.108,839098.29
2009-05-20,2.162,2.162,2.138,2.138,663453.46
2009-05-19,2.174,2.186,2.15,2.162,806707.44
2009-05-18,2.156,2.168,2.126,2.162,620028.57
2009-05-15,2.156,2.18,2.15,2.162,623963.64
2009-05-14,2.168,2.168,2.144,2.156,802366.53
2009-05-13,2.174,2.186,2.156,2.18,1137701.8
2009-05-12,2.15,2.18,2.126,2.174,1465518.99
2009-05-11,2.192,2.258,2.162,2.162,2824796.98
2009-05-08,2.132,2.18,2.132,2.18,1975671.92
2009-05-07,2.144,2.18,2.126,2.15,1920427.87
2009-05-06,2.12,2.15,2.096,2.138,1506318.66
2009-05-05,2.138,2.156,2.114,2.126,1146668.38
2009-05-04,2.09,2.132,2.09,2.132,1217715.07
2009-04-30,2.114,2.12,2.078,2.096,1110192.43
2009-04-29,2.066,2.132,2.054,2.114,1046039.96
2009-04-28,2.066,2.09,2.06,2.078,436967.13
2009-04-27,2.066,2.102,2.06,2.072,1080017.39
2009-04-24,2.09,2.096,2.066,2.066,624346.26
2009-04-23,2.096,2.108,2.066,2.084,981524.99
2009-04-22,2.12,2.18,2.102,2.114,2098167.79
2009-04-21,2.108,2.126,2.102,2.114,851502.45
2009-04-20,2.102,2.138,2.096,2.132,1205035.33
2009-04-17,2.12,2.132,2.09,2.108,990422.96
2009-04-16,2.126,2.15,2.102,2.132,1331237.64
2009-04-15,2.132,2.132,2.09,2.12,928027.93
2009-04-14,2.132,2.132,2.102,2.132,1072918.8
2009-04-13,2.114,2.144,2.102,2.126,1353208.69
2009-04-10,2.09,2.102,2.066,2.096,966297.48
2009-04-09,2.054,2.078,2.036,2.066,712246.0
2009-04-08,2.132,2.138,2.054,2.06,1190349.36
2009-04-07,2.15,2.18,2.126,2.144,1005362.21
2009-04-03,2.126,2.18,2.114,2.144,1914406.17
2009-04-02,2.096,2.156,2.09,2.108,1779719.09
2009-04-01,2.078,2.096,2.066,2.09,984151.49
2009-03-31,2.042,2.084,2.03,2.072,762095.09
2009-03-30,2.102,2.108,2.072,2.072,672849.14
2009-03-27,2.108,2.114,2.072,2.09,1481060.49
2009-03-26,2.03,2.114,2.03,2.102,1736139.14
2009-03-25,2.09,2.09,2.03,2.03,1189316.91
2009-03-24,2.108,2.132,2.06,2.078,1646820.1
2009-03-20,2.06,2.096,2.03,2.06,1020252.24
2009-03-19,2.054,2.066,2.03,2.066,870163.15
2009-03-18,2.072,2.084,2.048,2.054,1140511.39
2009-03-17,2.036,2.084,2.012,2.072,1342934.71
2009-03-16,2.018,2.054,1.97,2.036,846283.83
2009-03-13,2.012,2.102,1.982,2.024,1255178.08
2009-03-12,2.0,2.006,1.958,2.0,662878.12
2009-03-11,2.072,2.09,2.0,2.0,1192940.33
2009-03-10,2.0,2.042,1.964,2.036,1077591.46
2009-03-09,2.15,2.186,2.018,2.036,3403660.07
2009-03-06,2.144,2.186,2.114,2.144,1750905.43
2009-03-05,2.096,2.264,2.036,2.192,3269491.05
2009-03-04,1.916,2.102,1.904,2.096,2178921.29
2009-03-03,1.904,1.922,1.886,1.916,425428.66
2009-03-02,1.916,1.94,1.898,1.922,531430.87
2009-02-27,1.892,1.964,1.868,1.928,1370887.51
2009-02-26,1.916,1.964,1.886,1.898,822848.61
2009-02-25,1.934,1.964,1.88,1.934,863259.88
2009-02-24,1.97,1.988,1.904,1.916,1155805.37
2009-02-23,1.976,2.006,1.94,2.0,931187.72
2009-02-20,1.964,1.994,1.94,1.982,805538.02
2009-02-19,1.964,1.994,1.94,1.964,808076.04
2009-02-18,2.036,2.054,1.946,1.964,1169519.5
2009-02-17,2.138,2.15,2.054,2.072,1675641.82
2009-02-16,2.03,2.138,2.018,2.132,2312508.84
2009-02-13,1.958,2.024,1.94,2.018,1715788.2
2009-02-12,1.982,1.994,1.928,1.958,856889.49
2009-02-11,1.952,2.018,1.928,1.982,1394193.16
2009-02-10,1.964,1.976,1.934,1.97,884352.03
2009-02-09,1.976,2.006,1.934,1.964,1334441.38
2009-02-06,1.886,1.982,1.88,1.964,1523051.09
2009-02-05,1.898,1.922,1.874,1.88,1011051.79
2009-02-04,1.856,1.904,1.856,1.892,1136906.99
2009-02-03,1.838,1.856,1.826,1.856,555950.49
2009-02-02,1.844,1.85,1.826,1.838,241928.83
2009-01-23,1.844,1.856,1.826,1.832,407955.37
2009-01-22,1.832,1.868,1.832,1.844,560096.74
2009-01-21,1.814,1.844,1.808,1.826,357248.19
2009-01-20,1.856,1.856,1.814,1.832,433554.24
2009-01-19,1.814,1.886,1.814,1.856,1266437.41
2009-01-16,1.773,1.826,1.773,1.796,853130.12
2009-01-15,1.773,1.784,1.761,1.767,363282.17
2009-01-14,1.749,1.79,1.743,1.79,366309.96
2009-01-13,1.767,1.767,1.743,1.749,318028.99
2009-01-12,1.779,1.79,1.767,1.779,277991.26
2009-01-09,1.755,1.79,1.749,1.784,369751.41
2009-01-08,1.779,1.779,1.749,1.761,468204.93
2009-01-07,1.826,1.826,1.796,1.796,420257.82
2009-01-06,1.802,1.832,1.784,1.832,803628.63
2009-01-05,1.796,1.808,1.779,1.802,337038.78
2008-12-31,1.779,1.79,1.761,1.779,265486.57
2008-12-30,1.808,1.808,1.773,1.779,394760.69
2008-12-29,1.82,1.826,1.767,1.808,332105.91
2008-12-26,1.82,1.832,1.808,1.826,244132.48
2008-12-25,1.826,1.838,1.808,1.82,279983.11
2008-12-24,1.832,1.85,1.814,1.826,322412.85
2008-12-23,1.886,1.886,1.832,1.844,611675.04
2008-12-22,1.898,1.898,1.862,1.874,358358.32
2008-12-19,1.904,1.922,1.892,1.898,479411.81
2008-12-18,1.886,1.934,1.856,1.916,605047.01
2008-12-17,1.892,1.898,1.856,1.88,471233.3
2008-12-16,1.886,1.892,1.844,1.886,349069.38
2008-12-15,1.904,1.922,1.874,1.892,349585.01
2008-12-12,1.946,1.946,1.868,1.892,638472.09
2008-12-11,1.988,2.006,1.946,1.946,675570.35
2008-12-10,1.952,2.006,1.934,2.0,883640.33
2008-12-09,2.012,2.018,1.958,1.964,893906.12
2008-12-08,1.982,2.018,1.946,2.012,1371680.0
2008-12-05,1.946,1.97,1.928,1.964,570833.74
2008-12-04,1.964,2.018,1.958,1.964,1165321.3
2008-12-03,1.892,1.934,1.88,1.934,671761.82
2008-12-02,1.856,1.886,1.838,1.874,368231.6
2008-12-01,1.868,1.886,1.838,1.88,295592.56
2008-11-28,1.928,1.934,1.862,1.862,543835.54
2008-11-27,2.036,2.06,1.94,1.946,782524.77
2008-11-26,1.934,1.946,1.91,1.934,264360.59
2008-11-25,1.964,1.982,1.904,1.928,348096.25
2008-11-24,1.982,2.0,1.928,1.934,352943.53
2008-11-21,1.982,2.054,1.928,2.0,697099.45
2008-11-20,2.03,2.066,2.006,2.03,598812.2
2008-11-19,1.994,2.09,1.97,2.084,976491.79
2008-11-18,2.078,2.096,1.97,2.018,909267.16
2008-11-17,2.036,2.09,2.024,2.078,854953.22
2008-11-14,2.012,2.036,1.982,2.03,904420.42
2008-11-13,1.922,2.012,1.91,2.0,1101101.91
2008-11-12,1.91,1.964,1.898,1.946,298822.42
2008-11-11,1.964,1.994,1.916,1.94,555630.46
2008-11-10,1.892,1.982,1.886,1.97,1014725.91
2008-11-07,1.82,1.904,1.814,1.868,334986.31
2008-11-06,1.844,1.85,1.82,1.844,315772.56
2008-11-05,1.808,1.916,1.808,1.88,931001.58
2008-11-04,1.814,1.826,1.784,1.82,229877.75
2008-11-03,1.808,1.844,1.796,1.82,228796.21
2008-10-31,1.814,1.838,1.796,1.808,226040.18
2008-10-30,1.796,1.85,1.79,1.814,365062.33
2008-10-29,1.856,1.868,1.79,1.79,424702.42
2008-10-28,1.755,1.874,1.737,1.856,638780.24
2008-10-27,1.832,1.832,1.779,1.779,407349.42
2008-10-24,1.832,1.886,1.802,1.874,461763.61
2008-10-23,1.844,1.844,1.784,1.832,362919.34
2008-10-22,1.886,1.898,1.856,1.862,258582.68
2008-10-21,1.94,1.946,1.898,1.898,290886.1
2008-10-20,1.904,1.94,1.88,1.934,308288.32
2008-10-17,1.886,1.922,1.874,1.904,382722.64
2008-10-16,1.862,1.91,1.85,1.886,482603.12
2008-10-15,1.916,1.952,1.886,1.934,490797.11
2008-10-14,2.054,2.072,1.916,1.922,1007222.61
2008-10-13,1.844,1.994,1.808,1.988,1061145.86
2008-10-10,1.934,1.934,1.844,1.862,1423788.0
2008-10-09,2.06,2.078,1.976,1.988,416488.89
2008-10-08,2.036,2.084,1.976,2.0,447108.23
2008-10-07,2.03,2.126,1.964,2.096,483993.06
2008-10-06,2.192,2.192,2.084,2.084,496141.69
2008-09-26,2.24,2.24,2.132,2.192,700394.37
2008-09-25,2.18,2.264,2.156,2.216,999664.05
2008-09-24,2.126,2.186,2.096,2.18,808624.89
2008-09-23,2.222,2.287,2.156,2.204,2697185.76
2008-09-22,2.216,2.216,2.216,2.216,567589.0
2008-09-19,2.012,2.012,2.012,2.012,217073.45
2008-09-18,1.725,1.862,1.689,1.826,647620.11
2008-09-17,1.856,1.892,1.767,1.779,499540.52
2008-09-16,2.036,2.036,1.88,1.898,585890.71
2008-09-12,2.096,2.102,2.066,2.09,123773.62
2008-09-11,2.126,2.138,2.072,2.084,176134.7
2008-09-10,2.096,2.168,2.072,2.138,349317.7
2008-09-09,2.132,2.144,2.066,2.108,193400.86
2008-09-08,2.126,2.174,2.096,2.108,295727.82
2008-09-05,2.114,2.114,2.078,2.084,141393.3
2008-09-04,2.132,2.156,2.12,2.132,130339.04
2008-09-03,2.138,2.144,2.114,2.132,134595.62
2008-09-02,2.144,2.15,2.114,2.138,141951.18
2008-09-01,2.204,2.204,2.144,2.144,216816.73
2008-08-29,2.216,2.234,2.186,2.216,261942.0
2008-08-28,2.174,2.21,2.162,2.186,181117.41
2008-08-27,2.132,2.192,2.114,2.168,313970.51
2008-08-26,2.18,2.216,2.114,2.132,244962.16
2008-08-25,2.198,2.222,2.156,2.186,182976.36
2008-08-22,2.192,2.216,2.138,2.204,240936.11
2008-08-21,2.246,2.27,2.18,2.186,420503.94
2008-08-20,2.066,2.287,2.036,2.27,684955.41
2008-08-19,2.066,2.09,2.042,2.078,154964.87
2008-08-18,2.168,2.174,2.066,2.072,198241.24
2008-08-15,2.138,2.174,2.126,2.156,149846.84
2008-08-14,2.15,2.162,2.12,2.138,127853.54
2008-08-13,2.174,2.18,2.114,2.15,204427.59
2008-08-12,2.174,2.228,2.12,2.186,283130.83
2008-08-11,2.299,2.305,2.162,2.186,436791.94
2008-08-08,2.395,2.395,2.27,2.293,348403.51
2008-08-07,2.395,2.413,2.347,2.395,171176.99
2008-08-06,2.383,2.425,2.359,2.395,207092.11
2008-08-05,2.389,2.407,2.359,2.365,196482.76
2008-08-04,2.419,2.419,2.371,2.383,208232.04
2008-08-01,2.395,2.449,2.359,2.431,313172.74
2008-07-31,2.425,2.431,2.383,2.389,232883.44
2008-07-30,2.437,2.443,2.395,2.419,247511.18
2008-07-29,2.431,2.431,2.401,2.413,346604.32
2008-07-28,2.443,2.479,2.437,2.455,443512.67
2008-07-25,2.437,2.443,2.407,2.431,353138.59
2008-07-24,2.437,2.467,2.425,2.461,434429.34
2008-07-23,2.455,2.473,2.425,2.431,278859.4
2008-07-22,2.443,2.455,2.413,2.449,391992.21
2008-07-21,2.395,2.455,2.389,2.443,398667.12
2008-07-18,2.389,2.425,2.359,2.419,406873.41
2008-07-17,2.401,2.425,2.365,2.377,282678.58
2008-07-16,2.413,2.431,2.353,2.377,407914.13
2008-07-15,2.509,2.515,2.419,2.431,433975.74
2008-07-14,2.497,2.533,2.455,2.509,260030.14
2008-07-11,2.527,2.539,2.479,2.503,275215.97
2008-07-10,2.545,2.575,2.515,2.533,462477.52
2008-07-09,2.503,2.605,2.503,2.575,800253.35
2008-07-08,2.515,2.539,2.461,2.491,411551.44
2008-07-07,2.407,2.515,2.407,2.497,460077.56
2008-07-04,2.431,2.437,2.395,2.407,171680.37
2008-07-03,2.371,2.449,2.347,2.413,283842.51
2008-07-02,2.395,2.419,2.371,2.401,185026.86
2008-07-01,2.431,2.437,2.371,2.383,199913.71
2008-06-30,2.425,2.443,2.401,2.425,196431.77
2008-06-27,2.503,2.503,2.401,2.425,527803.9
2008-06-26,2.568,2.574,2.504,2.545,381929.26
2008-06-25,2.475,2.592,2.463,2.568,661978.29
2008-06-24,2.44,2.498,2.422,2.481,235278.78
2008-06-23,2.434,2.469,2.41,2.44,169698.97
2008-06-20,2.381,2.551,2.352,2.457,493779.68
2008-06-19,2.516,2.516,2.364,2.369,305391.9
2008-06-18,2.434,2.533,2.399,2.516,399285.85
2008-06-17,2.457,2.486,2.416,2.44,248274.62
2008-06-16,2.457,2.492,2.41,2.451,263849.2
2008-06-13,2.469,2.481,2.434,2.451,282769.47
2008-06-12,2.522,2.539,2.422,2.457,330327.83
2008-06-11,2.533,2.557,2.504,2.522,298723.52
2008-06-10,2.685,2.685,2.522,2.533,510994.38
2008-06-06,2.756,2.773,2.744,2.75,152203.41
2008-06-05,2.773,2.791,2.738,2.756,168943.36
2008-06-04,2.785,2.808,2.744,2.773,255355.43
2008-06-03,2.826,2.837,2.767,2.791,240418.65
2008-06-02,2.779,2.855,2.756,2.82,378137.0
2008-05-30,2.767,2.797,2.756,2.785,186116.15
2008-05-29,2.814,2.814,2.767,2.767,193005.52
2008-05-28,2.767,2.832,2.744,2.82,332556.79
2008-05-27,2.75,2.802,2.744,2.767,228309.06
2008-05-26,2.797,2.808,2.744,2.761,306249.29
2008-05-23,2.802,2.837,2.756,2.808,284631.35
2008-05-22,2.82,2.826,2.785,2.797,294163.44
2008-05-21,2.791,2.843,2.72,2.837,452102.9
2008-05-20,2.878,2.902,2.785,2.797,449643.0
2008-05-19,2.902,2.902,2.861,2.878,257713.83
2008-05-16,2.914,2.937,2.878,2.902,367792.25
2008-05-15,2.96,2.96,2.919,2.919,477211.95
2008-05-14,2.878,2.954,2.878,2.949,526415.54
2008-05-13,2.861,2.908,2.826,2.89,533879.52
2008-05-12,2.908,2.954,2.873,2.931,362670.47
2008-05-09,2.96,2.978,2.884,2.925,513572.0
2008-05-08,2.919,2.972,2.896,2.96,433425.21
2008-05-07,3.013,3.042,2.925,2.925,630904.38
2008-05-06,3.066,3.066,3.013,3.025,560627.79
2008-05-05,3.089,3.13,3.036,3.077,934236.72
2008-04-30,2.984,3.101,2.984,3.071,1557578.69
2008-04-29,2.943,3.019,2.943,2.978,636364.24
2008-04-28,2.925,2.949,2.902,2.908,479326.17
2008-04-25,3.019,3.019,2.943,2.96,1029423.06
2008-04-24,2.984,3.071,2.919,3.048,2317787.63
2008-04-23,2.703,2.82,2.668,2.797,712932.35
2008-04-22,2.68,2.744,2.603,2.726,474037.25
2008-04-21,2.808,2.808,2.662,2.691,430044.71
2008-04-18,2.738,2.738,2.633,2.639,398372.3
2008-04-17,2.82,2.855,2.726,2.75,336842.28
2008-04-16,2.855,2.867,2.814,2.82,181035.53
2008-04-15,2.837,2.861,2.785,2.855,379319.59
2008-04-14,2.914,2.919,2.837,2.843,527647.25
2008-04-11,2.972,2.984,2.919,2.954,284992.44
2008-04-10,2.908,2.984,2.878,2.96,427474.44
2008-04-09,3.036,3.036,2.914,2.919,616833.56
2008-04-08,3.066,3.071,2.995,3.036,641259.17
2008-04-07,2.995,3.071,2.972,3.066,876384.26
2008-04-03,2.931,3.013,2.902,3.013,748900.51
2008-04-02,2.902,3.031,2.896,2.949,1242535.32
2008-04-01,2.931,2.966,2.843,2.861,587446.31
2008-03-31,2.902,2.978,2.873,2.931,489386.67
2008-03-28,2.867,3.042,2.837,2.99,1333377.26
2008-03-27,2.914,2.919,2.855,2.878,348855.2
2008-03-26,2.984,3.042,2.914,2.937,357239.96
2008-03-25,2.89,2.949,2.837,2.931,400900.59
2008-03-24,2.972,2.99,2.896,2.896,418615.83
2008-03-21,2.96,2.99,2.914,2.954,630106.43
2008-03-20,2.919,3.001,2.797,2.96,753229.94
2008-03-19,2.914,2.978,2.896,2.943,647528.26
2008-03-18,2.96,3.025,2.837,2.878,587428.7
2008-03-17,3.042,3.042,2.943,2.96,402060.93
2008-03-14,3.089,3.107,3.007,3.042,400413.12
2008-03-13,3.13,3.13,3.036,3.089,529423.78
2008-03-12,3.253,3.282,3.136,3.148,384990.96
2008-03-11,3.177,3.212,3.148,3.2,259180.79
2008-03-10,3.224,3.229,3.159,3.177,446685.71
2008-03-07,3.253,3.282,3.224,3.247,331302.02
2008-03-06,3.247,3.358,3.194,3.288,731603.43
2008-03-05,3.224,3.259,3.171,3.241,396202.12
2008-03-04,3.282,3.288,3.218,3.229,520716.32
2008-03-03,3.247,3.3,3.206,3.282,482455.25
2008-02-29,3.259,3.282,3.224,3.247,363828.4
2008-02-28,3.294,3.294,3.224,3.247,268170.79
2008-02-27,3.235,3.311,3.218,3.288,472241.19
2008-02-26,3.2,3.241,3.153,3.224,391990.53
2008-02-25,3.224,3.253,3.142,3.148,403994.12
2008-02-22,3.265,3.265,3.194,3.224,562734.1
2008-02-21,3.305,3.305,3.212,3.276,555521.94
2008-02-20,3.399,3.422,3.253,3.305,1024539.64
2008-02-19,3.341,3.387,3.311,3.387,735761.59
2008-02-18,3.265,3.305,3.265,3.294,425044.68
2008-02-15,3.288,3.288,3.224,3.253,314493.92
2008-02-14,3.27,3.305,3.259,3.294,306792.24
2008-02-13,3.294,3.294,3.224,3.253,379638.19
2008-02-05,3.335,3.335,3.259,3.305,609614.74
2008-02-04,3.165,3.352,3.165,3.341,1229192.13
2008-02-01,3.171,3.206,3.054,3.124,849309.48
2008-01-31,3.224,3.259,3.159,3.171,640871.62
2008-01-30,3.311,3.335,3.183,3.235,779253.71
2008-01-29,3.253,3.335,3.224,3.282,590051.04
2008-01-28,3.469,3.469,3.247,3.253,993409.43
2008-01-25,3.452,3.54,3.393,3.493,1105659.48
2008-01-24,3.557,3.575,3.393,3.44,1730132.5
2008-01-23,3.475,3.557,3.3,3.551,2305541.16
2008-01-21,3.82,3.838,3.645,3.657,1187310.94
2008-01-18,3.814,3.85,3.762,3.814,734045.78
2008-01-17,3.844,3.885,3.715,3.791,1311114.72
2008-01-16,3.926,3.926,3.85,3.855,1531417.69
2008-01-15,4.037,4.037,3.937,3.961,1265888.04
2008-01-14,4.072,4.084,4.008,4.037,1325289.92
2008-01-11,3.92,4.048,3.92,4.043,2276737.32
2008-01-10,3.926,3.937,3.873,3.902,1228616.97
2008-01-09,3.92,3.943,3.896,3.914,960143.45
2008-01-08,3.902,3.967,3.885,3.92,1626738.48
2008-01-07,3.902,3.914,3.867,3.891,1251124.11
2008-01-04,3.902,3.937,3.867,3.902,1127873.09
2008-01-03,3.879,3.908,3.803,3.902,1282956.69
2008-01-02,3.867,3.92,3.832,3.885,1028825.46
2007-12-28,3.891,3.92,3.861,3.867,1077453.43
2007-12-27,3.82,3.891,3.785,3.891,1668964.15
2007-12-26,3.832,3.873,3.774,3.82,875144.65
2007-12-25,3.85,3.873,3.809,3.826,666947.72
2007-12-24,3.832,3.879,3.791,3.855,1078189.21
2007-12-21,3.733,3.832,3.715,3.797,687243.46
2007-12-20,3.744,3.768,3.703,3.762,521376.76
2007-12-19,3.715,3.774,3.697,3.744,468235.01
2007-12-18,3.657,3.715,3.627,3.668,620773.77
2007-12-17,3.785,3.785,3.627,3.668,1190910.44
2007-12-14,3.744,3.797,3.68,3.791,780234.96
2007-12-13,3.803,3.826,3.762,3.768,794577.37
2007-12-12,3.896,3.896,3.803,3.844,742203.87
2007-12-11,3.92,3.931,3.85,3.896,782711.84
2007-12-10,3.832,3.914,3.803,3.914,1052928.46
2007-12-07,3.896,3.937,3.873,3.914,461250.49
2007-12-06,3.92,3.943,3.867,3.896,441077.98
2007-12-05,3.85,3.931,3.826,3.92,748818.98
2007-12-04,3.803,3.891,3.803,3.85,589571.55
2007-12-03,3.768,3.832,3.715,3.797,428988.2
2007-11-30,3.838,3.861,3.762,3.774,652673.63
2007-11-29,3.703,3.861,3.662,3.85,1231781.39
2007-11-28,3.791,3.82,3.639,3.674,1302754.55
2007-11-27,3.855,3.896,3.809,3.82,543586.26
2007-11-26,3.955,3.978,3.867,3.879,644337.0
2007-11-23,3.855,3.92,3.832,3.92,584337.98
2007-11-22,3.949,3.961,3.855,3.867,1094869.82
2007-11-21,4.095,4.095,3.99,4.002,1008445.49
2007-11-20,4.06,4.119,3.978,4.089,1194141.77
2007-11-19,4.136,4.16,4.048,4.084,1248153.43
2007-11-16,4.119,4.171,4.084,4.142,776262.71
2007-11-15,4.171,4.259,4.113,4.183,1480494.18
2007-11-14,4.095,4.183,4.008,4.183,1580968.47
2007-11-13,4.16,4.201,4.013,4.06,1552636.26
2007-11-12,4.119,4.201,4.002,4.13,1714035.79
2007-11-09,4.113,4.265,4.095,4.206,1574144.86
2007-11-08,4.265,4.306,4.136,4.148,1356642.92
2007-11-07,4.195,4.318,4.183,4.312,1390500.01
2007-11-06,4.142,4.23,4.119,4.154,1109847.85
2007-11-05,4.329,4.376,4.165,4.206,2066587.69
2007-11-02,4.265,4.435,4.23,4.376,3038898.06
2007-11-01,4.201,4.435,4.16,4.376,4338198.84
2007-10-31,4.277,4.3,4.113,4.177,2734901.65
2007-10-30,4.06,4.23,3.961,4.195,2899022.14
2007-10-29,3.926,4.154,3.926,4.031,2151400.9
2007-10-26,3.762,3.896,3.738,3.873,1479943.87
2007-10-25,3.891,3.955,3.733,3.774,1845231.32
2007-10-24,3.984,4.06,3.896,3.914,2495936.78
2007-10-23,3.82,3.978,3.738,3.972,2191274.79
2007-10-22,3.908,3.961,3.803,3.82,1112759.5
2007-10-19,3.92,4.078,3.914,3.943,1672656.49
2007-10-18,4.054,4.095,3.908,3.914,2251608.84
2007-10-17,4.025,4.089,3.984,4.066,2678360.04
2007-10-16,3.879,4.206,3.879,4.119,6479018.67
2007-10-15,3.779,3.85,3.686,3.826,2479321.25
2007-10-12,3.92,3.937,3.651,3.791,3008974.11
2007-10-11,3.791,3.937,3.75,3.896,3864658.79
2007-10-10,3.645,3.861,3.645,3.774,5163713.19
2007-10-09,3.657,3.721,3.627,3.645,2410650.88
2007-10-08,3.528,3.75,3.499,3.686,4848363.74
2007-09-28,3.452,3.475,3.44,3.469,1056230.66
2007-09-27,3.376,3.452,3.364,3.434,772259.45
2007-09-26,3.417,3.44,3.364,3.37,712150.75
2007-09-25,3.487,3.504,3.399,3.417,999115.18
2007-09-24,3.481,3.504,3.422,3.475,777505.43
2007-09-21,3.487,3.516,3.44,3.481,1058667.57
2007-09-20,3.493,3.528,3.458,3.487,991299.34
2007-09-19,3.516,3.534,3.446,3.475,821733.65
2007-09-18,3.51,3.522,3.434,3.51,1745035.38
2007-09-17,3.499,3.534,3.469,3.51,1514887.63
2007-09-14,3.499,3.51,3.44,3.499,1009449.67
2007-09-13,3.469,3.499,3.428,3.481,928073.92
2007-09-12,3.44,3.499,3.393,3.458,1165247.98
2007-09-11,3.61,3.616,3.428,3.458,1753907.89
2007-09-10,3.575,3.639,3.51,3.616,1770282.98
2007-09-07,3.738,3.774,3.598,3.621,3135678.19
2007-09-06,3.633,3.744,3.61,3.738,3447933.66
2007-09-05,3.58,3.668,3.58,3.627,1955941.75
2007-09-03,3.557,3.621,3.551,3.575,2082671.29
2007-08-31,3.528,3.545,3.504,3.534,1273245.24
2007-08-30,3.516,3.545,3.475,3.522,1343873.44
2007-08-29,3.522,3.563,3.452,3.475,1800791.34
2007-08-28,3.598,3.604,3.499,3.563,1782803.54
2007-08-27,3.633,3.686,3.592,3.627,2475673.83
2007-08-24,3.657,3.686,3.58,3.604,2701279.56
2007-08-23,3.569,3.651,3.51,3.569,2425692.29
2007-08-22,3.54,3.686,3.499,3.563,2447066.41
2007-08-21,3.727,3.756,3.616,3.621,4145526.69
2007-08-20,3.452,3.627,3.422,3.569,2440068.93
2007-08-17,3.44,3.51,3.364,3.37,1878450.57
2007-08-16,3.61,3.61,3.411,3.481,2457981.98
2007-08-15,3.621,3.715,3.54,3.621,2464159.56
2007-08-14,3.697,3.703,3.569,3.627,2993256.96
2007-08-13,3.399,3.738,3.382,3.692,6322413.89
2007-08-10,3.399,3.452,3.265,3.399,2524596.16
2007-08-09,3.376,3.481,3.346,3.405,3768096.05
2007-08-08,3.165,3.499,3.148,3.422,6156168.75
2007-08-07,3.206,3.218,3.159,3.183,1341941.96
2007-08-06,3.218,3.235,3.171,3.2,1655529.9
2007-08-03,3.112,3.206,3.095,3.194,2055742.97
2007-08-02,3.095,3.142,3.06,3.107,1000268.27
2007-08-01,3.177,3.206,3.083,3.095,1688640.89
2007-07-31,3.188,3.2,3.142,3.177,1076321.66
2007-07-30,3.153,3.206,3.13,3.194,1410953.4
2007-07-27,3.159,3.183,3.136,3.159,1050047.12
2007-07-26,3.229,3.241,3.177,3.194,1224514.71
2007-07-25,3.136,3.224,3.124,3.212,1471525.37
2007-07-24,3.171,3.183,3.13,3.136,1467606.7
2007-07-23,3.13,3.229,3.13,3.165,2512160.49
2007-07-20,3.007,3.118,2.995,3.095,1890495.75
2007-07-19,3.013,3.048,2.99,3.007,538324.36
2007-07-18,2.984,3.042,2.966,3.019,837284.52
2007-07-17,2.943,3.031,2.925,3.001,447230.79
2007-07-16,3.001,3.019,2.943,2.943,365360.99
2007-07-13,3.025,3.036,2.978,3.001,371672.69
2007-07-12,3.031,3.048,2.984,3.025,533914.01
2007-07-11,3.013,3.083,2.978,3.031,1088853.33
2007-07-10,2.978,3.042,2.978,2.984,1566917.58
2007-07-09,2.931,2.99,2.908,2.966,1216401.65
2007-07-06,2.843,2.931,2.814,2.919,809876.93
2007-07-05,2.925,2.925,2.837,2.843,883403.13
2007-07-04,2.995,3.019,2.925,2.937,717959.05
2007-07-03,2.954,3.001,2.937,2.984,861875.94
2007-07-02,2.908,2.937,2.879,2.931,719802.65
2007-06-29,2.873,2.954,2.855,2.913,1053208.95
2007-06-28,2.971,3.041,2.902,2.908,1395468.43
2007-06-27,2.931,2.983,2.879,2.966,1203053.01
2007-06-26,2.896,2.931,2.855,2.919,994258.23
2007-06-25,2.96,3.012,2.896,2.908,1245669.81
2007-06-22,3.035,3.076,2.919,2.954,1281784.28
2007-06-21,3.018,3.076,2.977,3.035,1017788.47
2007-06-20,3.088,3.099,3.018,3.029,1436595.4
2007-06-19,3.088,3.163,3.059,3.105,1431118.55
2007-06-18,3.088,3.163,3.082,3.111,1710578.88
2007-06-15,3.059,3.105,3.006,3.07,1076902.63
2007-06-14,3.117,3.134,3.053,3.059,1480755.83
2007-06-13,3.035,3.18,3.018,3.134,2874827.31
2007-06-12,3.012,3.035,2.942,3.018,1610322.88
2007-06-11,3.006,3.035,2.966,3.024,1462420.41
2007-06-08,3.018,3.029,2.966,2.995,1371158.87
2007-06-07,2.989,3.018,2.977,3.018,1673240.02
2007-06-06,3.024,3.035,2.96,3.0,1479568.72
2007-06-05,2.931,3.064,2.786,3.012,2319598.6
2007-06-04,3.244,3.244,2.937,2.96,2791122.14
2007-06-01,3.325,3.407,3.256,3.262,2593710.85
2007-05-31,3.18,3.395,3.059,3.325,3287449.23
2007-05-30,3.302,3.395,3.146,3.18,3569304.81
2007-05-29,3.395,3.453,3.389,3.424,2863327.25
2007-05-28,3.366,3.424,3.354,3.389,2389856.22
2007-05-25,3.407,3.413,3.343,3.366,2219261.22
2007-05-24,3.389,3.5,3.372,3.413,2933976.7
2007-05-23,3.36,3.413,3.343,3.384,2253422.2
2007-05-22,3.337,3.384,3.314,3.343,2228664.19
2007-05-21,3.285,3.36,3.256,3.337,2161746.25
2007-05-18,3.413,3.413,3.36,3.372,2043485.33
2007-05-17,3.424,3.465,3.384,3.43,2157118.58
2007-05-16,3.384,3.447,3.354,3.424,1895449.88
2007-05-15,3.569,3.587,3.372,3.395,3290134.9
2007-05-14,3.517,3.598,3.482,3.558,2721419.61
2007-05-11,3.534,3.558,3.465,3.534,3170976.81
2007-05-10,3.534,3.656,3.488,3.563,5016060.59
2007-05-09,3.32,3.598,3.291,3.54,7699752.85
2007-05-08,3.296,3.325,3.25,3.285,2732546.97
2007-04-30,3.238,3.291,3.215,3.262,2116131.17
2007-04-27,3.337,3.354,3.25,3.262,2174418.8
2007-04-26,3.378,3.407,3.302,3.331,2344574.12
2007-04-25,3.244,3.395,3.198,3.343,4183215.27
2007-04-24,3.285,3.302,3.221,3.244,2836387.56
2007-04-23,3.204,3.308,3.175,3.279,3297893.79
2007-04-20,3.146,3.221,3.134,3.204,2151690.35
2007-04-19,3.291,3.337,3.035,3.146,3128340.26
2007-04-18,3.308,3.331,3.256,3.291,2560773.29
2007-04-17,3.378,3.384,3.256,3.337,2775513.09
2007-04-16,3.325,3.395,3.32,3.378,2297867.95
2007-04-13,3.378,3.395,3.308,3.343,2749559.82
2007-04-12,3.424,3.436,3.349,3.384,3255847.89
2007-04-11,3.43,3.453,3.366,3.413,3499464.23
2007-04-10,3.291,3.424,3.256,3.413,4565269.86
2007-04-09,3.267,3.308,3.227,3.291,2409118.27
2007-04-06,3.267,3.291,3.238,3.267,1875604.45
2007-04-05,3.25,3.325,3.209,3.302,2152706.93
2007-04-04,3.308,3.331,3.25,3.267,1997141.86
2007-04-03,3.285,3.308,3.25,3.302,2177036.75
2007-04-02,3.227,3.337,3.227,3.279,2260526.42
2007-03-30,3.25,3.285,3.186,3.221,3433943.13
2007-03-29,3.111,3.401,3.105,3.291,7438492.3
2007-03-28,3.0,3.111,2.96,3.093,4367971.68
2007-03-27,3.024,3.029,2.983,3.006,2220792.45
2007-03-26,3.018,3.053,2.989,3.029,1992180.2
2007-03-23,3.041,3.07,2.96,3.018,2085987.67
2007-03-22,3.093,3.111,3.018,3.041,2288567.92
2007-03-21,3.07,3.111,3.053,3.082,2187388.47
2007-03-20,3.082,3.093,3.024,3.07,2072982.41
2007-03-19,2.942,3.128,2.931,3.07,4129920.75
2007-03-16,2.902,2.96,2.879,2.902,2823527.78
2007-03-15,2.85,2.919,2.844,2.89,1424594.26
2007-03-14,2.896,2.896,2.832,2.85,1720108.42
2007-03-13,2.948,2.966,2.896,2.919,1916575.01
2007-03-12,2.937,3.012,2.931,2.948,3143081.42
2007-03-09,2.832,2.942,2.826,2.925,4556638.18
2007-03-08,2.821,2.838,2.792,2.832,1314340.13
2007-03-07,2.809,2.844,2.797,2.821,1702601.0
2007-03-06,2.716,2.85,2.681,2.809,2251768.09
2007-03-05,2.728,2.763,2.664,2.716,1176291.87
2007-03-02,2.699,2.751,2.693,2.734,995587.82
2007-03-01,2.768,2.768,2.675,2.704,1353844.08
2007-02-28,2.658,2.792,2.641,2.78,1733240.21
2007-02-27,2.89,2.902,2.623,2.681,2948782.67
2007-02-26,2.867,2.896,2.786,2.89,2145777.6
2007-02-16,2.902,2.913,2.844,2.873,2528834.0
2007-02-15,2.768,2.873,2.768,2.867,2563730.54
2007-02-14,2.693,2.757,2.67,2.757,1734879.77
2007-02-13,2.71,2.722,2.67,2.693,972702.57
2007-02-12,2.629,2.693,2.617,2.693,1032313.56
2007-02-09,2.67,2.675,2.606,2.635,1081537.22
2007-02-08,2.71,2.716,2.641,2.67,1035017.82
2007-02-07,2.687,2.763,2.664,2.699,2035883.07
2007-02-06,2.577,2.681,2.507,2.675,1733065.44
2007-02-05,2.699,2.716,2.559,2.565,1966341.64
2007-02-02,2.832,2.832,2.699,2.704,2370241.23
2007-02-01,2.78,2.873,2.739,2.815,2574337.5
2007-01-31,2.908,3.006,2.844,2.879,6066305.05
2007-01-30,2.913,2.931,2.832,2.879,2600923.77
2007-01-29,2.815,2.913,2.797,2.902,2801972.7
2007-01-26,2.728,2.855,2.623,2.815,2358565.88
2007-01-25,2.896,2.896,2.774,2.78,2121921.49
2007-01-24,2.977,2.989,2.913,2.925,2447169.82
2007-01-23,2.937,2.989,2.832,2.971,3452102.25
2007-01-22,2.838,2.913,2.821,2.913,3173484.46
2007-01-19,2.774,2.815,2.734,2.815,1769176.83
2007-01-18,2.803,2.838,2.699,2.763,2036686.05
2007-01-17,2.867,2.925,2.797,2.832,2372504.49
2007-01-16,2.931,2.96,2.815,2.867,2595924.95
2007-01-15,2.734,2.902,2.699,2.896,2487325.37
2007-01-12,2.832,2.884,2.728,2.745,2329178.87
2007-01-11,2.942,2.942,2.844,2.861,3274026.49
2007-01-10,3.047,3.07,2.931,2.96,3721171.25
2007-01-09,2.937,3.012,2.873,3.006,4334458.33
2007-01-08,2.826,2.983,2.803,2.948,5565756.49
2007-01-05,3.076,3.099,2.942,2.942,7867306.84
2007-01-04,3.302,3.465,3.117,3.267,7281333.33
2006-12-29,2.908,3.151,2.896,3.151,6232334.59
2006-12-28,2.612,2.867,2.588,2.867,5012877.61
2006-12-27,2.554,2.641,2.501,2.606,2359223.93
2006-12-26,2.496,2.646,2.472,2.554,3752128.04
2006-12-25,2.321,2.554,2.321,2.496,4418085.64
2006-12-22,2.298,2.356,2.292,2.321,1320844.03
2006-12-21,2.327,2.356,2.304,2.316,1472686.17
2006-12-20,2.327,2.345,2.298,2.333,1320867.48
2006-12-19,2.281,2.368,2.281,2.35,3270602.09
2006-12-18,2.24,2.281,2.229,2.275,2529798.21
2006-12-15,2.234,2.246,2.211,2.24,1544794.69
2006-12-14,2.217,2.234,2.182,2.234,1291655.44
2006-12-13,2.252,2.269,2.188,2.205,2228873.16
2006-12-12,2.176,2.258,2.171,2.24,3852402.42
2006-12-11,2.101,2.159,2.089,2.159,1542351.21
2006-12-08,2.089,2.159,2.078,2.107,2820979.95
2006-12-07,2.095,2.142,2.078,2.107,1919144.14
2006-12-06,2.13,2.147,2.072,2.095,1720759.76
2006-12-05,2.147,2.153,2.118,2.13,1569340.73
2006-12-04,2.095,2.171,2.078,2.147,2435908.05
2006-12-01,2.113,2.118,2.078,2.101,1054368.3
2006-11-30,2.101,2.118,2.084,2.113,1298992.26
2006-11-29,2.054,2.095,2.037,2.095,974227.07
2006-11-28,2.084,2.107,2.06,2.084,1186769.81
2006-11-27,2.118,2.124,2.066,2.089,1627478.84
2006-11-24,2.153,2.165,2.118,2.13,1693514.47
2006-11-23,2.142,2.188,2.142,2.176,2664308.77
2006-11-22,2.124,2.171,2.078,2.136,2547694.74
2006-11-21,2.142,2.147,2.089,2.136,1705084.14
2006-11-20,2.118,2.159,2.101,2.147,2604443.6
2006-11-17,2.113,2.136,2.084,2.118,3104671.97
2006-11-16,1.996,2.182,1.996,2.124,6880344.05
2006-11-15,1.991,1.991,1.956,1.991,1266222.15
2006-11-14,1.973,1.996,1.962,1.985,1415015.46
2006-11-13,1.956,1.996,1.95,1.962,1798411.5
2006-11-10,1.944,1.985,1.944,1.95,2860981.13
2006-11-09,1.921,1.95,1.921,1.944,656016.04
2006-11-08,1.95,1.956,1.927,1.927,469331.97
2006-11-07,1.944,1.962,1.933,1.95,1066047.69
2006-11-06,1.915,1.938,1.909,1.938,806297.44
2006-11-03,1.904,1.944,1.898,1.927,1083877.7
2006-11-02,1.915,1.915,1.898,1.904,520012.47
2006-11-01,1.909,1.915,1.892,1.915,705363.53
2006-10-31,1.904,1.921,1.892,1.904,605971.4
2006-10-30,1.915,1.915,1.886,1.892,1024165.65
2006-10-27,1.967,1.967,1.909,1.915,1735872.78
2006-10-26,1.956,1.979,1.944,1.967,1666347.09
2006-10-25,1.956,1.985,1.944,1.956,1671259.0
2006-10-24,1.921,1.956,1.921,1.956,763192.48
2006-10-23,1.944,1.95,1.915,1.921,656032.78
2006-10-20,1.938,1.962,1.933,1.944,740912.12
2006-10-19,1.95,1.95,1.927,1.938,674108.42
2006-10-18,1.933,1.95,1.921,1.95,589168.29
2006-10-17,1.938,1.944,1.927,1.938,533129.34
2006-10-16,1.956,1.962,1.938,1.944,524121.74
2006-10-13,1.933,1.967,1.933,1.95,1330888.96
2006-10-12,1.944,1.95,1.921,1.933,763882.43
2006-10-11,1.944,1.956,1.933,1.944,686248.91
2006-10-10,1.962,1.967,1.938,1.944,1268604.51
2006-10-09,1.938,1.979,1.915,1.973,3449496.08
2006-09-29,1.933,1.944,1.927,1.933,759182.95
2006-09-28,1.938,1.938,1.921,1.927,400604.4
2006-09-27,1.927,1.938,1.921,1.938,367440.12
2006-09-26,1.927,1.927,1.915,1.927,303211.31
2006-09-25,1.933,1.944,1.915,1.933,544195.54
2006-09-22,1.973,1.979,1.933,1.938,757481.6
2006-09-21,1.962,1.979,1.95,1.967,619414.51
2006-09-20,1.991,1.996,1.956,1.962,767313.36
2006-09-19,1.996,2.008,1.979,1.991,530869.8
2006-09-18,2.02,2.025,1.985,1.996,877708.07
2006-09-15,1.938,2.025,1.938,2.008,2353154.45
2006-09-14,1.944,1.962,1.927,1.938,415328.3
2006-09-13,1.95,1.967,1.944,1.944,913353.5
2006-09-12,1.921,1.967,1.915,1.956,1489160.82
2006-09-11,1.904,1.921,1.898,1.921,476489.78
2006-09-08,1.898,1.909,1.892,1.904,273410.07
2006-09-07,1.909,1.921,1.892,1.898,440394.73
2006-09-06,1.898,1.909,1.892,1.909,299583.42
2006-09-05,1.886,1.915,1.88,1.898,538454.71
2006-09-04,1.88,1.892,1.875,1.886,373111.0
2006-09-01,1.892,1.898,1.875,1.88,512442.76
2006-08-31,1.904,1.904,1.886,1.892,389037.41
2006-08-30,1.909,1.915,1.892,1.904,267011.05
2006-08-29,1.915,1.927,1.904,1.909,704035.27
2006-08-28,1.904,1.921,1.892,1.915,778083.71
2006-08-25,1.898,1.909,1.892,1.898,458513.32
2006-08-24,1.904,1.909,1.886,1.909,320920.35
2006-08-23,1.904,1.915,1.892,1.898,332023.04
2006-08-22,1.904,1.915,1.892,1.898,335866.13
2006-08-21,1.875,1.904,1.869,1.898,318118.83
2006-08-18,1.909,1.921,1.898,1.898,198544.1
2006-08-17,1.921,1.927,1.892,1.909,325913.17
2006-08-16,1.898,1.938,1.898,1.927,760192.64
2006-08-15,1.88,1.904,1.875,1.898,336707.74
2006-08-14,1.898,1.909,1.869,1.88,414140.09
2006-08-11,1.904,1.909,1.886,1.898,247081.27
2006-08-10,1.886,1.909,1.886,1.904,379385.93
2006-08-09,1.898,1.904,1.88,1.886,360779.38
2006-08-08,1.875,1.904,1.875,1.898,444212.31
2006-08-07,1.904,1.904,1.869,1.875,576077.8
2006-08-04,1.938,1.944,1.904,1.909,448242.29
2006-08-03,1.927,1.944,1.921,1.938,508897.34
2006-08-02,1.915,1.95,1.904,1.944,1025117.76
2006-08-01,1.95,1.95,1.915,1.927,884181.14
2006-07-31,1.996,2.002,1.938,1.95,893224.02
2006-07-28,2.02,2.02,1.991,2.002,591601.28
2006-07-27,2.002,2.054,1.996,2.02,925821.9
2006-07-26,2.014,2.014,1.991,2.002,744106.9
2006-07-25,2.008,2.025,2.008,2.014,528183.8
2006-07-24,2.02,2.025,2.002,2.008,667744.4
2006-07-21,2.037,2.06,2.025,2.037,606348.62
2006-07-20,2.025,2.043,2.025,2.037,531780.63
2006-07-19,2.072,2.072,2.02,2.031,952228.36
2006-07-18,2.084,2.084,2.054,2.072,572431.42
2006-07-17,2.078,2.084,2.06,2.078,674959.33
2006-07-14,2.072,2.107,2.06,2.084,1189663.31
2006-07-13,2.147,2.147,2.084,2.089,2589898.32
2006-07-12,2.171,2.171,2.147,2.147,1007250.25
2006-07-11,2.153,2.194,2.13,2.176,1356450.5
2006-07-10,2.136,2.159,2.124,2.147,1127236.15
2006-07-07,2.159,2.165,2.124,2.136,2097985.56
2006-07-06,2.176,2.182,2.142,2.159,3725565.48
2006-07-05,2.316,2.35,2.182,2.2,17639020.19
