,Date,Open,High,Low,Close,Adj Close,Volume
0,2004-12-31,4.635,4.642857,4.573571,4.6,4.0297339999999995,69647200
1,2005-01-03,4.627143,4.650714,4.4714279999999995,4.520714,3.9602779999999997,172998000
2,2005-01-04,4.5564279999999995,4.676429,4.497857,4.567143,4.000951000000001,274202600
3,2005-01-05,4.604286,4.660714,4.575,4.607143,4.035991,170108400
4,2005-01-06,4.619286,4.6364279999999995,4.523571,4.610714,4.03912,176388800
5,2005-01-07,4.642857,4.973571,4.625,4.946429,4.333215,556862600
6,2005-01-10,4.987857,5.05,4.848571,4.925714,4.315071,431327400
7,2005-01-11,4.875,4.939286,4.581429,4.611429,4.039745,652906800
8,2005-01-12,4.675,4.707143,4.521429,4.675714,4.096062,479925600
9,2005-01-13,5.265,5.315714,4.980714,4.985714,4.36763,791179200
10,2005-01-14,5.017857,5.122857,4.942143,5.014286,4.392659,442685600
11,2005-01-18,4.989286,5.05,4.839286,5.046429,4.4208169999999996,251615000
12,2005-01-19,5.035,5.104286,4.982143,4.991428,4.372635,187973800
13,2005-01-20,4.975,5.090714,4.962143,5.032857,4.4089279999999995,228730600
14,2005-01-21,5.093572,5.114286,5.0,5.035,4.410807,227833200
15,2005-01-24,5.07,5.127143,5.039286,5.054286,4.427703,210407400
16,2005-01-25,5.097857,5.202857,5.067143,5.146429,4.508422,242307800
17,2005-01-26,5.19,5.196429,5.087143,5.160714,4.520935,184874200
18,2005-01-27,5.154286,5.208571,5.110714,5.188571,4.545338,124056800
19,2005-01-28,5.187143,5.284286,5.174286,5.284286,4.629188,200403000
20,2005-01-31,5.327143,5.563571,5.322143,5.492857,4.811902,420274400
21,2005-02-01,5.503572,5.555,5.47,5.537857,4.851324,169598800
22,2005-02-02,5.567857,5.707857,5.549286,5.687857,4.982728,255015600
23,2005-02-03,5.65,5.673572,5.523571,5.557857,4.868844999999999,182912800
24,2005-02-04,5.562143,5.637857,5.537857,5.631429,4.933296,140889000
25,2005-02-07,5.637857,5.667857,5.535714,5.638571,4.939552,131114200
26,2005-02-08,5.647857,5.812857,5.627857,5.7785720000000005,5.062196,222504800
27,2005-02-09,5.788571,5.856429,5.578571,5.624286,4.927038,297864000
28,2005-02-10,5.622857,5.662857,5.475714,5.597143,4.903258999999999,273254800
29,2005-02-11,5.704286,5.84,5.638571,5.800714,5.081595,300263600
30,2005-02-14,5.909286,6.0564279999999995,5.860714,6.045,5.295595,317865800
31,2005-02-15,6.19,6.362857,6.142857,6.315,5.532123,578054400
32,2005-02-16,6.296429,6.442857,6.239286,6.437857,5.63975,409810800
33,2005-02-17,6.475,6.491428,6.246428,6.272143,5.494579,379618400
34,2005-02-18,6.267143,6.275714,6.160714,6.200714,5.4320059999999994,290813600
35,2005-02-22,6.164286,6.307143,6.092143,6.092143,5.336894,304823400
36,2005-02-23,6.194286,6.317857,6.110714,6.302143,5.52086,336295400
37,2005-02-24,6.32,6.3792860000000005,6.266427999999999,6.352143,5.564662,379757000
38,2005-02-25,6.401429,6.422143,6.299286,6.356429,5.568417,228877600
39,2005-02-28,6.382857,6.448571,6.28,6.408571,5.614095,162902600
40,2005-03-01,6.427143,6.444286,6.308571,6.357143,5.569043,117047000
41,2005-03-02,6.321429,6.412857,6.297143,6.302857,5.521485,114540300
42,2005-03-03,6.338572,6.344285,5.888571,5.97,5.229894,352913400
43,2005-03-04,6.108572000000001,6.144286,5.978571,6.115714,5.357544,189154700
44,2005-03-07,6.114286,6.178571,6.05,6.107143,5.350035,112658000
45,2005-03-08,5.985714,6.022857,5.728571,5.79,5.072208,255362800
46,2005-03-09,5.662857,5.7542860000000005,5.547143,5.621428,4.924536,330616300
47,2005-03-10,5.647143,5.751429,5.585714,5.69,4.984605,194277300
48,2005-03-11,5.744286,5.798572,5.685714,5.752857,5.03967,158207700
49,2005-03-14,5.788571,5.827143,5.645714,5.76,5.045928,151346300
50,2005-03-15,5.805714,5.877143,5.75,5.851429,5.126021,127152200
51,2005-03-16,5.887143,6.0442860000000005,5.825714,5.882857,5.153554,174453300
52,2005-03-17,5.932857,6.125714,5.902857,6.035714,5.2874620000000006,200480000
53,2005-03-18,6.19,6.2057139999999995,6.071429,6.137143,5.376316,235037600
54,2005-03-21,6.184286,6.281428,6.122857,6.242857,5.468923,135282000
55,2005-03-22,6.244286,6.28,6.097143,6.118571,5.360047,137853800
56,2005-03-23,6.064286,6.2,6.002857,6.078571,5.325006,152455800
57,2005-03-24,6.13,6.142857,6.071429,6.071429,5.318748,88176200
58,2005-03-28,6.107143,6.137143,6.067143,6.075714,5.322503,68852700
59,2005-03-29,6.08,6.118571,5.928571,5.964286,5.224888,115339000
60,2005-03-30,6.01,6.114286,5.974286,6.114286,5.356293,98739900
61,2005-03-31,6.064286,6.074286,5.941429,5.952857,5.214875,159033700
62,2005-04-01,6.012857,6.025714,5.795714,5.841429,5.117262,160321000
63,2005-04-04,5.855714,5.901429,5.737143,5.87,5.14229,145003600
64,2005-04-05,5.888571,6.034286,5.87,5.984286,5.242408999999999,139059900
65,2005-04-06,6.057143,6.115714,6.021429,6.047143,5.297473,103706400
66,2005-04-07,6.047143,6.25,6.035714,6.222857,5.451403,126746900
67,2005-04-08,6.242857,6.35,6.22,6.248571,5.47393,162487500
68,2005-04-11,6.307143,6.321429,5.987143,5.9885720000000005,5.246163,205415700
69,2005-04-12,6.07,6.17,6.001429,6.094285,5.3387709999999995,245265300
70,2005-04-13,6.135714,6.141427999999999,5.77,5.862857,5.136033,342986700
71,2005-04-14,5.5442860000000005,5.651429,5.262857,5.322857,4.662978,688298100
72,2005-04-15,5.231429,5.321429,5.04,5.05,4.423946,432021800
73,2005-04-18,5.0,5.185714,4.857143,5.088572,4.457736,331794400
74,2005-04-19,5.228571,5.348571,5.124286,5.298572,4.641703,270410700
75,2005-04-20,5.38,5.391427999999999,5.062857,5.072857,4.443971,236282900
76,2005-04-21,5.2,5.315714,5.128572,5.311429,4.652966999999999,189898100
77,2005-04-22,5.262857,5.285714,4.985714,5.071429,4.44272,209782300
78,2005-04-25,5.212857,5.288571,5.158571,5.282857,4.627936,186615100
79,2005-04-26,5.2542860000000005,5.358572000000001,5.16,5.17,4.529069,202626900
80,2005-04-27,5.127143,5.194286,5.072857,5.135714,4.499036,153472200
81,2005-04-28,5.184286,5.191429,5.034286,5.077143,4.447725,143776500
82,2005-04-29,5.164286,5.175714,5.031428,5.151429,4.5128010000000005,167907600
83,2005-05-02,5.172857,5.235714,5.145714,5.204286,4.559106,116480000
84,2005-05-03,5.2,5.248571,5.147143,5.172857,4.531573000000001,124184900
85,2005-05-04,5.158571,5.314286,5.157143,5.307143,4.649211,112044100
86,2005-05-05,5.321429,5.324286,5.21,5.24,4.590392,96841500
87,2005-05-06,5.27,5.332857,5.255714,5.32,4.660474,81561900
88,2005-05-09,5.325714,5.35,5.25,5.281428,4.626685,88923800
89,2005-05-10,5.25,5.321429,5.19,5.202857,4.557854,110065900
90,2005-05-11,5.0285720000000005,5.095714,4.73,5.087143,4.456485,510495300
91,2005-05-12,5.06,5.084286,4.857143,4.875714,4.271267,242560500
92,2005-05-13,4.885714,5.032857,4.867143,4.967143,4.35136,175678300
93,2005-05-16,4.937143,5.1,4.932857,5.078571,4.448976,118573700
94,2005-05-17,5.02,5.065714,4.934286,5.051429,4.425199,147086100
95,2005-05-18,5.064286,5.365714,4.998571,5.12,4.485269000000001,159180700
96,2005-05-19,5.111429,5.382857,5.111429,5.364286,4.6992709999999995,198290400
97,2005-05-20,5.321429,5.378572,5.312857,5.364286,4.6992709999999995,113162700
98,2005-05-23,5.407143,5.7,5.407143,5.68,4.975845,260643600
99,2005-05-24,5.635714,5.712857,5.575714,5.671429,4.968336,148365000
100,2005-05-25,5.642857,5.707143,5.617143,5.682857,4.978349,99001700
101,2005-05-26,5.7057139999999995,5.848571,5.7057139999999995,5.82,5.09849,131380200
102,2005-05-27,5.805714,5.827143,5.715714,5.7942860000000005,5.0759620000000005,79002000
103,2005-05-31,5.808571,5.82,5.654286,5.68,4.975845,101051300
104,2005-06-01,5.698571,5.822857,5.694286,5.757143,5.043424,113453200
105,2005-06-02,5.7214279999999995,5.76,5.657143,5.72,5.010886,93493400
106,2005-06-03,5.451428,5.5114279999999995,5.395714,5.462857,4.785622,239217300
107,2005-06-06,5.475714,5.518571,5.365714,5.417143,4.745575,202991600
108,2005-06-07,5.371428,5.39,5.207143,5.22,4.572872,186316200
109,2005-06-08,5.232857,5.321429,5.224286,5.274286,4.620426999999999,101001600
110,2005-06-09,5.285714,5.42,5.26,5.378572,4.711785,97563900
111,2005-06-10,5.342857,5.342857,5.074286,5.115714,4.481514,169733200
112,2005-06-13,5.127143,5.23,5.117143,5.128572,4.4927779999999995,108943100
113,2005-06-14,5.131429,5.164286,5.107143,5.142857,4.505291000000001,86961700
114,2005-06-15,5.267143,5.328571,5.185714,5.304286,4.646708,140835800
115,2005-06-16,5.312857,5.44,5.26,5.425714,4.753083999999999,136918600
116,2005-06-17,5.4957139999999995,5.505714,5.404286,5.472857,4.794381,149031400
117,2005-06-20,5.407143,5.441429,5.35,5.372857,4.706779,80929100
118,2005-06-21,5.388571,5.4557139999999995,5.34,5.408571,4.738065,92631700
119,2005-06-22,5.465714,5.514286,5.448571,5.507143,4.824418,106231300
120,2005-06-23,5.547143,5.682857,5.521429,5.555714,4.866969,168563500
121,2005-06-24,5.584286,5.588572,5.382857,5.394286,4.7255519999999995,102677400
122,2005-06-27,5.262857,5.442857,5.24,5.3,4.6429540000000005,150042900
123,2005-06-28,5.355714,5.37,5.31,5.33,4.669236,87574900
124,2005-06-29,5.3185720000000005,5.327143,5.16,5.195714,4.551597,112089600
125,2005-06-30,5.23,5.308571,5.187143,5.258572,4.606661,104597500
126,2005-07-01,5.2614279999999995,5.281428,5.184286,5.214286,4.567865,62500200
127,2005-07-05,5.2214279999999995,5.45,5.214286,5.425714,4.753083999999999,113567300
128,2005-07-06,5.387143,5.451428,5.314286,5.341429,4.679248,98656600
129,2005-07-07,5.258572,5.394286,5.257143,5.375714,4.709283,95930800
130,2005-07-08,5.41,5.468572,5.352857,5.464286,4.786873,72683800
131,2005-07-11,5.481429,5.521429,5.397143,5.442857,4.768101000000001,97197100
132,2005-07-12,5.461429,5.485714,5.415714,5.462857,4.785622,96759600
133,2005-07-13,5.47,5.5,5.414286,5.478571,4.7993879999999995,171208800
134,2005-07-14,5.827143,6.001429,5.747143,5.821429,5.09974,524015100
135,2005-07-15,5.852857,5.938571,5.78,5.935714,5.199857,171920700
136,2005-07-18,5.915714,6.014286,5.91,5.927143,5.19235,146574400
137,2005-07-19,5.9314279999999995,6.175714,5.867143,6.17,5.405099,167765500
138,2005-07-20,6.122857,6.257143,6.092857,6.232857,5.460165,113348900
139,2005-07-21,6.242857,6.291429,6.128572,6.184286,5.4176150000000005,101066000
140,2005-07-22,6.2057139999999995,6.285714,6.198571,6.285714,5.506469,75276600
141,2005-07-25,6.284286,6.325714,6.247143,6.258572,5.48269,73656800
142,2005-07-26,6.287143,6.301429,6.194286,6.232857,5.460165,67148200
143,2005-07-27,6.2614279999999995,6.295714,6.095714,6.284286,5.505217,70937300
144,2005-07-28,6.264286,6.285714,6.185714,6.257143,5.48144,62827800
145,2005-07-29,6.222857,6.34,6.037143,6.092857,5.33752,140520100
146,2005-08-01,6.081429,6.154286,6.0114279999999995,6.107143,5.350035,78562400
147,2005-08-02,6.127143,6.214286,6.087143,6.17,5.405099,74218900
148,2005-08-03,6.17,6.187143,6.11,6.174286,5.408854,64580600
149,2005-08-04,6.127143,6.142857,6.041429,6.101429,5.34503,67326000
150,2005-08-05,6.07,6.194286,6.002857,6.141427999999999,5.38007,60482800
151,2005-08-08,6.142857,6.178571,6.087143,6.092857,5.33752,44095800
152,2005-08-09,6.132857,6.27,6.13,6.26,5.483942,95209800
153,2005-08-10,6.285714,6.341429,6.187143,6.197143,5.428877,90236300
154,2005-08-11,6.198571,6.302857,6.178571,6.285714,5.506469,67995900
155,2005-08-12,6.208571,6.602857000000001,6.194286,6.585714,5.769278,229009200
156,2005-08-15,6.64,6.904286,6.635714,6.8114289999999995,5.96701,271681900
157,2005-08-16,6.77,6.785714,6.6014289999999995,6.607142999999999,5.788049,134405600
158,2005-08-17,6.628572,6.777143,6.624286,6.735714,5.900681,124931100
159,2005-08-18,6.701428,6.714286,6.535714,6.614286,5.794307,110639900
160,2005-08-19,6.611428999999999,6.671428999999999,6.538571,6.547143,5.735487,94142300
161,2005-08-22,6.592857,6.678571000000001,6.465714,6.552857,5.740494,96933200
162,2005-08-23,6.55,6.585714,6.474286,6.534286,5.7242239999999995,73901100
163,2005-08-24,6.514286,6.731428999999999,6.512857,6.538571,5.727977,143017700
164,2005-08-25,6.588572,6.641427999999999,6.5442860000000005,6.58,5.764271,69063400
165,2005-08-26,6.588572,6.62,6.48,6.534286,5.7242239999999995,65264500
166,2005-08-29,6.467143,6.575714,6.465714,6.548572,5.736739,64073800
167,2005-08-30,6.57,6.684286,6.56,6.652857000000001,5.8280970000000005,129690400
168,2005-08-31,6.694286,6.718572,6.61,6.698571,5.868143,100739100
169,2005-09-01,6.714286,6.7385720000000005,6.584286,6.608572000000001,5.7893,89091800
170,2005-09-02,6.614286,6.685714,6.588572,6.602857000000001,5.784293,55594700
171,2005-09-06,6.671428999999999,6.982857000000001,6.65,6.9714279999999995,6.107174,204654800
172,2005-09-07,7.007142999999999,7.057142999999999,6.845714,6.954286,6.092156,240768500
173,2005-09-08,7.05,7.16,7.02,7.111428999999999,6.229818,175660100
174,2005-09-09,7.152857000000001,7.335714,7.112857000000001,7.33,6.421293,153910400
175,2005-09-12,7.3,7.375714,7.225714,7.342857,6.432557,113199100
176,2005-09-13,7.288571000000001,7.3271429999999995,7.1885710000000005,7.26,6.359971,123221000
177,2005-09-14,7.2942860000000005,7.312857000000001,7.065714,7.087142999999999,6.208544,118606600
178,2005-09-15,7.142857000000001,7.168571000000001,7.047142999999999,7.124286,6.241082,103789000
179,2005-09-16,7.175714,7.315714,7.135714,7.315714,6.408778,147751100
180,2005-09-19,7.292857000000001,7.555714,7.292857000000001,7.52,6.587739,195932800
181,2005-09-20,7.57,7.687142999999999,7.56,7.598571000000001,6.656569,204957200
182,2005-09-21,7.565714,7.578571000000001,7.408571,7.444286,6.5214099999999995,108686900
183,2005-09-22,7.411428,7.4957139999999995,7.331428999999999,7.414286,6.495129,115931900
184,2005-09-23,7.442857000000001,7.642857000000001,7.405715,7.6,6.65782,139614300
185,2005-09-26,7.718572,7.7942860000000005,7.6171429999999996,7.691428999999999,6.737914,136640700
186,2005-09-27,7.702857000000001,7.748571000000001,7.6328570000000004,7.634286,6.687857000000001,85425900
187,2005-09-28,7.581428999999999,7.587142999999999,7.227142999999999,7.297142999999999,6.39251,281386000
188,2005-09-29,7.3185720000000005,7.512857,7.258572,7.477142999999999,6.5501949999999995,159211500
189,2005-09-30,7.475714,7.664286,7.411428,7.658571,6.709131,132908300
190,2005-10-03,7.737143,7.791428999999999,7.668571000000001,7.777143,6.813003,126888300
191,2005-10-04,7.85,7.907143,7.662857000000001,7.678571000000001,6.7266509999999995,134864800
192,2005-10-05,7.7614279999999995,7.765714,7.535714,7.54,6.60526,152692400
193,2005-10-06,7.6,7.641427999999999,7.267142999999999,7.385714,6.470098,189384300
194,2005-10-07,7.388571000000001,7.418571000000001,7.2214279999999995,7.328571000000001,6.420041,169470700
195,2005-10-10,7.394286,7.415714,7.182857,7.195714,6.303656,126876400
196,2005-10-11,7.3185720000000005,7.41,7.2,7.37,6.456335,306471200
197,2005-10-12,6.95,7.185714,6.838572,7.035714,6.163489,674371600
198,2005-10-13,7.062857000000001,7.707142999999999,7.038571000000001,7.677142999999999,6.7254,466393900
199,2005-10-14,7.718572,7.764286,7.541428999999999,7.714286,6.757938,258888000
200,2005-10-17,7.711428999999999,7.7471429999999994,7.525714,7.634286,6.687857000000001,154208600
201,2005-10-18,7.607142999999999,7.707142999999999,7.457142999999999,7.458571000000001,6.533925,152397000
202,2005-10-19,7.4385710000000005,7.8514289999999995,7.315714,7.848571000000001,6.875576,252170800
203,2005-10-20,7.781428,8.071428,7.764286,8.02,7.025753,339440500
204,2005-10-21,8.12,8.14,7.908571,7.951428,6.965682000000001,199181500
205,2005-10-24,7.892857000000001,8.112857,7.87,8.112857,7.107098,152438300
206,2005-10-25,8.057143,8.121428,7.9557139999999995,8.014286,7.020747999999999,116281900
207,2005-10-26,8.04,8.222857000000001,7.9885720000000005,8.147142,7.137134,157898300
208,2005-10-27,8.141428999999999,8.144286,7.915714,7.915714,6.9343960000000004,102885300
209,2005-10-28,8.005714,8.061428999999999,7.7385720000000005,7.781428,6.816758,192446800
210,2005-10-31,7.885714,8.282857,7.821428999999999,8.227143,7.207215,235211200
211,2005-11-01,8.177143,8.305715,8.124286,8.214286,7.1959539999999995,187421500
212,2005-11-02,8.245714,8.571428,8.228572,8.564285,7.502563,214265100
213,2005-11-03,8.608571000000001,8.902857000000001,8.581429,8.835714,7.740342999999999,221095700
214,2005-11-04,8.621428,8.748571,8.517142999999999,8.735714,7.652741000000001,219508800
215,2005-11-07,8.692857,8.81,8.591429,8.604285,7.537605,159707800
216,2005-11-08,8.564285,8.625714,8.442857,8.557143,7.496306,118441400
217,2005-11-09,8.571428,8.744286,8.571428,8.587143,7.522585,138232500
218,2005-11-10,8.662857,8.742857,8.43,8.74,7.656494,166336100
219,2005-11-11,8.791428999999999,8.872857000000002,8.762857,8.791428999999999,7.7015460000000004,106362200
220,2005-11-14,8.791428999999999,8.854285,8.701428,8.778571000000001,7.690281,92483300
221,2005-11-15,8.8,9.011429,8.78,8.897142,7.794155,134210300
222,2005-11-16,9.021428,9.294286,9.012857,9.278571000000001,8.128298,196128800
223,2005-11-17,9.37,9.411427999999999,9.178572,9.217143,8.074484,169051400
224,2005-11-18,9.33,9.347142999999999,9.195714,9.222857000000001,8.079491,131240200
225,2005-11-21,9.26,9.312857000000001,9.102858,9.28,8.129549,127927800
226,2005-11-22,9.262857,9.537142999999999,9.217143,9.502857,8.324779,135070600
227,2005-11-23,9.554286,9.711428999999999,9.527142999999999,9.587143,8.398615,121463300
228,2005-11-25,9.665714,9.934286,9.642858,9.905714,8.677693,98753200
229,2005-11-28,10.102858,10.152857000000001,9.867142999999999,9.951428,8.717738,254629900
230,2005-11-29,9.998571,10.042857000000001,9.621428,9.728572,8.522511,222858300
231,2005-11-30,9.775714,9.835714,9.645715,9.688571000000001,8.487469,148918700
232,2005-12-01,9.85,10.247143,9.83,10.228572,8.960526,203223300
233,2005-12-02,10.324286,10.391428999999999,10.1,10.375714,9.089427,223940500
234,2005-12-05,10.278571000000001,10.361428,10.212857000000001,10.26,8.988059,145917800
235,2005-12-06,10.561428999999999,10.69,10.478572,10.578571,9.267135000000001,214257400
236,2005-12-07,10.604285,10.637143,10.445714,10.564285,9.25462,169866200
237,2005-12-08,10.457142999999999,10.595715,10.371428,10.582857,9.270888000000001,197619800
238,2005-12-09,10.601429,10.655714,10.478572,10.618571000000001,9.302176,138850600
239,2005-12-12,10.695714,10.764286,10.651428,10.701428,9.374763,131248600
240,2005-12-13,10.692857,10.78,10.601429,10.711428999999999,9.383523,123454100
241,2005-12-14,10.361428,10.471428999999999,10.038571000000001,10.287142999999999,9.011835000000001,362679100
242,2005-12-15,10.382857000000001,10.408571,10.192857,10.311428999999999,9.033113,140290500
243,2005-12-16,10.305715,10.328571,10.151428,10.158571,8.899201,167792800
244,2005-12-19,10.158571,10.371428,10.148571,10.197142999999999,8.932995,132323800
245,2005-12-20,10.232857000000001,10.34,10.16,10.301428999999999,9.02435,119777000
246,2005-12-21,10.371428,10.515715,10.362857,10.5,9.198303999999998,118934200
247,2005-12-22,10.558572,10.641428999999999,10.514286,10.574286,9.263382,92652700
248,2005-12-23,10.595715,10.608571000000001,10.471428999999999,10.478572,9.179535000000001,57464400
249,2005-12-27,10.571428,10.74,10.564285,10.604285,9.289662,147647500
250,2005-12-28,10.638572,10.68,10.474286,10.51,9.207066000000001,99528800
251,2005-12-29,10.54,10.545714,10.202857,10.207142999999999,8.941754,122506300
252,2005-12-30,10.13,10.347142999999999,10.048572,10.27,8.996815,156065700
253,2006-01-03,10.34,10.678572,10.321428,10.678572,9.354739,201808600
254,2006-01-04,10.732857000000001,10.854285,10.642858,10.71,9.382271000000001,154900900
255,2006-01-05,10.69,10.7,10.535714,10.625714,9.308435000000001,112355600
256,2006-01-06,10.75,10.957142999999999,10.65,10.9,9.548719,176114400
257,2006-01-09,10.961428999999999,11.028571000000001,10.82,10.864285,9.517429,168760200
258,2006-01-10,10.892858,11.698571000000001,10.832857,11.551428999999999,10.119386,569967300
259,2006-01-11,11.977143,12.114285,11.798572,11.985714,10.499831,373448600
260,2006-01-12,12.138572,12.342857,11.945714,12.041428999999999,10.548641,320202400
261,2006-01-13,12.141428999999999,12.287142999999999,12.085714,12.227143,10.711332,194076400
262,2006-01-17,12.242857,12.34,11.981428,12.101429,10.601205,208905900
263,2006-01-18,11.868571000000001,12.007143,11.692857,11.784286,10.323377,300159300
264,2006-01-19,11.607142,11.665714,11.248571,11.291428999999999,9.891622,423962000
265,2006-01-20,11.325714,11.434286,10.832857,10.87,9.522433,283689700
266,2006-01-23,10.871428,11.365714,10.857142,11.095715,9.72017,264932500
267,2006-01-24,11.251429,11.345715,10.824286,10.862857,9.51618,285563600
268,2006-01-25,11.055715,11.071428,10.464286,10.6,9.285909,318946600
269,2006-01-26,10.647142,10.775714,10.275714,10.332857,9.051883,295346800
270,2006-01-27,10.421429,10.514286,10.157143,10.29,9.014341,238466200
271,2006-01-30,10.167143,10.942857,10.124286,10.714286,9.386027,349600300
272,2006-01-31,10.785714,10.905714,10.535714,10.787142999999999,9.449850999999999,228385500
273,2006-02-01,10.707142999999999,10.922857,10.662857,10.774285,9.438587,130296600
274,2006-02-02,10.728572,10.765715,10.292857000000001,10.3,9.023100999999999,176830500
275,2006-02-03,10.32,10.398571,10.148571,10.264286,8.991811,173030900
276,2006-02-06,10.288571000000001,10.358571000000001,9.534286,9.614285,8.422391000000001,412941900
277,2006-02-07,9.752857,9.925714,9.525714,9.657143,8.459935,347207700
278,2006-02-08,9.784286,9.868571000000001,9.428572,9.83,8.611367999999999,238278600
279,2006-02-09,9.871428,9.89,9.218572,9.278571000000001,8.128298,287441000
280,2006-02-10,9.311428999999999,9.667143,8.985714,9.615714,8.423641,440119400
281,2006-02-13,9.518572,9.535714,9.234285,9.244286,8.09826,220874500
282,2006-02-14,9.3,9.728572,9.285714,9.662857,8.464942,290234700
283,2006-02-15,9.594286,9.945714,9.535714,9.888572,8.662678,289942800
284,2006-02-16,9.987143,10.144286,9.925714,10.081429,8.831623,237043800
285,2006-02-17,10.042857000000001,10.127142999999998,9.944285,10.041428999999999,8.796579,143999800
286,2006-02-21,10.084286,10.114285,9.811428999999999,9.868571000000001,8.645152000000001,194901700
287,2006-02-22,9.857142,10.238571,9.714286,10.188571000000001,8.925483,244559700
288,2006-02-23,10.255714,10.428572,10.204286,10.25,8.979298,214229400
289,2006-02-24,10.305715,10.412857,10.171429,10.208571000000001,8.943006,133686000
290,2006-02-27,10.284286,10.302857000000001,10.092857,10.141428999999999,8.884185,197810200
291,2006-02-28,10.225715,10.342857,9.728572,9.784286,8.571318,316745100
292,2006-03-01,9.834286,9.927143,9.717143,9.871428,8.647656,190954400
293,2006-03-02,9.855714,9.998571,9.81,9.944285,8.711486,156318400
294,2006-03-03,9.914286,9.987143,9.647142,9.674286,8.474953999999999,184417100
295,2006-03-06,9.67,9.674286,9.277142999999999,9.354285,8.194624000000001,228166400
296,2006-03-07,9.394286,9.557143,9.297143,9.472857000000001,8.298499000000001,218219400
297,2006-03-08,9.47,9.6,9.335714,9.38,8.217153,163312800
298,2006-03-09,9.425714,9.495714,9.115714,9.132857000000001,8.000648,199826200
299,2006-03-10,9.15,9.212857000000001,8.921429,9.027142999999999,7.908039,260785700
300,2006-03-13,9.292857000000001,9.468572,9.255714,9.382857000000001,8.219656,215296900
301,2006-03-14,9.395715,9.617142999999999,9.357142,9.617142999999999,8.424897999999999,160505100
302,2006-03-15,9.672857,9.72,9.36,9.461428999999999,8.288487,222999000
303,2006-03-16,9.55,9.557143,9.185715,9.187142999999999,8.048204,187409600
304,2006-03-17,9.25,9.362857,9.158571,9.237143,8.092005,203010500
305,2006-03-20,9.317142,9.351429,9.124286,9.141428999999999,8.008157,151360300
306,2006-03-21,8.83,9.191428,8.77,8.83,7.7353369999999995,336341600
307,2006-03-22,8.88,9.035714,8.752857,8.81,7.717817,336473900
308,2006-03-23,8.831429,8.842857,8.515715,8.594286,7.528846000000001,356956600
309,2006-03-24,8.607142,8.705714,8.432858,8.565714,7.5038149999999995,267995000
310,2006-03-27,8.621428,8.768572,8.485714,8.501429,7.4475,277018000
311,2006-03-28,8.518572,8.591429,8.321428,8.387143,7.3473809999999995,342580700
312,2006-03-29,8.447142999999999,8.931429,8.238571,8.904285,7.800413000000001,586708500
313,2006-03-30,8.974286,9.042857000000001,8.79,8.964286,7.852975999999999,347662700
314,2006-03-31,9.035714,9.087143,8.891428999999999,8.96,7.849218,203839300
315,2006-04-03,9.095715,9.16,8.944285,8.95,7.84046,203947800
316,2006-04-04,8.871428,8.888572,8.721428999999999,8.738571,7.655241999999999,232981000
317,2006-04-05,9.244286,9.601429,9.164286,9.601429,8.411131,558352200
318,2006-04-06,9.757143,10.292857000000001,9.742857,10.177143,8.915473,665942200
319,2006-04-07,10.132857000000001,10.172857,9.781428,9.97,8.734010000000001,386309700
320,2006-04-10,10.041428999999999,10.132857000000001,9.778571000000001,9.81,8.593848,225878800
321,2006-04-11,9.855714,9.9,9.581429,9.712857000000001,8.508742,234829000
322,2006-04-12,9.715714,9.738571,9.471428999999999,9.53,8.348557000000001,184973600
323,2006-04-13,9.477143,9.634286,9.401428,9.495714,8.318522999999999,183669500
324,2006-04-17,9.501429,9.548572,9.192857,9.258572000000001,8.110778,180484500
325,2006-04-18,9.291428999999999,9.495714,9.255714,9.46,8.287236,198711100
326,2006-04-19,9.545714,9.571428,9.352858,9.378572,8.215899,271508300
327,2006-04-20,9.93,10.0,9.457142999999999,9.661427999999999,8.463694,416745700
328,2006-04-21,9.741427999999999,9.805715,9.495714,9.577143,8.389855,197246700
329,2006-04-24,9.55,9.56,9.357142,9.392858,8.228416000000001,176757000
330,2006-04-25,9.422857,9.512857,9.365714,9.452857,8.280975999999999,132265700
331,2006-04-26,9.521428,9.754286,9.485714,9.735714,8.52877,177721600
332,2006-04-27,9.675714,9.98,9.621428,9.908571,8.680197999999999,211486800
333,2006-04-28,9.911427999999999,10.185715,9.885715,10.055715,8.809097999999999,190009400
334,2006-05-01,10.11,10.22,9.88,9.942857,8.710231,187595100
335,2006-05-02,10.021428,10.282857,10.015715,10.231428,8.963028,192915800
336,2006-05-03,10.261429,10.278571000000001,10.025714,10.162857,8.902959,171747800
337,2006-05-04,10.174286,10.412857,10.065714,10.161427999999999,8.901708,215105100
338,2006-05-05,10.265715,10.321428,10.164286,10.27,8.996815,140977900
339,2006-05-08,10.427143,10.542857000000001,10.245714,10.27,8.996815,148712900
340,2006-05-09,10.26,10.365714,10.088572000000001,10.147142,8.889191,132916700
341,2006-05-10,10.184286,10.19,9.944285,10.085714,8.835379,114972200
342,2006-05-11,10.112857,10.12,9.65,9.735714,8.52877,203172200
343,2006-05-12,9.692857,9.812857000000001,9.551428999999999,9.671429,8.472452,160443500
344,2006-05-15,9.624286,9.768572,9.588572000000001,9.684286,8.483716000000001,132294400
345,2006-05-16,9.728572,9.75,9.25,9.282857,8.132050999999999,234185000
346,2006-05-17,9.244286,9.385715,9.152857000000001,9.322857,8.167092,188548500
347,2006-05-18,9.382857000000001,9.465714,9.017142999999999,9.025714,7.906785,164610600
348,2006-05-19,9.037142999999999,9.268572,8.974286,9.215714,8.073233,246466500
349,2006-05-22,9.124286,9.141428999999999,8.967143,9.054286,7.931817999999999,179743900
350,2006-05-23,9.265715,9.312857000000001,9.0,9.021428,7.9030320000000005,173603500
351,2006-05-24,8.998571,9.092857,8.794286,9.048572,7.926810000000001,229007800
352,2006-05-25,9.18,9.207142999999999,9.041428999999999,9.19,8.050704,115843000
353,2006-05-26,9.187142999999999,9.222857000000001,9.02,9.078571,7.953092,108237500
354,2006-05-30,9.041428999999999,9.042857000000001,8.745714,8.745714,7.6615,140850500
355,2006-05-31,8.822857,8.827143,8.384286,8.538571000000001,7.480036999999999,320244400
356,2006-06-01,8.55,8.897142,8.502857,8.881428999999999,7.780388,235627000
357,2006-06-02,8.998571,9.014286,8.697142999999999,8.808572,7.716563000000001,171446800
358,2006-06-05,8.735714,8.735714,8.567142,8.571428,7.50882,151446400
359,2006-06-06,8.602858,8.661427999999999,8.415714,8.531428,7.4737789999999995,181509300
360,2006-06-07,8.585714,8.628572,8.335714,8.365714,7.328607000000001,187626600
361,2006-06-08,8.348572,8.704286,8.164286,8.68,7.603930999999999,349370700
362,2006-06-09,8.74,8.794286,8.442857,8.462857000000001,7.413709,193959500
363,2006-06-12,8.485714,8.532857,8.137143,8.142858,7.133382000000001,179446400
364,2006-06-13,8.23,8.442857,8.194285,8.332857,7.299824,270160800
365,2006-06-14,8.325714,8.397142,8.098572,8.23,7.209718,219534000
366,2006-06-15,8.185715,8.534286,8.107142,8.482857000000001,7.43123,297595900
367,2006-06-16,8.422857,8.455714,8.217143,8.222857000000001,7.203461999999999,209525400
368,2006-06-19,8.261429,8.311428999999999,8.142858,8.171429,7.158409,176143800
369,2006-06-20,8.23,8.335714,8.184286,8.21,7.1921990000000005,168243600
370,2006-06-21,8.248571,8.387143,8.185715,8.265715,7.241007000000001,215824000
371,2006-06-22,8.314285,8.535714,8.295714,8.511429,7.456258,241408300
372,2006-06-23,8.531428,8.595715,8.39,8.404285,7.362399000000001,165050900
373,2006-06-26,8.452857,8.457142999999999,8.338572000000001,8.427143,7.382422999999999,116634000
374,2006-06-27,8.441428,8.46,8.2,8.204286,7.187192,137652900
375,2006-06-28,8.184286,8.185715,7.915714,8.002857,7.010735,212676100
376,2006-06-29,8.108571000000001,8.441428,8.055715,8.424286,7.379917999999999,218349600
377,2006-06-30,8.227143,8.25,8.071428,8.181429,7.16717,184923900
378,2006-07-03,8.217143,8.311428999999999,8.191428,8.278571000000001,7.252267999999999,48692700
379,2006-07-05,8.164286,8.228572,8.08,8.142858,7.133382000000001,129560200
380,2006-07-06,8.155714,8.2,7.944286,7.967142999999999,6.97945,158302200
381,2006-07-07,7.925714,8.078571,7.81,7.914286,6.933144,199840200
382,2006-07-10,7.957142999999999,8.07,7.785714,7.857142999999999,6.883085,132336400
383,2006-07-11,7.872857000000001,7.998571000000001,7.79,7.95,6.964430999999999,206255700
384,2006-07-12,7.881429,7.891427999999999,7.56,7.565714,6.627785,231832300
385,2006-07-13,7.432857,7.731428999999999,7.344285,7.464286,6.538932,312476500
386,2006-07-14,7.5,7.555714,7.165714,7.2385720000000005,6.341199,248259200
387,2006-07-17,7.39,7.587142999999999,7.378572,7.481428999999999,6.553947999999999,256135600
388,2006-07-18,7.594285,7.692857000000001,7.407143,7.557142999999999,6.620276,250112100
389,2006-07-19,7.565714,7.868571,7.48,7.7285710000000005,6.770453,347685800
390,2006-07-20,8.708571000000001,8.798572,8.531428,8.642858,7.571394000000001,493036600
391,2006-07-21,8.545714,8.735714,8.52,8.674286,7.598926,222973100
392,2006-07-24,8.751429,8.871428,8.632857000000001,8.774285,7.686528999999999,180714100
393,2006-07-25,8.825714,8.87,8.682858,8.847142999999999,7.750356,147267400
394,2006-07-26,8.857142,9.234285,8.811428999999999,9.124286,7.993139,224606900
395,2006-07-27,9.214286,9.288571000000001,8.98,9.057143,7.934323,183761200
396,2006-07-28,9.134286,9.382857000000001,9.071428,9.37,8.208393,172876900
397,2006-07-31,9.547143,9.804286,9.468572,9.708571000000001,8.50499,223210400
398,2006-08-01,9.602858,9.704286,9.42,9.597142999999999,8.407376,177941400
399,2006-08-02,9.664286,9.811428999999999,9.644286,9.737143,8.53002,137692100
400,2006-08-03,9.701428,10.0,9.687142999999999,9.941428,8.708982,210261100
401,2006-08-04,9.578571,9.801428999999999,9.28,9.757143,8.547544,463216600
402,2006-08-07,9.674286,9.942857,9.472857000000001,9.601429,8.411131,311378200
403,2006-08-08,9.584286,9.587143,9.215714,9.254286,8.107023,249466000
404,2006-08-09,9.347142999999999,9.371428,9.057143,9.084286,7.958097,238959700
405,2006-08-10,9.035714,9.258572000000001,8.957142999999999,9.152857000000001,8.018168,174440000
406,2006-08-11,9.032857,9.161427999999999,8.94,9.092857,7.965609,194382300
407,2006-08-14,9.15,9.317142,9.085714,9.134286,8.001902000000001,179405100
408,2006-08-15,9.334286,9.5,9.257143,9.492857,8.316016000000001,215338200
409,2006-08-16,9.585714,9.724286,9.475715,9.711428999999999,8.507494,195321000
410,2006-08-17,9.714286,9.808572,9.597142999999999,9.655714,8.458686,145287100
411,2006-08-18,9.672857,9.771428,9.608571000000001,9.701428,8.498732,134088500
412,2006-08-21,9.614285,9.615714,9.45,9.508572000000001,8.329785000000001,131556600
413,2006-08-22,9.525714,9.76,9.5,9.66,8.462439999999999,144242000
414,2006-08-23,9.714286,9.807143,9.562857000000001,9.615714,8.423641,134064700
415,2006-08-24,9.698571000000001,9.741427999999999,9.467143,9.687142999999999,8.48622,163797900
416,2006-08-25,9.62,9.864285,9.615714,9.821428,8.603856,135989700
417,2006-08-28,9.785714,9.801428999999999,9.525714,9.568571,8.382346,184540300
418,2006-08-29,9.57,9.608571000000001,9.302857000000001,9.497143,8.319776,236833100
419,2006-08-30,9.62,9.688571000000001,9.525714,9.565714,8.379845,170035600
420,2006-08-31,9.611428,9.757143,9.522857,9.692857,8.491225,143674300
421,2006-09-01,9.782857,9.807143,9.688571000000001,9.768572,8.557552000000001,102123700
422,2006-09-05,9.852858,10.214286,9.792857000000001,10.211428999999999,8.945508,253114400
423,2006-09-06,10.154285,10.241427999999999,9.957142999999999,10.004286,8.764045,243525800
424,2006-09-07,10.085714,10.497143,10.035714,10.4,9.110702999999999,316989400
425,2006-09-08,10.481428,10.51,10.272857,10.36,9.075660000000001,223980400
426,2006-09-11,10.347142999999999,10.532857,10.202857,10.357142,9.073158,237281100
427,2006-09-12,10.401428,10.492857,10.207142999999999,10.375714,9.089427,421171800
428,2006-09-13,10.407143,10.617142999999999,10.328571,10.6,9.285909,286534500
429,2006-09-14,10.531428,10.667143,10.494286,10.595715,9.282155,200432400
430,2006-09-15,10.657143,10.711428999999999,10.47,10.585714,9.273394999999999,245463400
431,2006-09-18,10.542857000000001,10.694285,10.471428999999999,10.555715,9.247114,176319500
432,2006-09-19,10.585714,10.622857000000002,10.4,10.538571000000001,9.232094,177512300
433,2006-09-20,10.625714,10.811428999999999,10.602858,10.751429,9.418566,205697800
434,2006-09-21,10.75,10.865714,10.574286,10.664286,9.342224,198531200
435,2006-09-22,10.614285,10.62,10.368571000000001,10.428572,9.135731,166278000
436,2006-09-25,10.544286,10.837143,10.531428,10.821428,9.479885000000001,214748100
437,2006-09-26,10.882857000000001,11.111428,10.871428,11.087143,9.712660000000001,275737000
438,2006-09-27,11.024285,11.067142,10.831429,10.915714,9.562486,202593300
439,2006-09-28,11.002857,11.068571,10.85,11.001429,9.637571000000001,180902400
440,2006-09-29,11.015715,11.074286,10.954286,10.997143,9.633817,101453100
441,2006-10-02,10.728572,10.838572000000001,10.614285,10.694285,9.368505,178159800
442,2006-10-03,10.635715,10.707142999999999,10.455714,10.582857,9.270888000000001,197677200
443,2006-10-04,10.585714,10.78,10.451428,10.768572,9.433582000000001,207270700
444,2006-10-05,10.647142,10.88,10.59,10.69,9.364749,170970800
445,2006-10-06,10.631428999999999,10.72,10.544286,10.602858,9.28841,116739700
446,2006-10-09,10.542857000000001,10.725715,10.504286,10.661427999999999,9.339723,109555600
447,2006-10-10,10.648571,10.654285,10.44,10.544286,9.237102,132897100
448,2006-10-11,10.488571,10.568571,10.371428,10.461428999999999,9.164515,142963800
449,2006-10-12,10.515715,10.77,10.514286,10.751429,9.418566,148213800
450,2006-10-13,10.804286,10.982857000000001,10.677143,10.717143,9.388530000000001,171049200
451,2006-10-16,10.741427999999999,10.84,10.684286,10.771428,9.436085,127173200
452,2006-10-17,10.72,10.752857,10.577143,10.612857,9.29717,120231300
453,2006-10-18,10.678572,10.767142999999999,10.558572,10.647142,9.327207000000001,283476900
454,2006-10-19,11.322857,11.421429,11.165714,11.284286,9.885361999999999,378244300
455,2006-10-20,11.281428,11.427143,11.238571,11.421429,10.005505,159853400
456,2006-10-23,11.427143,11.7,11.392858,11.637143,10.194475,208126800
457,2006-10-24,11.601429,11.668571,11.457142999999999,11.578571,10.143164,115803100
458,2006-10-25,11.621428,11.714286,11.572857,11.668571,10.222006,121303700
459,2006-10-26,11.7,11.8,11.59,11.741427999999999,10.285831,108189200
460,2006-10-27,11.678572,11.778571000000001,11.43,11.487143,10.063072,148741600
461,2006-10-30,11.427143,11.557143,11.357142,11.488571,10.06432,124979400
462,2006-10-31,11.635715,11.668571,11.461428999999999,11.582857,10.14692,125368600
463,2006-11-01,11.585714,11.625714,11.194285,11.308572,9.906637,152798100
464,2006-11-02,11.274285,11.331429,11.214286,11.282857,9.884109,116370800
465,2006-11-03,11.337143,11.361428,11.112857,11.184286,9.797758,107972200
466,2006-11-06,11.278571000000001,11.437142999999999,11.204286,11.387143,9.975468,108644200
467,2006-11-07,11.492857,11.571428,11.447142999999999,11.501429,10.075585,131483100
468,2006-11-08,11.431429,11.812857000000001,11.412857,11.778571000000001,10.318369,172729200
469,2006-11-09,11.842857,12.098572,11.731428,11.905714,10.42975,230763400
470,2006-11-10,11.935715,11.942857,11.785714,11.874286,10.402219,93466100
471,2006-11-13,11.888572,12.064285,11.805715,12.05,10.55615,112668500
472,2006-11-14,12.114285,12.142858,11.985714,12.142858,10.637496,147238700
473,2006-11-15,12.15,12.271428,12.0,12.007143,10.518606,163830800
474,2006-11-16,12.124286,12.328571,12.088572000000001,12.23,10.713834,173485200
475,2006-11-17,12.162857,12.277142999999999,12.142858,12.264286,10.743869,116606000
476,2006-11-20,12.2,12.428572,12.171429,12.352858,10.821461,142698500
477,2006-11-21,12.488571,12.657143,12.444285,12.657143,11.088024,155666700
478,2006-11-22,12.712857000000001,12.964286,12.55,12.901428,11.302027,167985300
479,2006-11-24,12.79,13.297143,12.785714,13.09,11.467222,129669400
480,2006-11-27,13.215714000000002,13.308572,12.785714,12.791428999999999,11.205663000000001,268709000
481,2006-11-28,12.908571,13.138572,12.844286,13.115714,11.489745,259043400
482,2006-11-29,13.285714000000002,13.307143,12.892858,13.114285,11.488496000000001,289270800
483,2006-11-30,13.172857,13.24,13.008572000000001,13.094286,11.470975,217621600
484,2006-12-01,13.114285,13.19,12.871428,13.045714,11.428427000000001,198769900
485,2006-12-04,13.125714000000002,13.15,12.928572,13.017142999999999,11.403395,177384200
486,2006-12-05,13.092857,13.19,12.981428,13.038571000000001,11.422167,165709600
487,2006-12-06,12.948571000000001,13.055715,12.81,12.832857,11.241956,159546100
488,2006-12-07,12.861428,12.928572,12.414286,12.434286,10.892795,251206900
489,2006-12-08,12.461428999999999,12.77,12.428572,12.608571000000001,11.045474,196069300
490,2006-12-11,12.7,12.757143,12.578571,12.678572,11.106797,124945100
491,2006-12-12,12.658571,12.691428,12.218572,12.305715,10.780164,256655000
492,2006-12-13,12.564285,12.724286,12.45,12.721428999999999,11.14434,214263000
493,2006-12-14,12.721428999999999,12.857142,12.608571000000001,12.65,11.081769,208082700
494,2006-12-15,12.717143,12.745714,12.475715,12.531428,10.977896000000001,184984800
495,2006-12-18,12.518572,12.571428,12.084286,12.21,10.696313,180394200
496,2006-12-19,12.104285,12.382857000000001,11.945714,12.33,10.801436,227851400
497,2006-12-20,12.352858,12.381428999999999,12.105714,12.108571000000001,10.607460000000001,141922900
498,2006-12-21,12.1,12.211428999999999,11.742857,11.842857,10.37469,225899800
499,2006-12-22,11.922857,12.005714,11.657143,11.742857,10.287085000000001,153325900
500,2006-12-26,11.735714,11.795714,11.555715,11.644286,10.200733999999999,122672200
501,2006-12-27,11.164286,11.714286,10.967143,11.645715,10.201986,483938700
502,2006-12-28,11.46,11.607142,11.378572,11.552857000000001,10.120638,279969200
503,2006-12-29,11.992857,12.2,11.908571,12.12,10.617473,269107300
504,2007-01-03,12.327143,12.368571000000001,11.7,11.971428999999999,10.487321000000001,309579900
505,2007-01-04,12.007143,12.278571000000001,11.974286,12.237143,10.720094,211815100
506,2007-01-05,12.252857,12.314285,12.057143,12.15,10.643752000000001,208685400
507,2007-01-08,12.28,12.361428,12.182858,12.21,10.696313,199276700
508,2007-01-09,12.35,13.282857,12.164286,13.224286,11.584859,837324600
509,2007-01-10,13.535714000000002,13.971429,13.35,13.857142000000001,12.139261999999999,738220000
510,2007-01-11,13.705714000000002,13.825714000000001,13.585714000000001,13.685715,11.989083,360063200
511,2007-01-12,13.512857,13.58,13.318570999999999,13.517142999999999,11.84141,328172600
512,2007-01-16,13.668571,13.892857999999999,13.635715,13.871428,12.151772,311019100
513,2007-01-17,13.937142999999999,13.942857,13.545714000000002,13.564285,11.882710000000001,411565000
514,2007-01-18,13.157143,13.158570999999998,12.721428999999999,12.724286,11.146847,591151400
515,2007-01-19,12.661427999999999,12.807143,12.588572000000001,12.642858,11.075509,341118400
516,2007-01-22,12.734285,12.737143,12.235714,12.398571,10.861509,363506500
517,2007-01-23,12.247143,12.501429,12.215714,12.242857,10.725096,301856100
518,2007-01-24,12.382857000000001,12.45,12.297143,12.385715,10.850245,231953400
519,2007-01-25,12.444285,12.642858,12.29,12.321428,10.793928999999999,226493400
520,2007-01-26,12.444285,12.481428,12.141428999999999,12.197142999999999,10.685053,246718500
521,2007-01-29,12.328571,12.378572,12.218572,12.277142999999999,10.755135000000001,225416100
522,2007-01-30,12.347142999999999,12.355714,12.178572,12.221428999999999,10.706325999999999,144492600
523,2007-01-31,12.122857000000002,12.285714,12.05,12.247143,10.728850999999999,214017300
524,2007-02-01,12.318571,12.324286,12.105714,12.105714,10.604955,166085500
525,2007-02-02,12.017142999999999,12.178572,11.957142999999999,12.107142,10.606208,155382500
526,2007-02-05,12.042857000000001,12.175714,11.991427999999999,11.991427999999999,10.50484,144713100
527,2007-02-06,12.064285,12.067142,11.837143,12.021428,10.53112,216098400
528,2007-02-07,12.068571,12.34,11.935715,12.307143,10.781416,266706300
529,2007-02-08,12.204286,12.358571000000001,12.201428,12.311428999999999,10.785169999999999,169757700
530,2007-02-09,12.268572,12.314285,11.887143,11.895715,10.420993,215135200
531,2007-02-12,12.061428999999999,12.168571,11.947142999999999,12.125714,10.622478,181017900
532,2007-02-13,12.165714,12.184286,12.042857000000001,12.1,10.599950999999999,145246500
533,2007-02-14,12.09,12.234285,12.081429,12.185715,10.67504,126995400
534,2007-02-15,12.205714,12.231428,12.111428,12.172857,10.663775999999999,90915300
535,2007-02-16,12.178572,12.201428,12.094286,12.118571000000001,10.616222,99967000
536,2007-02-20,12.092857,12.308572,12.022857,12.271428,10.75013,154425600
537,2007-02-21,12.282857,12.784286,12.28,12.742857,11.163113000000001,288828400
538,2007-02-22,12.971428999999999,12.972857000000001,12.647142,12.787142999999999,11.201908,209556200
539,2007-02-23,12.737143,12.905714,12.692857,12.724286,11.146847,129473400
540,2007-02-26,12.834286,12.857142,12.515715,12.644286,11.076761999999999,153962200
541,2007-02-27,12.328571,12.44,11.915714,11.99,10.503589,286453300
542,2007-02-28,11.857142,12.228572,11.857142,12.087143,10.58869,229868800
543,2007-03-01,12.004286,12.615714,11.964286,12.437142999999999,10.895303,353882200
544,2007-03-02,12.395715,12.505714,12.172857,12.201428,10.688806,215000100
545,2007-03-05,12.27,12.664286,12.251429,12.331429,10.802691000000001,209724900
546,2007-03-06,12.542857000000001,12.615714,12.485714,12.598572,11.036715,180796700
547,2007-03-07,12.578571,12.71,12.492857,12.531428,10.977896000000001,156571100
548,2007-03-08,12.655714,12.674286,12.494286,12.571428,11.012938,127752800
549,2007-03-09,12.685715,12.692857,12.485714,12.567142,11.009181,112959000
550,2007-03-12,12.581429,12.855714,12.57,12.838572000000001,11.246961,182352100
551,2007-03-13,12.772857,12.942857,12.628572,12.628572,11.062997,216972700
552,2007-03-14,12.657143,12.857142,12.56,12.857142,11.26323,199146500
553,2007-03-15,12.851429,12.908571,12.758572000000001,12.795714,11.209416000000001,139874700
554,2007-03-16,12.791428999999999,12.855714,12.76,12.798572,11.211919,142926000
555,2007-03-19,12.891428999999999,13.078571,12.798572,13.018572,11.404646000000001,178240300
556,2007-03-20,13.05,13.12,13.008572000000001,13.068571,11.448447999999999,122229100
557,2007-03-21,13.141429,13.428572,13.092857,13.41,11.74755,171724000
558,2007-03-22,13.39,13.48,13.285714000000002,13.422857,11.758811,140373100
559,2007-03-23,13.335714000000001,13.438571,13.328570999999998,13.36,11.703749,112721000
560,2007-03-26,13.427143,13.7,13.328570999999998,13.692857,11.995339999999999,216246800
561,2007-03-27,13.672857,13.832857,13.571428,13.637143,11.946534,233013200
562,2007-03-28,13.554286,13.628572,13.307143,13.32,11.668706,235584300
563,2007-03-29,13.455714000000002,13.455714000000002,13.175714000000001,13.392857999999999,11.732532,181430900
564,2007-03-30,13.468572,13.525714,13.25,13.272857,11.627406,150139500
565,2007-04-02,13.448571,13.464285999999998,13.288571,13.378572,11.720019,125498100
566,2007-04-03,13.448571,13.604285,13.394286,13.5,11.826391000000001,145983600
567,2007-04-04,13.562857000000001,13.591429000000002,13.447142999999999,13.467143,11.797607000000001,119196000
568,2007-04-05,13.445714,13.525714,13.36,13.525714,11.848919,88879000
569,2007-04-09,13.601429000000001,13.614285,13.291429,13.378572,11.720019,103335400
570,2007-04-10,13.381429,13.465714000000002,13.344285999999999,13.464285999999998,11.795105,88116700
571,2007-04-11,13.414285999999999,13.421429000000002,13.19,13.227143,11.587361,137254600
572,2007-04-12,13.148570999999999,13.187142999999999,12.96,13.17,11.537302,164168900
573,2007-04-13,12.985714,13.057143,12.865714,12.891428999999999,11.293265,179985400
574,2007-04-16,12.938571000000001,13.071428,12.892858,13.061428999999999,11.44219,152258400
575,2007-04-17,13.142857999999999,13.185715,12.814285,12.907143,11.307034,187980100
576,2007-04-18,12.88,12.978572,12.8,12.914286,11.313292,116011000
577,2007-04-19,12.884286,13.035714,12.832857,12.895715,11.297022,106478400
578,2007-04-20,12.984285,13.025714,12.935715,12.995714,11.384621000000001,130694900
579,2007-04-23,13.084286,13.4,13.06,13.358571,11.702498,195072500
580,2007-04-24,13.422857,13.77,13.042857000000001,13.32,11.668706,263813200
581,2007-04-25,13.461429,13.628572,13.4,13.621428,11.932769,296786000
582,2007-04-26,14.511429000000001,14.642857999999999,14.042857000000001,14.12,12.369531,434444500
583,2007-04-27,14.025714,14.278571,13.955714000000002,14.274285,12.504688,174850900
584,2007-04-30,14.298572,14.428572,14.238570999999999,14.257143,12.489673,154127400
585,2007-05-01,14.227143,14.335714000000001,14.078570999999998,14.21,12.448374000000001,133130900
586,2007-05-02,14.235714000000002,14.362857,14.21,14.341429000000002,12.563507000000001,126286300
587,2007-05-03,14.39,14.492857,14.287142999999999,14.342857,12.564759,144019400
588,2007-05-04,14.4,14.514285999999998,14.357142000000001,14.401428,12.61607,95496800
589,2007-05-07,14.44,14.907143,14.43,14.845715,13.005277,215389300
590,2007-05-08,14.781428,15.021428,14.774285,15.008572000000001,13.147945000000002,195999300
591,2007-05-09,14.987143,15.28,14.984285,15.268572,13.375714000000002,179439400
592,2007-05-10,15.232857000000001,15.548572,15.131429,15.334285999999999,13.433279999999998,299314400
593,2007-05-11,15.391429,15.59,15.254285999999999,15.534285999999998,13.608482999999998,163424100
594,2007-05-14,15.66,15.714285999999998,15.464285999999998,15.622857000000002,13.686078,162986600
595,2007-05-15,15.652857000000001,15.742857,15.211429,15.36,13.455805999999999,238628600
596,2007-05-16,15.504285999999999,15.547143,14.774285,15.334285999999999,13.433279999999998,281691900
597,2007-05-17,15.307143,15.695714,15.307143,15.634286,13.69609,183822800
598,2007-05-18,15.747143,15.805715,15.681429000000001,15.717143,13.768673999999999,155336300
599,2007-05-21,15.758572000000001,16.064285,15.721429,15.997143,14.013963,159973100
600,2007-05-22,16.07,16.25,16.001429,16.219998999999998,14.209189000000002,143102400
601,2007-05-23,16.288572,16.428572,16.084286,16.127142000000003,14.127845,227843700
602,2007-05-24,16.115714999999998,16.351429,15.767142999999999,15.812857000000001,13.852521,221840500
603,2007-05-25,16.0,16.254285999999997,15.928572,16.231428,14.219203,158239900
604,2007-05-29,16.35,16.408571,16.098572,16.335714000000003,14.310559,161423500
605,2007-05-30,16.328571,16.982857,16.218571,16.967142000000003,14.863709,369611200
606,2007-05-31,17.152857,17.452858,17.077143,17.312857,15.166566,324266600
607,2007-06-01,17.299999,17.312857,16.898571,16.914285999999997,14.817407000000001,221315500
608,2007-06-04,16.947144,17.389999,16.842857000000002,17.332857,15.184085999999999,221668300
609,2007-06-05,17.344286,17.527143,17.214285,17.524286,15.351784,230196400
610,2007-06-06,17.471428,17.721428,17.421429,17.662857000000002,15.473173000000001,278060300
611,2007-06-07,17.855715,18.23,17.598572,17.724285000000002,15.526992000000002,478769900
612,2007-06-08,17.974285000000002,17.975714,17.469998999999998,17.784285999999998,15.579554000000002,310420600
613,2007-06-11,18.0,18.021429,17.077143,17.17,15.041418,468564600
614,2007-06-12,17.049999,17.387142,16.901428,17.197144,15.065195000000001,356641600
615,2007-06-13,17.307142000000002,17.312857,16.485714,16.785715,14.704778,430338300
616,2007-06-14,16.742857,17.064285,16.631428,16.964285,14.861204,243316500
617,2007-06-15,17.231428,17.238571,17.122857999999997,17.214285,15.080214000000002,202804700
618,2007-06-18,17.611429,17.882856,17.505714,17.870001000000002,15.654639999999999,227651200
619,2007-06-19,17.812857,17.858572,17.558571,17.665714,15.475679999999999,235756500
620,2007-06-20,17.695715,17.808571,17.357143,17.364286,15.211623999999999,224378000
621,2007-06-21,17.385714,17.755714,17.245714000000003,17.700001,15.505714999999999,216761300
622,2007-06-22,17.692857999999998,17.778572,17.482857,17.571428,15.393078,157969000
623,2007-06-25,17.741428,17.870001000000002,17.294285000000002,17.477142,15.310483999999999,241350900
624,2007-06-26,17.711428,17.714285,16.959999,17.092857000000002,14.973838,336251300
625,2007-06-27,17.23,17.434286,17.037144,17.412857000000002,15.254169000000001,243674200
626,2007-06-28,17.48,17.498571,17.142857,17.222857,15.087724,209535900
627,2007-06-29,17.424286,17.714285,17.298571,17.434286,15.272942,284460400
628,2007-07-02,17.292856,17.441429,17.042856,17.322857,15.175326,248715600
629,2007-07-03,17.428572,18.200001,17.357143,18.167143,15.914948,290620400
630,2007-07-05,18.4,18.995714000000003,18.384285000000002,18.964285,16.613262,363262900
631,2007-07-06,19.018572,19.048571,18.628571,18.9,16.556948000000002,218673700
632,2007-07-09,18.911428,18.985714,18.454287,18.618572,16.310408,248955000
633,2007-07-10,18.411428,19.214285,18.401428,18.907142999999998,16.563208,313751900
634,2007-07-11,18.867144,19.1,18.758572,18.912857000000002,16.568207,205443000
635,2007-07-12,19.121429,19.177143,18.912857000000002,19.152857,16.77846,176152200
636,2007-07-13,19.290001,19.692857999999998,19.217142000000003,19.675714000000003,17.236496,226901500
637,2007-07-16,19.77,19.997142999999998,19.642857,19.728571,17.282804000000002,234028200
638,2007-07-17,19.757143,19.942857999999998,19.642857,19.844286,17.384171,177489900
639,2007-07-18,19.741428,19.777143,19.434286,19.731428,17.285307,189214200
640,2007-07-19,20.042856,20.115714999999998,19.950001,20.0,17.520578,183222900
641,2007-07-20,20.235714,20.597143,20.0,20.535715,17.989882,291943400
642,2007-07-23,20.472857,20.745714000000003,20.132856,20.528572,17.983622,259122500
643,2007-07-24,19.84,20.142857,19.164285999999997,19.27,16.881083,448823200
644,2007-07-25,19.621429,19.765715,19.285715,19.608572,17.177683,374045700
645,2007-07-26,20.844286,21.214285,19.565714,20.857143,18.271461,546657300
646,2007-07-27,20.884285000000002,21.274286,20.540001,20.549999,18.002392,290274600
647,2007-07-30,20.618572,20.778572,19.938572,20.204287,17.699539,276747100
648,2007-07-31,20.424286,20.497142999999998,18.788572,18.822857,16.489372,440598200
649,2007-08-01,19.091429,19.34,18.252857000000002,19.285715,16.89485,437539200
650,2007-08-02,19.521429,19.565714,19.164285999999997,19.498571,17.081312,213161200
651,2007-08-03,19.322857,19.421429,18.785715,18.835714000000003,16.500632999999997,169796900
652,2007-08-06,18.985714,19.324285999999997,18.328571,19.321428,16.926134,231292600
653,2007-08-07,19.277143,19.605715,18.947144,19.290001,16.898605,237484100
654,2007-08-08,19.537144,19.551428,18.857143,19.144285,16.770948,202024200
655,2007-08-09,18.73,19.0,17.870001000000002,18.055714000000002,15.817325,281348900
656,2007-08-10,17.588572,18.25,17.185715,17.857143,15.643379999999999,352687300
657,2007-08-13,18.331429,18.478571,18.071428,18.255714,15.992536,188227900
658,2007-08-14,18.327143,18.328571,17.672857,17.718571,15.521981,184751700
659,2007-08-15,17.534285999999998,17.837142999999998,17.092857000000002,17.128571,15.005126999999998,248213000
660,2007-08-16,16.715714000000002,16.928572,15.945714,16.721428,14.64846,466672500
661,2007-08-17,17.43,17.642857,17.117144,17.437143,15.275444,298765600
662,2007-08-20,17.70857,17.785715,17.214285,17.459999,15.295466000000001,200829300
663,2007-08-21,17.45857,18.422857,17.285715,18.224285000000002,15.965003,325761800
664,2007-08-22,18.745714000000003,18.964285,18.618572,18.93,16.583229,265441400
665,2007-08-23,19.012857,19.048571,18.537144,18.724285000000002,16.403019,216709500
666,2007-08-24,18.647142000000002,19.338572,18.544285000000002,19.328571,16.932389999999998,227958500
667,2007-08-27,19.055714000000002,19.237143,18.871429,18.892857,16.550686,176859900
668,2007-08-28,18.712856,18.915714,18.09,18.117144,15.871145,294841400
669,2007-08-29,18.554285,19.168571,18.505714,19.154285,16.779711,291715200
670,2007-08-30,18.952858,19.75,18.9,19.464285,17.051279,358895600
671,2007-08-31,19.927143,19.950001,19.629998999999998,19.782857999999997,17.330357,219221800
672,2007-09-04,19.991428,20.818571,19.977142,20.594286,18.041189000000003,329210700
673,2007-09-05,20.709999,20.834286,19.442857999999998,19.537144,17.115105,582055600
674,2007-09-06,19.365714999999998,19.652857,18.95857,19.287144,16.896095000000003,475315400
675,2007-09-07,18.858572,18.9,18.571428,18.824285999999997,16.490623,357644000
676,2007-09-10,19.57,19.719998999999998,19.135714,19.530001000000002,17.108845000000002,371959700
677,2007-09-11,19.700001,19.757143,19.107143,19.355715,16.956170999999998,242971400
678,2007-09-12,19.427143,19.914285999999997,19.392857,19.549999,17.126368,255692500
679,2007-09-13,19.832857,19.857143,19.521429,19.6,17.170174,164040800
680,2007-09-14,19.51,19.854286,19.457144,19.83,17.371656,151830000
681,2007-09-17,19.855715,20.084286,19.657142999999998,19.772858,17.321598,198342900
682,2007-09-18,19.865714999999998,20.407142999999998,19.690001000000002,20.131428,17.635714,266022400
683,2007-09-19,20.431429,20.451429,19.914285999999997,20.110001,17.616943,256720100
684,2007-09-20,20.021429,20.255714,19.902857,20.044285000000002,17.559378,172960200
685,2007-09-21,20.162857000000002,20.664285999999997,20.044285000000002,20.592857000000002,18.039939999999998,284720100
686,2007-09-24,20.961428,21.407142999999998,20.950001,21.182858,18.556803,263040400
687,2007-09-25,20.977142,21.888571,20.974285000000002,21.882856,19.170023,298137700
688,2007-09-26,22.067142,22.142857,21.607143,21.824285999999997,19.118706,243817000
689,2007-09-27,21.967142000000003,22.074285999999997,21.76,22.071428,19.335210999999997,164549700
690,2007-09-28,21.92,22.085714000000003,21.821428,21.924286,19.206312,153775300
691,2007-10-01,22.09,22.487143,21.847143,22.334286,19.565481,209267100
692,2007-10-02,22.364286,22.655714,22.27,22.635714,19.829546,198017400
693,2007-10-03,22.540001,22.74,22.43,22.559998999999998,19.763214,173129600
694,2007-10-04,22.571428,22.582857,21.928572,22.32,19.552971,164239600
695,2007-10-05,22.624287,23.082857,22.528572,23.064285,20.204985,235867800
696,2007-10-08,23.355715,23.987143,23.281429,23.987143,21.013433,208982200
697,2007-10-09,24.314285,24.444285999999998,23.811428,23.98,21.007177,276071600
698,2007-10-10,23.935715,23.982857,23.657142999999998,23.827143,20.873268,166897500
699,2007-10-11,24.212856,24.554285,21.887142,23.175714000000003,20.302597,410998000
700,2007-10-12,23.287144,23.897142000000002,23.114286,23.892857,20.930836,247044000
701,2007-10-15,23.997142999999998,24.224285000000002,23.357143,23.854286,20.897051,269482500
702,2007-10-16,23.648571,24.311428,23.592857000000002,24.225714,21.222431,266957600
703,2007-10-17,24.67,24.719998999999998,24.168571,24.678572,21.619146,281903300
704,2007-10-18,24.5,24.884285000000002,24.435715,24.785715,21.713007,205919000
705,2007-10-19,24.891428,24.947144,24.285715,24.345715,21.327552999999998,322945000
706,2007-10-22,24.335714000000003,24.985714,24.280001000000002,24.908571,21.820636999999998,412374900
707,2007-10-23,26.937143,26.942858,26.108572,26.594286,23.297367,448791000
708,2007-10-24,26.544285,26.744286,25.605715,26.561428000000003,23.268579000000003,322120400
709,2007-10-25,26.41,26.557142,25.951429,26.111429,22.874367000000003,243400500
710,2007-10-26,26.469998999999998,26.481428,26.125713,26.385714,23.114651000000002,176719200
711,2007-10-29,26.492857,26.655714,26.385714,26.441429,23.163462,135138500
712,2007-10-30,26.597143,27.052856,26.389999,26.714284999999997,23.402491,234853500
713,2007-10-31,26.804284999999997,27.16,26.421428999999996,27.135714,23.771677,208327700
714,2007-11-01,26.942858,27.157142999999998,25.714285,26.777143,23.457556,201259100
715,2007-11-02,27.030001000000002,27.062857,26.212856,26.838571999999996,23.511374,250528600
716,2007-11-05,26.469998999999998,26.994286,26.32,26.597143,23.299871,201044200
717,2007-11-06,26.721428000000003,27.428571999999996,26.467142,27.398571,24.001949,238681800
718,2007-11-07,27.23,27.525715,26.59,26.614286,23.314885999999998,248581900
719,2007-11-08,26.667143,26.700001,23.967142000000003,25.067142,21.959549,472594500
720,2007-11-09,24.450001,25.017143,23.601429,23.624287,20.69556,381595200
721,2007-11-12,23.611429,23.957144,21.518572,21.965714000000002,19.242604999999998,442266300
722,2007-11-13,22.978571,24.425714000000003,21.965714000000002,24.280001000000002,21.269989000000002,434861700
723,2007-11-14,25.308571,25.367144,23.391428,23.73,20.788166,362292000
724,2007-11-15,23.77,24.227142,22.9,23.471428,20.561651,371852600
725,2007-11-16,23.614286,23.860001,22.761429,23.77,20.823215,345873500
726,2007-11-19,23.728571,24.028572,23.157142999999998,23.421429,20.517854999999997,288607200
727,2007-11-20,23.667143,24.54143,23.361429,24.121429,21.131075,385910700
728,2007-11-21,23.691429,24.621429,23.524286,24.065714,21.082264000000002,304452400
729,2007-11-23,24.571428,24.578571,24.25,24.505714,21.467717999999998,116439400
730,2007-11-26,24.798571,25.324285999999997,24.621429,24.648571,21.592863,326438700
731,2007-11-27,25.031429,25.112858,24.287144,24.972857,21.876949,329257600
732,2007-11-28,25.26,25.799999,25.049999,25.745714000000003,22.553991,287728000
733,2007-11-29,25.632856,26.452858000000003,25.592857000000002,26.327143,23.063339000000003,262731700
734,2007-11-30,26.762857,26.814284999999998,25.671429,26.031429,22.804291,296950500
735,2007-12-03,25.98,26.305714000000002,25.385714,25.551428,22.383795000000003,240367400
736,2007-12-04,25.307142000000002,25.842857000000002,25.284285999999998,25.687143,22.502682,193449900
737,2007-12-05,26.127142000000003,26.571428000000004,26.058571,26.5,23.214771,223100500
738,2007-12-06,26.598571999999997,27.157142999999998,26.588571999999996,27.135714,23.771677,224952700
739,2007-12-07,27.219998999999998,27.855715000000004,26.862858000000003,27.757143,24.316063,266516600
740,2007-12-10,27.655714,27.951428999999997,27.527143,27.744286,24.3048,180594400
741,2007-12-11,27.821428000000004,28.118571999999997,26.77,26.934286,23.595215,277731300
742,2007-12-12,27.634285,27.782858,26.537144,27.265715000000004,23.885559,306415200
743,2007-12-13,27.17,27.445715000000003,26.831428999999996,27.404284999999998,24.006948,216154400
744,2007-12-14,27.195715000000003,27.6,27.077143,27.198572,23.826736,168578200
745,2007-12-17,27.245714000000003,27.521428999999998,26.139999,26.342857000000002,23.07711,256173400
746,2007-12-18,26.645714,26.761428999999996,25.514286,26.139999,22.899399,305650800
747,2007-12-19,26.139999,26.377142,25.842857000000002,26.16,22.916918,206869600
748,2007-12-20,26.49,26.832857,26.190001000000002,26.744286,23.428774,193514300
749,2007-12-21,27.16,27.701428999999997,27.127142,27.701428999999997,24.267256,248490200
750,2007-12-24,27.861428999999998,28.475714,27.827143,28.4,24.879229000000002,120050700
751,2007-12-26,28.43,28.70857,28.117144,28.421428999999996,24.897997,175933100
752,2007-12-27,28.421428999999996,28.994286,28.257143,28.367144,24.850441,198881900
753,2007-12-28,28.655714,28.794285,28.125713,28.547141999999997,25.008126999999998,174911800
754,2007-12-31,28.5,28.642857,28.25,28.297141999999997,24.789118,134833300
755,2008-01-02,28.467142,28.608572,27.507143,27.834286,24.383644,269794700
756,2008-01-03,27.915714,28.198572,27.527143,27.847143,24.394909,210516600
757,2008-01-04,27.35,27.571428000000004,25.555714000000002,25.721428,22.532711,363958000
758,2008-01-07,25.892857,26.228571000000002,24.318571,25.377142000000003,22.231115,518048300
759,2008-01-08,25.734285,26.065714,24.4,24.464285,21.431419,380954000
760,2008-01-09,24.471428,25.642857,24.042856,25.628571,22.451372,453470500
761,2008-01-10,25.368572,25.857143,25.058571,25.431429,22.278667000000002,370743800
762,2008-01-11,25.142857,25.407142999999998,24.285715,24.67,21.611632999999998,308071400
763,2008-01-14,25.360001,25.631428,25.024286,25.540001,22.373783,275112600
764,2008-01-15,25.388571,25.602857999999998,23.522858,24.148571,21.154844,585819500
765,2008-01-16,23.604286,24.144285,22.385714,22.805714000000002,19.978466,553461300
766,2008-01-17,23.072857,23.622857999999997,22.631428,22.984285,20.134907000000002,439464900
767,2008-01-18,23.101429,23.678572,22.801428,23.051428,20.193722,431085900
768,2008-01-22,21.151428,22.854286,20.857143,22.234285,19.47788,608688500
769,2008-01-23,19.455714999999998,20.0,18.02,19.867144,17.404198,843242400
770,2008-01-24,19.998571,20.1,18.858572,19.371429,16.969934,501466700
771,2008-01-25,19.855715,19.870001000000002,18.515715,18.572857,16.270360999999998,388684800
772,2008-01-28,18.308571,19.028572,18.064285,18.572857,16.270360999999998,368711000
773,2008-01-29,18.735714,18.969998999999998,18.435715,18.79143,16.461838,274995700
774,2008-01-30,18.767143,19.35,18.571428,18.882856,16.541930999999998,310762900
775,2008-01-31,18.492857,19.521429,18.485714,19.337142999999998,16.939903,336418600
776,2008-02-01,19.462856,19.512857,18.882856,19.107143,16.738411,252686000
777,2008-02-04,19.172857,19.414285999999997,18.774286,18.807142000000002,16.475604999999998,224808500
778,2008-02-05,18.632856,19.142857,18.414285999999997,18.48,16.189018,285260500
779,2008-02-06,18.690001000000002,18.845715,17.395714,17.428572,15.267937,393318100
780,2008-02-07,17.138571,17.825714,16.752857000000002,17.32,15.172823999999999,520832900
781,2008-02-08,17.440001000000002,17.957144,17.371429,17.925714000000003,15.703448000000002,338993200
782,2008-02-11,18.287144,18.568571,18.171429,18.492857,16.200283,300358100
783,2008-02-12,18.671429,18.714285,17.66,17.837142999999998,15.625856,306495000
784,2008-02-13,18.097143,18.540001,17.947144,18.485714,16.194025,242133500
785,2008-02-14,18.485714,18.685715,18.144285,18.20857,15.951244,238524300
786,2008-02-15,18.038572,18.154285,17.722857,17.804285,15.597071,225325100
787,2008-02-19,17.998571,18.107143,17.348572,17.454287,15.290460000000001,251261500
788,2008-02-20,17.457144,17.799999,17.382856,17.688572,15.495703,241859800
789,2008-02-21,18.007143,18.067142,17.265715,17.362858,15.210369,234528700
790,2008-02-22,17.497142999999998,17.501429,16.552856,17.065714,14.950060999999998,382469500
791,2008-02-25,16.941429,17.167143,16.665714,17.105715,14.985107000000001,314193600
792,2008-02-26,16.805714000000002,17.298571,16.491428,17.021429,14.911266,376222000
793,2008-02-27,16.889999,17.578571,16.870001000000002,17.565714,15.388074,368784500
794,2008-02-28,18.171429,18.885714,17.967142000000003,18.558571,16.257847,404563600
795,2008-02-29,18.469998999999998,18.601429,17.828571,17.860001,15.645876999999999,313870200
796,2008-03-03,17.777143,17.997142999999998,16.857143,17.389999,15.234144,398260800
797,2008-03-04,17.427143,17.84,17.200001,17.802856,15.595818,446345900
798,2008-03-05,17.654285,17.877142000000003,17.464285,17.784285999999998,15.579554000000002,305459000
799,2008-03-06,17.801428,18.214285,17.258572,17.275714999999998,15.134028,368424700
800,2008-03-07,17.201429,17.568571,17.007143,17.464285,15.299220000000002,307615700
801,2008-03-10,17.425714000000003,17.637142,17.052856,17.098572,14.978847,249897200
802,2008-03-11,17.728571,18.211428,17.428572,18.192857999999998,15.937472,290985800
803,2008-03-12,18.148571,18.382856,17.881428,18.004285999999997,15.772279000000001,264907300
804,2008-03-13,17.728571,18.5,17.571428,18.277143,16.011305,315525700
805,2008-03-14,18.554285,18.614286,17.742857,18.087142999999998,15.844863,289160200
806,2008-03-17,17.507143,18.370001000000002,17.507143,18.104286,15.859879000000001,268149700
807,2008-03-18,18.454287,19.0,18.381428,18.974285000000002,16.622023000000002,301280000
808,2008-03-19,19.017143,19.184286,18.524286,18.524286,16.227816,252634200
809,2008-03-20,18.731428,19.04143,18.454287,19.038572,16.678341,227196900
810,2008-03-24,19.144285,20.121429,19.091429,19.932858,17.461763,266730100
811,2008-03-25,19.994286,20.442857999999998,19.618572,20.139999,17.643229,263097800
812,2008-03-26,20.124287,20.82,20.091429,20.722857,18.153828,295521100
813,2008-03-27,20.707144,20.758572,19.998571,20.035715,17.55187,249957400
814,2008-03-28,20.257143,20.664285999999997,20.228571,20.43,17.897272,178652600
815,2008-03-31,20.467142000000003,20.815714,20.360001,20.5,17.958595000000003,192016300
816,2008-04-01,20.9,21.379998999999998,20.515715,21.361429,18.713236,258141800
817,2008-04-02,21.254285999999997,21.6,20.835714000000003,21.07,18.457937,261242100
818,2008-04-03,21.008572,21.947144,21.0,21.658571,18.973536,262892000
819,2008-04-04,21.741428,22.101429,21.535715,21.868572,19.157503,213604300
820,2008-04-07,22.304285,22.812857,22.158571,22.27,19.509165,289581600
821,2008-04-08,21.935715,22.35,21.76,21.834286,19.127464,253573600
822,2008-04-09,21.901428,21.984285,21.494286,21.634285000000002,18.952261,218349600
823,2008-04-10,21.59,22.202858,21.514286,22.078571,19.341475,238940800
824,2008-04-11,21.817142,21.9,20.914285999999997,21.02,18.414131,302519000
825,2008-04-14,20.967142000000003,21.321428,20.648571,21.111429,18.494228,211271900
826,2008-04-15,21.342857000000002,21.388571,20.817142,21.197144,18.569315,174509300
827,2008-04-16,21.674286,22.014286,21.517143,21.957144,19.235096,198943500
828,2008-04-17,22.024286,22.285715,21.907142999999998,22.07,19.33396,176066800
829,2008-04-18,22.731428,23.18,22.625713,23.005714,20.153679,256691400
830,2008-04-21,23.172857,24.071428,23.108572,24.022858,21.044722,259788200
831,2008-04-22,23.914285999999997,24.0,22.584286,22.885714,20.04855,359893100
832,2008-04-23,23.435715,23.548571,23.011429,23.27,20.385195,376047700
833,2008-04-24,23.620001000000002,24.282857999999997,22.741428,24.134285000000002,21.142336,424016600
834,2008-04-25,24.385714,24.442857999999998,23.774286,24.247142999999998,21.241201,248118500
835,2008-04-28,24.25,24.821428,24.161428,24.605715,21.555319,196803600
836,2008-04-29,24.444285999999998,25.094286,24.321428,25.007143,21.906982,230869100
837,2008-04-30,25.17,25.714285,24.702858,24.85,21.769320999999998,284881100
838,2008-05-01,24.994286,25.714285,24.98,25.714285,22.526460999999998,225894200
839,2008-05-02,25.741428,25.988571,25.507143,25.848572,22.644092999999998,251520500
840,2008-05-05,25.988571,26.472857,25.864286,26.389999,23.118404,213639300
841,2008-05-06,26.379998999999998,26.731428,26.025714999999998,26.665714,23.359938,229717600
842,2008-05-07,26.578571000000004,26.885714,25.79143,26.084286,22.850592000000002,289283400
843,2008-05-08,26.252857000000002,26.642857,26.152857,26.437143,23.159708,224771400
844,2008-05-09,26.165714,26.321428000000004,25.91,26.207144,22.958216,168268100
845,2008-05-12,26.45857,26.981428,26.121429,26.879998999999998,23.547660999999998,204640800
846,2008-05-13,26.944285999999998,27.35,26.837142999999998,27.137141999999997,23.772924,205809100
847,2008-05-14,27.318571000000002,27.462856,26.51,26.608572,23.309883,229205900
848,2008-05-15,26.687143,27.128571,26.314284999999998,27.104286,23.744144,218302000
849,2008-05-16,27.158571000000002,27.185715000000002,26.714284999999997,26.802856,23.480082,191442300
850,2008-05-19,26.837142999999998,26.955715,25.9,26.228571000000002,22.976992000000003,236455100
851,2008-05-20,25.974285000000002,26.594286,25.731428,26.557142,23.264828,242462500
852,2008-05-21,26.524286,26.85,25.178572,25.455714999999998,22.299942,289414300
853,2008-05-22,25.608572,25.904285,24.571428,25.292856,22.15728,301683900
854,2008-05-23,25.824285999999997,25.998571,25.4,25.881428,22.672882,226729300
855,2008-05-27,26.107143,26.632856,25.977142,26.632856,23.331152,197476300
856,2008-05-28,26.772858000000003,26.85,26.245714000000003,26.715714000000002,23.403738,185994900
857,2008-05-29,26.68,26.885714,26.5,26.67,23.363692999999998,161796600
858,2008-05-30,26.778571999999997,27.077143,26.768572,26.964284999999997,23.621492,152546100
859,2008-06-02,26.942858,27.092857000000002,26.361428999999998,26.585714000000003,23.28986,169960000
860,2008-06-03,26.694285999999998,26.885714,26.048571,26.481428,23.198501999999998,187630100
861,2008-06-04,26.288572,26.727141999999997,26.175714000000003,26.455715,23.175974,181745900
862,2008-06-05,26.620001000000002,27.120001000000002,26.528571999999997,27.061428000000003,23.7066,188861400
863,2008-06-06,26.857143,27.135714,26.507143,26.52,23.232292,241605700
864,2008-06-09,26.398571,26.42,25.107143,25.944285999999998,22.727945000000002,472098200
865,2008-06-10,25.787144,26.682858000000003,25.574285999999997,26.52,23.232292,285235300
866,2008-06-11,26.334286,26.571428000000004,25.655714,25.83,22.627827,240387700
867,2008-06-12,25.927143,26.085714000000003,24.457144,24.751429,21.682976,327083400
868,2008-06-13,24.52,24.879998999999998,23.615714999999998,24.624287,21.57159,336489300
869,2008-06-16,24.471428,25.414285999999997,24.152857,25.262857,22.130995000000002,262932600
870,2008-06-17,25.442857999999998,25.998571,25.344286,25.918571,22.705425,224914200
871,2008-06-18,25.874287,26.028572,25.335714000000003,25.535715,22.370029000000002,202867000
872,2008-06-19,25.507143,26.048571,25.257143,25.842857000000002,22.639097,197987300
873,2008-06-20,25.621429,25.857143,25.0,25.038572,21.934515,222091800
874,2008-06-23,24.962856,25.125713,24.508572,24.737143,21.670462,161445200
875,2008-06-24,24.624287,25.111429,24.518572,24.75,21.681717000000003,155486800
876,2008-06-25,24.944285999999998,25.547142,24.84,25.341429,22.199827,161112700
877,2008-06-26,24.867144,24.977142,24.001429,24.037144,21.057238,217402500
878,2008-06-27,23.787144,24.367144,23.450001,24.298571,21.286257,260562400
879,2008-06-30,24.312857,24.571428,23.802856,23.92,20.954613000000002,171049200
880,2008-07-01,23.461428,24.959999,23.428572,24.954287,21.86068,277820200
881,2008-07-02,25.028572,25.35,24.025714999999998,24.025714999999998,21.047224,209379800
882,2008-07-03,24.227142,24.595715,23.678572,24.302856,21.290012,130840500
883,2008-07-07,24.737143,25.304285,24.557142000000002,25.022858,21.920745999999998,205097900
884,2008-07-08,25.057142000000002,25.671429,24.677143,25.65,22.470146,222087600
885,2008-07-09,25.742857,25.844286,24.877142000000003,24.892857,21.806866,223944000
886,2008-07-10,24.988571,25.334286,24.481428,25.232857,22.104713,210172200
887,2008-07-11,25.067142,25.301428,24.428572,24.654285,21.59787,232502900
888,2008-07-14,25.605715,25.614286,24.725714,24.84,21.760559,221513600
889,2008-07-15,24.639999,24.82,23.77,24.234285,21.229935,260010800
890,2008-07-16,24.314285,24.704287,24.085714000000003,24.687143,21.626656,186947600
891,2008-07-17,24.871429,24.997142999999998,24.484285,24.544285000000002,21.501513,189381500
892,2008-07-18,24.074285999999997,24.235714,23.571428,23.592857000000002,20.668029999999998,217103600
893,2008-07-21,23.842857000000002,23.928572,23.017143,23.755714,20.810694,340117400
894,2008-07-22,21.285715,23.251429,20.932858,23.145714,20.276320000000002,469898100
895,2008-07-23,23.57,24.052856,23.08,23.751429,20.80694,265442100
896,2008-07-24,23.474285000000002,23.608572,22.635714,22.718571,19.902124,209904800
897,2008-07-25,22.914285999999997,23.285715,22.664285999999997,23.16,20.288832,158409300
898,2008-07-28,23.191429,23.209999,22.002857000000002,22.057142000000002,19.322697,195178200
899,2008-07-29,22.201429,22.778572,21.950001,22.440001000000002,19.658091,171017700
900,2008-07-30,22.540001,22.927143,22.297142,22.84,20.008505,181295800
901,2008-07-31,22.505714,23.171429,22.425714000000003,22.707144,19.892122,159374600
902,2008-08-01,22.842857000000002,22.855715,22.25,22.379998999999998,19.605526,136159800
903,2008-08-04,22.371429,22.557142000000002,21.844286,21.889999,19.176277,148131900
904,2008-08-05,22.202858,22.971428,22.117144,22.948572,20.103619000000002,172092900
905,2008-08-06,22.852857999999998,23.914285999999997,22.571428,23.455714999999998,20.547888,197852200
906,2008-08-07,23.244286,23.735714,23.071428,23.367144,20.470297,168093100
907,2008-08-08,23.408571,24.235714,23.392857,24.221428,21.218668,178499300
908,2008-08-11,24.295713,25.214285,24.238571,24.794285000000002,21.72051,222826100
909,2008-08-12,24.788572,25.612858,24.787144,25.247142999999998,22.117235,209069700
910,2008-08-13,25.425714000000003,25.714285,25.128571,25.614286,22.438858,210586600
911,2008-08-14,25.475714,25.778572,25.405714,25.617144,22.441364,177825200
912,2008-08-15,25.577143,25.678572,25.007143,25.105715,21.993332000000002,177062900
913,2008-08-18,25.081429,25.401428,24.831429,25.055714000000002,21.949535,138003600
914,2008-08-19,24.934286,25.295713,24.544285000000002,24.790001,21.716759,154051100
915,2008-08-20,24.967142000000003,25.277143,24.801428,25.120001000000002,22.005851999999997,126737800
916,2008-08-21,24.924286,25.064285,24.555714000000002,24.898571,21.811865,134936200
917,2008-08-22,25.117144,25.357143,25.081429,25.255714,22.124737,109902800
918,2008-08-25,25.164285999999997,25.175714000000003,24.522858,24.65,21.594114,121106300
919,2008-08-26,24.68,24.982857,24.658571,24.805714000000002,21.730524,111387500
920,2008-08-27,24.758572,25.108572,24.598572,24.952858,21.85943,119445200
921,2008-08-28,25.040001,25.178572,24.678572,24.82,21.74304,107846200
922,2008-08-29,24.70857,24.785715,24.148571,24.218571,21.216177,149822400
923,2008-09-02,24.628571,24.785715,23.571428,23.741428,20.798182999999998,195190800
924,2008-09-03,23.834286,24.097143,23.428572,23.851429,20.894541,183708700
925,2008-09-04,23.694285999999998,23.987143,22.972857,23.031429,20.176205,185846500
926,2008-09-05,22.655714,23.200001,22.521429,22.882856,20.046049,196721000
927,2008-09-08,23.51,23.555714000000002,21.637142,22.559998999999998,19.763214,261494800
928,2008-09-09,22.408571,22.851429,21.398571,21.668571,18.982302,311256400
929,2008-09-10,21.76,22.141428,21.257143,21.658571,18.973536,243285700
930,2008-09-11,21.168571,21.855715,20.857143,21.807142000000002,19.103691,242783800
931,2008-09-12,21.558571,21.558571,20.928572,21.277143,18.639398999999997,198256800
932,2008-09-15,20.290001,21.098572,20.051428,20.051428,17.565632,230158600
933,2008-09-16,19.122857999999997,20.357143,18.878571,19.982857,17.505562,299959100
934,2008-09-17,19.784285999999998,19.787144,18.261429,18.261429,15.997541,300113800
935,2008-09-18,18.652857,19.347143,17.24,19.155714,16.780954,419063400
936,2008-09-19,20.371429,20.6,19.472857,20.129998999999998,17.634466,357718900
937,2008-09-22,19.991428,20.035715,18.665714,18.721428,16.400513,214178300
938,2008-09-23,18.835714000000003,19.4,18.094286,18.120001000000002,15.873645000000002,320091100
939,2008-09-24,18.181429,18.707144,17.878571,18.387142,16.107674,261753800
940,2008-09-25,18.542856,19.255714,18.360001,18.847143,16.510645,251511400
941,2008-09-26,17.844286,18.542856,17.571428,18.32,16.048853,281612800
942,2008-09-29,17.088572,17.097143,14.37,15.037142999999999,13.172973,655514300
943,2008-09-30,15.464285999999998,16.428572,15.185715,16.237143,14.224209,406670600
944,2008-10-01,15.988570999999999,16.051428,15.341429000000002,15.588572000000001,13.656039999999999,324121000
945,2008-10-02,15.43,15.541429,14.285714000000002,14.3,12.527216000000001,402341100
946,2008-10-03,14.857142000000001,15.214285999999998,13.521428,13.867142999999999,12.148019999999999,573599600
947,2008-10-06,13.137143,14.111428,12.505714,14.02,12.281928,526854300
948,2008-10-07,14.354285,14.5,12.707142999999999,12.737143,11.158108,469693000
949,2008-10-08,12.272857,13.761429000000001,12.24,12.827143,11.236952,551935300
950,2008-10-09,13.335714000000001,13.685715,12.371428,12.677143,11.105547,404345900
951,2008-10-10,12.242857,14.285714000000002,12.142858,13.828570999999998,12.114232000000001,554824900
952,2008-10-13,14.935715,15.79,14.431429000000001,15.751429000000002,13.798708,384769000
953,2008-10-14,16.608572,16.628571,14.734285,14.868571,13.025302,495248600
954,2008-10-15,14.834285999999999,15.285714000000002,13.984285,13.992857,12.258148,396043900
955,2008-10-16,14.252857,14.775714,13.105714,14.555715,12.751228,495130300
956,2008-10-17,14.228572,14.577143,12.27,13.914285999999999,12.189318,440556900
957,2008-10-20,14.254285999999999,14.29,13.377142999999998,14.062857000000001,12.319472,387292500
958,2008-10-21,13.85,13.985714000000002,13.022857,13.07,11.449699,548415000
959,2008-10-22,13.91,14.464285999999998,13.275714,13.838572000000001,12.122992,562202200
960,2008-10-23,13.787142999999999,14.178572,13.128572,14.032857,12.293191,418857600
961,2008-10-24,12.904285,13.985714000000002,12.872857000000002,13.768572,12.061668,397514600
962,2008-10-27,13.581429,13.947142999999999,13.122857000000002,13.155714000000001,11.524789,302192800
963,2008-10-28,13.632857000000001,14.357142000000001,13.195714,14.272857,12.503438000000001,408533300
964,2008-10-29,14.408570999999998,15.648570999999999,14.277142999999999,14.935715,13.084118,487744600
965,2008-10-30,15.461429,16.027143,15.372857000000002,15.862857,13.896326,409522400
966,2008-10-31,15.342857,15.825714000000001,15.02,15.37,13.464564999999999,414939000
967,2008-11-03,15.132857000000001,15.585714000000001,14.98,15.28,13.385723,264484500
968,2008-11-04,15.712857000000001,15.97,15.238570999999999,15.855714,13.890064,349670300
969,2008-11-05,15.558572,15.674285999999999,14.712857000000001,14.757143,12.927685,314113800
970,2008-11-06,14.435715,14.682858,14.0,14.157143,12.402066,329768600
971,2008-11-07,14.177143,14.264285999999998,13.674285999999999,14.034285999999998,12.29444,273813400
972,2008-11-10,14.31,14.342857,13.5,13.697142999999999,11.999096,280955500
973,2008-11-11,13.544285999999998,13.881429,13.18,13.538571,11.860182,306134500
974,2008-11-12,13.204285999999998,13.32,12.858571000000001,12.874286,11.27825,294744100
975,2008-11-13,12.838572000000001,13.777142999999999,12.288571000000001,13.777142999999999,12.069180000000001,463521800
976,2008-11-14,13.394286,13.427143,12.857142,12.891428999999999,11.293265,351316700
977,2008-11-17,12.64,12.935715,12.465714,12.591429,11.030455,290631600
978,2008-11-18,12.805715,12.998571,12.408571,12.844286,11.251968,302423800
979,2008-11-19,12.777142999999999,13.082857,12.315714,12.327143,10.798935,292975200
980,2008-11-20,12.177143,12.35,11.428572,11.498571,10.073084,429203600
981,2008-11-21,11.704286,12.017142999999999,11.305715,11.797143,10.334639,392317800
982,2008-11-24,12.172857,13.541429,12.12,13.278571,11.632414,360564400
983,2008-11-25,13.518572,13.53,12.594286,12.971428999999999,11.363347000000001,308823200
984,2008-11-26,12.845715,13.607142000000001,12.835714,13.571428,11.888966,224959000
985,2008-11-28,13.528571,13.537142999999999,13.122857000000002,13.238570999999999,11.597372,74443600
986,2008-12-01,13.042857000000001,13.181429000000001,12.702857,12.704286,11.129323,230941900
987,2008-12-02,12.861428,13.235714000000002,12.357142,13.21,11.572345,287180600
988,2008-12-03,12.771428,13.747143,12.685715,13.7,12.001598,334670000
989,2008-12-04,13.49,13.601429000000001,12.722857000000001,13.058572,11.439689,272842500
990,2008-12-05,12.907143,13.498570999999998,12.694285,13.428572,11.763821,260948800
991,2008-12-08,13.897142,14.4,13.685715,14.245714000000001,12.479661,296285500
992,2008-12-09,14.005714000000001,14.8,13.887143,14.294285999999998,12.522212,300874000
993,2008-12-10,13.981428,14.212857000000001,13.785714000000002,14.03,12.290687,234511900
994,2008-12-11,13.907143,14.462857000000001,13.547143,13.571428,11.888966,260154300
995,2008-12-12,13.257143,14.142857999999999,13.218572,14.038571,12.298196,260293600
996,2008-12-15,13.712857000000001,13.744285999999999,13.285714000000002,13.535714000000002,11.857678,222939500
997,2008-12-16,13.425714000000001,13.782857,13.25,13.632857000000001,11.94278,273376600
998,2008-12-17,13.004286,13.014286,12.574286,12.737143,11.158108,323465100
999,2008-12-18,12.758572000000001,12.975715,12.634286,12.775714,11.191897,214354000
1000,2008-12-19,12.848572,12.991427999999999,12.685715,12.857142,11.26323,200480000
1001,2008-12-22,12.86,12.861428,12.098572,12.248571,10.730103999999999,211185100
1002,2008-12-23,12.41,12.552857000000001,12.271428,12.34,10.810199,158757900
1003,2008-12-24,12.305715,12.321428,12.078571,12.148571,10.642502,67833500
1004,2008-12-26,12.377142999999998,12.488571,12.177143,12.258572000000001,10.738863,77081200
1005,2008-12-29,12.36,12.517142999999999,12.152857000000001,12.372857000000002,10.838982000000001,171500000
1006,2008-12-30,12.488571,12.578571,12.102858,12.327143,10.798935,241900400
1007,2008-12-31,12.281428,12.534286,12.191428,12.192857,10.681297,151885300
1008,2009-01-02,12.268572,13.005714,12.165714,12.964286,11.357091,186503800
1009,2009-01-05,13.31,13.74,13.244285999999999,13.511429000000001,11.836406,295402100
1010,2009-01-06,13.707142999999999,13.881429,13.198571,13.288571,11.641174000000001,322327600
1011,2009-01-07,13.115714,13.214285999999998,12.894286,13.001429,11.38963,188262200
1012,2009-01-08,12.918571,13.307143,12.862857,13.242857,11.601127,168375200
1013,2009-01-09,13.315714000000002,13.34,12.877142999999998,12.94,11.335814,136711400
1014,2009-01-12,12.922857,12.998571,12.507143,12.665714,11.095532,154429100
1015,2009-01-13,12.605714,12.82,12.335714,12.53,10.976647,199599400
1016,2009-01-14,12.32,12.464286,12.102858,12.19,10.678792999999999,255416000
1017,2009-01-15,11.51,12.017142999999999,11.435715,11.911427999999999,10.434757000000001,457908500
1018,2009-01-16,12.042857000000001,12.054286,11.485714,11.761429,10.303352,261906400
1019,2009-01-20,11.704286,11.714286,11.171429,11.171429,9.786496000000001,229978700
1020,2009-01-21,11.341429,11.84,11.33,11.832857,10.365927000000001,272317500
1021,2009-01-22,12.577143,12.857142,12.26,12.622857000000002,11.05799,352382100
1022,2009-01-23,12.402857000000001,12.838572000000001,12.357142,12.622857000000002,11.05799,190942500
1023,2009-01-26,12.694285,12.995714,12.614285,12.805715,11.21818,173059600
1024,2009-01-27,12.884286,13.078571,12.82,12.961428999999999,11.354589,154509600
1025,2009-01-28,13.16,13.571428,13.071428,13.457142999999999,11.78885,215351500
1026,2009-01-29,13.298572,13.477143,13.228572,13.285714000000002,11.638672999999999,148182300
1027,2009-01-30,13.228572,13.374285999999998,12.858571000000001,12.875714,11.2795,162869700
1028,2009-02-02,12.728572,13.142857999999999,12.7,13.072857,11.452202999999999,139561800
1029,2009-02-03,13.131429,13.34,12.897142,13.282857,11.636169,149827300
1030,2009-02-04,13.317142,13.75,13.3,13.364285,11.707504,202105400
1031,2009-02-05,13.252857,13.892857999999999,13.231428,13.78,12.07168,187311600
1032,2009-02-06,13.86,14.285714000000002,13.857142000000001,14.245714000000001,12.479661,171802400
1033,2009-02-09,14.285714000000002,14.714285999999998,14.214285999999998,14.644286,12.82882,178752700
1034,2009-02-10,14.475715,14.644286,13.865714,13.975715,12.243133,212265200
1035,2009-02-11,13.767142999999999,14.044285999999998,13.681429000000001,13.831429,12.116735,168743400
1036,2009-02-12,13.69,14.25,13.69,14.181429000000001,12.423344,204297100
1037,2009-02-13,14.141429,14.277142999999999,14.017142999999999,14.165714000000001,12.409578,152244400
1038,2009-02-17,13.838572000000001,13.862857,13.468572,13.504285999999999,11.830148,169559600
1039,2009-02-18,13.578570999999998,13.692857,13.245714000000001,13.481428,11.810122999999999,171194800
1040,2009-02-19,13.338572000000001,13.464285999999998,12.872857000000002,12.948571000000001,11.343326,230701100
1041,2009-02-20,12.771428,13.2,12.714286,13.028571000000001,11.413406,187579000
1042,2009-02-23,13.092857,13.142857999999999,12.358571000000001,12.421429,10.881534,196745500
1043,2009-02-24,12.492857,12.984285,12.428572,12.892858,11.294519000000001,201776400
1044,2009-02-25,12.837143,13.274285,12.75,13.022857,11.4084,208263300
1045,2009-02-26,13.142857999999999,13.274285,12.708571000000001,12.741427999999999,11.16186,157467100
1046,2009-02-27,12.561428999999999,13.042857000000001,12.524285,12.758572000000001,11.176879,176664600
1047,2009-03-02,12.588572000000001,13.028571000000001,12.524285,12.562857000000001,11.005427000000001,192732400
1048,2009-03-03,12.704286,12.962857000000001,12.554286,12.624286,11.059239999999999,181085100
1049,2009-03-04,12.882857000000001,13.252857,12.778571000000001,13.024285,11.409654,185350900
1050,2009-03-05,12.922857,13.124285999999998,12.635715,12.691428,11.118058999999999,176724800
1051,2009-03-06,12.62,12.628572,11.761429,12.185715,10.67504,252786800
1052,2009-03-09,12.025714,12.514286,11.795714,11.872857000000002,10.400967999999999,174574400
1053,2009-03-10,12.124286,12.738571,12.051428999999999,12.661427999999999,11.091781,211064700
1054,2009-03-11,12.83,13.438571,12.797143,13.24,11.598623,211593200
1055,2009-03-12,13.271428,13.797143,13.142857999999999,13.764285999999998,12.057915,192114300
1056,2009-03-13,13.757143,13.885715,13.572857,13.704285999999998,12.005352,150292100
1057,2009-03-16,13.79,13.912857,13.454285999999998,13.631429,11.941527,199311000
1058,2009-03-17,13.605714,14.241427999999999,13.581429,14.237143,12.472154,196661500
1059,2009-03-18,14.272857,14.782857,14.245714000000001,14.502857,12.704922999999999,199009300
1060,2009-03-19,14.55,14.742857,14.321428,14.517142999999999,12.717439,125045200
1061,2009-03-20,14.584285999999999,14.73,14.367142999999999,14.512857,12.713685,173896800
1062,2009-03-23,14.672857,15.451428,14.535714000000002,15.38,13.473328,166599300
1063,2009-03-24,15.194285,15.634286,15.055715,15.214285999999998,13.328157999999998,160153000
1064,2009-03-25,15.368571,15.48,14.837143,15.212857000000001,13.326901999999999,161654500
1065,2009-03-26,15.404285,15.711429,15.368571,15.695714,13.749901999999999,154063000
1066,2009-03-27,15.461429,15.504285999999999,15.2,15.264285999999998,13.371960999999999,123218200
1067,2009-03-30,14.93,15.001429000000002,14.658570999999998,14.927143,13.07661,125699000
1068,2009-03-31,15.064285,15.35,15.0,15.017142999999999,13.155454999999998,142520000
1069,2009-04-01,14.87,15.571428,14.841429000000002,15.527142999999999,13.602229999999999,147343000
1070,2009-04-02,15.734285,16.392857,15.682858,16.101429,14.105319,203091700
1071,2009-04-03,16.312857,16.59,16.217142000000003,16.57,14.5158,159060300
1072,2009-04-06,16.42,16.964285,16.182858,16.921429,14.82366,164516100
1073,2009-04-07,16.647142000000002,16.667143,16.312857,16.428572,14.391907999999999,134145200
1074,2009-04-08,16.49,16.684286,16.368572,16.617144,14.557101999999999,113907500
1075,2009-04-09,16.917143,17.142857,16.851429,17.081429,14.963828,132689200
1076,2009-04-13,17.144285,17.282857999999997,17.0,17.174286,15.04517,97309100
1077,2009-04-14,17.081429,17.167143,16.75,16.901428,14.806139000000002,113655500
1078,2009-04-15,16.742857,16.892857,16.537144,16.805714000000002,14.72229,103220600
1079,2009-04-16,17.027143,17.592857000000002,16.969998999999998,17.35,15.1991,148361500
1080,2009-04-17,17.311428,17.75,17.178572,17.631428,15.445642999999999,124373900
1081,2009-04-20,17.389999,17.57,17.022858,17.214285,15.080214000000002,116616500
1082,2009-04-21,16.984285,17.448572,16.942857999999998,17.394285,15.237904,117671400
1083,2009-04-22,17.518572,17.907142999999998,17.314285,17.358572,15.206610999999999,234691800
1084,2009-04-23,18.088572,18.171429,17.644285,17.914285999999997,15.693432999999999,236289200
1085,2009-04-24,17.805714000000002,17.877142000000003,17.567142,17.700001,15.505714999999999,135191000
1086,2009-04-27,17.557142000000002,17.857143,17.522858,17.818571,15.609587,120172500
1087,2009-04-28,17.621429,18.030001000000002,17.608572,17.700001,15.505714999999999,113964200
1088,2009-04-29,17.835714000000003,18.121429,17.690001000000002,17.877142000000003,15.660896,114527700
1089,2009-04-30,18.031429,18.142857,17.845715,17.975714,15.747248,124622400
1090,2009-05-01,17.971428,18.278572,17.971428,18.177143,15.923704,99379000
1091,2009-05-04,18.32,18.892857,18.24,18.867144,16.528164,152339600
1092,2009-05-05,18.821428,18.98,18.731428,18.95857,16.608259,99563800
1093,2009-05-06,19.047142,19.071428,18.602857999999998,18.928572,16.581984,118384700
1094,2009-05-07,18.904285,18.912857000000002,18.271429,18.437143,16.151472000000002,132944000
1095,2009-05-08,18.434286,18.747142999999998,18.037144,18.455714999999998,16.167742,116991000
1096,2009-05-11,18.195715,18.70857,18.16,18.51,16.215301999999998,101164700
1097,2009-05-12,18.508572,18.530001000000002,17.607143,17.774286,15.570792,152370400
1098,2009-05-13,17.601429,17.717142000000003,17.054285,17.07,14.953813,148992900
1099,2009-05-14,17.111429,17.647142000000002,17.1,17.564285,15.386823000000001,111956600
1100,2009-05-15,17.474285000000002,17.802856,17.372857999999997,17.488571,15.320498,91891800
1101,2009-05-18,17.675714000000003,18.1,17.367144,18.092857000000002,15.849869,114710400
1102,2009-05-19,18.117144,18.472857,17.962856,18.207144,15.949985,93105600
1103,2009-05-20,18.232857,18.45857,17.9,17.981428,15.752254,97146000
1104,2009-05-21,17.878571,18.111429,17.555714000000002,17.74,15.540759,101986500
1105,2009-05-22,17.721428,17.74,17.392857,17.5,15.330507,74499600
1106,2009-05-26,17.822857,18.690001000000002,17.792856,18.682858,16.366726,159231800
1107,2009-05-27,18.825714,19.282857999999997,18.701429,19.007143,16.65081,161605500
1108,2009-05-28,19.064285,19.341429,18.861429,19.295713,16.903605,121888200
1109,2009-05-29,19.341429,19.414285999999997,19.121429,19.401428,16.996212,114133600
1110,2009-06-01,19.495714000000003,19.998571,19.428572,19.907142999999998,17.439234,113124900
1111,2009-06-02,19.855715,20.191429,19.764286,19.927143,17.456754999999998,114055900
1112,2009-06-03,20.0,20.158571,19.867144,20.135714,17.639467,141299900
1113,2009-06-04,20.018572,20.597143,20.005714,20.534285999999998,17.988632,137658500
1114,2009-06-05,20.758572,20.914285999999997,20.45857,20.667143,18.105019,158179000
1115,2009-06-08,20.545713,20.604286,19.918571,20.549999,18.002392,232913100
1116,2009-06-09,20.544285000000002,20.651428,20.078571,20.388571,17.860981,169241100
1117,2009-06-10,20.325714,20.335714000000003,19.757143,20.035715,17.55187,172155900
1118,2009-06-11,19.935715,20.222857,19.792856,19.992857,17.514322,131205900
1119,2009-06-12,19.83,19.871429,19.434286,19.567142,17.141388,140771400
1120,2009-06-15,19.43,19.561428,19.27,19.441429,17.031257999999998,134937600
1121,2009-06-16,19.522858,19.781429,19.442857999999998,19.478571,17.063799,128701300
1122,2009-06-17,19.524286,19.635714,19.218571,19.368572,16.967432000000002,142853200
1123,2009-06-18,19.444285999999998,19.714285,19.370001000000002,19.411428,17.004972,106920100
1124,2009-06-19,19.724285000000002,19.928572,19.557142000000002,19.925714000000003,17.455507,180464200
1125,2009-06-22,20.095715,20.222857,19.475714,19.624287,17.191446,158728500
1126,2009-06-23,19.485714,19.564285,18.982857,19.144285,16.770948,176633100
1127,2009-06-24,19.345715,19.642857,19.265715,19.459999,17.047523,121381400
1128,2009-06-25,19.392857,20.028572,19.315714,19.98,17.503061,147361900
1129,2009-06-26,19.969998999999998,20.508572,19.962856,20.348572,17.825941,109846100
1130,2009-06-29,20.494286,20.564285,20.219998999999998,20.281429,17.767120000000002,141904000
1131,2009-06-30,20.368572,20.542856,20.257143,20.347143,17.82469,108556000
1132,2009-07-01,20.5,20.665714,20.360001,20.404285,17.87475,103544700
1133,2009-07-02,20.178572,20.404285,19.969998999999998,20.002857000000002,17.523085000000002,92619800
1134,2009-07-06,19.814285,19.855715,19.464285,19.801428,17.346628,124672100
1135,2009-07-07,19.782857999999997,19.954287,19.311428,19.342857000000002,16.944904,115399200
1136,2009-07-08,19.417143,19.719998999999998,19.202858,19.602857999999998,17.172667999999998,143982300
1137,2009-07-09,19.68,19.712856,19.418571,19.48,17.065042000000002,85756300
1138,2009-07-10,19.477142,19.852857999999998,19.474285000000002,19.788572,17.335365,111318900
1139,2009-07-13,19.934286,20.334286,19.647142000000002,20.334286,17.813419,120875300
1140,2009-07-14,20.290001,20.454287,20.165714,20.324285999999997,17.804667000000002,86811900
1141,2009-07-15,20.719998999999998,21.0,20.617144,20.982857,18.381586,121396800
1142,2009-07-16,20.822857,21.145714,20.795713,21.074285999999997,18.461687,98392700
1143,2009-07-17,21.297142,21.717142000000003,21.232857,21.678572,18.991062,150538500
1144,2009-07-20,21.895714,22.148571,21.555714000000002,21.844286,19.136226999999998,183881600
1145,2009-07-21,21.898571,21.918571,21.392857,21.644285,18.961025,218695400
1146,2009-07-22,22.54143,22.675714000000003,22.301428,22.391428,19.615543,218526000
1147,2009-07-23,22.375713,22.634285000000002,22.222857,22.545713,19.750702,131740700
1148,2009-07-24,22.421429,22.857143,22.357143,22.855715,20.022270000000002,109590600
1149,2009-07-27,22.881428,22.982857,22.465714000000002,22.871429,20.036039000000002,108327800
1150,2009-07-28,22.697144,22.871429,22.514286,22.857143,20.02352,90888700
1151,2009-07-29,22.700001,22.921429,22.607143,22.861429,20.027279,95539500
1152,2009-07-30,23.1,23.531429,23.071428,23.255714,20.372681,117401200
1153,2009-07-31,23.284285999999998,23.571428,23.272858,23.341429,20.447767000000002,105634200
1154,2009-08-03,23.601429,23.805714000000002,23.552856,23.775714999999998,20.828218,98560000
1155,2009-08-04,23.561428,23.652857,23.45857,23.65,20.718092000000002,98952700
1156,2009-08-05,23.678572,23.912857000000002,23.45857,23.587142999999998,20.663019,105795900
1157,2009-08-06,23.654285,23.787144,23.298571,23.415714,20.512846,85404200
1158,2009-08-07,23.641428,23.799999,23.542856,23.644285,20.713081,96838700
1159,2009-08-10,23.665714,23.799999,23.379998999999998,23.531429,20.614218,75073600
1160,2009-08-11,23.384285000000002,23.482857,23.125713,23.261429,20.377686999999998,88835600
1161,2009-08-12,23.221428,23.815714,23.20857,23.615714999999998,20.688049,111267800
1162,2009-08-13,23.807142000000002,24.095715,23.785715,24.059998999999998,21.077263000000002,109995200
1163,2009-08-14,23.991428,24.032857999999997,23.647142000000002,23.825714,20.872015,76454000
1164,2009-08-17,23.364286,23.370001000000002,22.774286,22.798571,19.972212,131095300
1165,2009-08-18,23.09,23.462856,23.058571,23.428572,20.524113,107788100
1166,2009-08-19,23.25,23.614286,23.207144,23.514286,20.599195,103317900
1167,2009-08-20,23.568571,23.817142,23.515715,23.761429,20.815704,85507800
1168,2009-08-21,23.950001,24.195715,23.828571,24.174286,21.17738,104018600
1169,2009-08-24,24.302856,24.387142,24.038572,24.151428,21.157354,101732400
1170,2009-08-25,24.20857,24.42,24.161428,24.200001,21.199901999999998,81088700
1171,2009-08-26,24.131428,24.221428,23.822857,23.915714,20.950857,75999700
1172,2009-08-27,24.107143,24.224285000000002,23.547142,24.207144,21.206163,112295400
1173,2009-08-28,24.610001,24.641428,24.075714,24.292856,21.281248,113425200
1174,2009-08-31,24.022858,24.121429,23.785715,24.030001000000002,21.05098,77834400
1175,2009-09-01,23.998571,24.285715,23.562857,23.614286,20.686802,117257000
1176,2009-09-02,23.517143,23.944285999999998,23.444285999999998,23.597143,20.671782,91062300
1177,2009-09-03,23.777143,23.871429,23.571428,23.792856,20.843231,73488800
1178,2009-09-04,23.897142000000002,24.385714,23.870001000000002,24.33,21.313786,93657200
1179,2009-09-08,24.711428,24.734285,24.571428,24.704287,21.641678,78761900
1180,2009-09-09,24.682858,24.924286,24.242857,24.448572,21.417658,202771800
1181,2009-09-10,24.58,24.75,24.401428,24.651428,21.595373000000002,122783500
1182,2009-09-11,24.701429,24.74,24.41,24.594286,21.545309,87240300
1183,2009-09-14,24.404285,24.842857000000002,24.321428,24.817142,21.740536,80502800
1184,2009-09-15,24.862858,25.092857000000002,24.798571,25.022858,21.920745999999998,106617700
1185,2009-09-16,25.427143,26.107143,25.411428,25.981428,22.760487,188505800
1186,2009-09-17,25.997142999999998,26.684286,25.995714000000003,26.364286,23.095881,202643000
1187,2009-09-18,26.547141999999997,26.65,26.394284999999996,26.431428999999998,23.154697,150395700
1188,2009-09-21,26.327143,26.451428999999997,25.945715,26.288572,23.029552,109428900
1189,2009-09-22,26.455715,26.482857,26.121429,26.354286,23.087122,89188400
1190,2009-09-23,26.485714,26.985714,26.432858000000003,26.5,23.214771,148390900
1191,2009-09-24,26.742857,26.814284999999998,26.110001,26.26,23.00452,137720100
1192,2009-09-25,26.001429,26.5,25.92,26.052856,22.823061,111309800
1193,2009-09-28,26.267143,26.668571000000004,26.190001000000002,26.592857000000002,23.296116,84361200
1194,2009-09-29,26.675714000000003,26.771428999999998,26.33,26.482857,23.199755,86346400
1195,2009-09-30,26.59,26.635714,26.087142999999998,26.478571000000002,23.195999,134896300
1196,2009-10-01,26.478571000000002,26.602858,25.814285,25.837142999999998,22.634085,131177900
1197,2009-10-02,25.915714,26.562857,25.907142999999998,26.414285999999997,23.139679,138327000
1198,2009-10-05,26.6,26.694285999999998,26.324285999999997,26.574285999999997,23.27985,105783300
1199,2009-10-06,26.82,27.144284999999996,26.757143,27.144284999999996,23.779184,151271400
1200,2009-10-07,27.108572,27.221428000000003,27.004285999999997,27.178571999999996,23.809223,116417000
1201,2009-10-08,27.237143,27.35,26.984284999999996,27.038572,23.686579000000002,109552800
1202,2009-10-09,26.995714000000003,27.242857,26.945715000000003,27.209999,23.836748,73318000
1203,2009-10-12,27.288572,27.358572,27.091428999999998,27.258571999999997,23.879299,72006200
1204,2009-10-13,27.232857,27.309998999999998,27.1,27.145714,23.780432,87005100
1205,2009-10-14,27.464284999999997,27.474285,27.175714000000003,27.327143,23.939373,93877700
1206,2009-10-15,27.09,27.274286,27.075714,27.222857,23.848009,93389100
1207,2009-10-16,27.049999,27.194285999999998,26.834286,26.864286,23.533897,107856700
1208,2009-10-19,26.835714000000003,27.142857,26.507143,27.122858,23.760412,235557700
1209,2009-10-20,28.657142999999998,28.821428000000004,28.264286,28.394284999999996,24.874214000000002,285259800
1210,2009-10-21,28.502857000000002,29.815714,28.461428,29.274286,25.645129999999998,298431700
1211,2009-10-22,29.242857,29.692858,28.93,29.314284999999998,25.680162,197848000
1212,2009-10-23,29.385714,29.4,29.032858,29.134285,25.522482,105196700
1213,2009-10-26,29.095715000000002,29.535715000000003,28.585714000000003,28.925714000000003,25.339767000000002,121084600
1214,2009-10-27,28.808571,28.972857,28.064284999999998,28.195715000000003,24.700267999999998,189137900
1215,2009-10-28,28.244286,28.288572,27.299999,27.485714,24.078283,204596700
1216,2009-10-29,27.857143,28.115715,27.448572,28.049999,24.572613,142567600
1217,2009-10-30,28.008571999999997,28.114286,26.881428000000003,26.928571999999996,23.59021,179381300
1218,2009-11-02,27.114286,27.554284999999997,26.51,27.044285,23.69158,169745800
1219,2009-11-03,26.835714000000003,27.074285999999997,26.559998999999998,26.964284999999997,23.621492,130635400
1220,2009-11-04,27.247142999999998,27.692858,27.175714000000003,27.258571999999997,23.879299,121882600
1221,2009-11-05,27.485714,27.857143,27.402857,27.718571,24.282276,96200300
1222,2009-11-06,27.501428999999998,27.884285,27.485714,27.762857,24.321072,73774400
1223,2009-11-09,28.134285,28.842857000000002,28.037144,28.780001000000002,25.212112,132213900
1224,2009-11-10,28.717142,29.282858,28.715714000000002,28.997142999999998,25.40234,100298800
1225,2009-11-11,29.222857,29.285715000000003,28.832857,29.035715000000003,25.436127,110967500
1226,2009-11-12,29.02,29.267143,28.775715,28.855715000000004,25.278444,90932800
1227,2009-11-13,28.981428,29.261428999999996,28.867144,29.207144,25.586304000000002,85810200
1228,2009-11-16,29.354286,29.714284999999997,29.287144,29.518572,25.859125,121301600
1229,2009-11-17,29.440001000000002,29.634285,29.285715000000003,29.571428000000004,25.905432,99128400
1230,2009-11-18,29.505714,29.571428000000004,29.142857,29.422857,25.775276,93580200
1231,2009-11-19,29.23,29.23,28.542856,28.644284999999996,25.093227,135581600
1232,2009-11-20,28.450001,28.627142,28.251428999999998,28.559998999999998,25.019388,101666600
1233,2009-11-23,29.0,29.428571999999996,28.992857,29.411428000000004,25.765263,118724200
1234,2009-11-24,29.332857,29.411428000000004,28.985714,29.205715,25.585055999999998,79609600
1235,2009-11-25,29.342857000000002,29.378571,29.108572,29.17,25.553766,71613500
1236,2009-11-27,28.459999,28.994286,28.338571999999996,28.655714,25.103243,73814300
1237,2009-11-30,28.73,28.811428000000003,28.395714,28.558571,25.018137,106214500
1238,2009-12-01,28.891428,28.967142,28.118571999999997,28.138571000000002,24.650208,116440800
1239,2009-12-02,28.422857,28.774286,27.964284999999997,28.032858,24.557602,178815000
1240,2009-12-03,28.202858000000003,28.425714000000003,28.038572,28.068571000000002,24.588881,112179900
1241,2009-12-04,28.528571999999997,28.554284999999997,27.182858000000003,27.617144,24.193419,206721200
1242,2009-12-07,27.617144,27.681428999999998,26.954287,26.992857,23.64653,178689700
1243,2009-12-08,27.051428,27.478571000000002,26.957144,27.124287,23.761662,172599700
1244,2009-12-09,27.325714,28.308571,27.187143,28.257143,24.75408,171195500
1245,2009-12-10,28.5,28.528571999999997,28.017143,28.061428000000003,24.582626,122417400
1246,2009-12-11,28.254285999999997,28.285715000000003,27.632856,27.809998999999998,24.362370000000002,107443700
1247,2009-12-14,27.91,28.204287,27.508571999999997,28.139999,24.651457,123947600
1248,2009-12-15,27.975714,28.215714000000002,27.610001,27.738571000000004,24.299792999999998,104864900
1249,2009-12-16,27.871429,28.071428000000004,27.792856,27.861428999999998,24.407421,88246200
1250,2009-12-17,27.751428999999998,27.857143,27.285715000000003,27.408571000000002,24.010704,97209700
1251,2009-12-18,27.595715000000002,27.928571999999996,27.514286,27.918571000000004,24.457479,152192600
1252,2009-12-21,28.007143,28.535715000000003,27.952858000000003,28.318571000000002,24.80789,152976600
1253,2009-12-22,28.491428000000003,28.692858,28.379998999999998,28.622858,25.074453,87378900
1254,2009-12-23,28.742857,28.911428000000004,28.687143,28.871429,25.292206,86381400
1255,2009-12-24,29.078571000000004,29.907142999999998,29.049999,29.862858000000003,26.160726999999998,125222300
1256,2009-12-28,30.245714000000003,30.564284999999998,29.944285999999998,30.23,26.482359000000002,161141400
1257,2009-12-29,30.375713,30.388571000000002,29.818571000000002,29.871429,26.168236,111301400
1258,2009-12-30,29.832857,30.285715000000003,29.758571999999997,30.234284999999996,26.486115,103021100
1259,2009-12-31,30.447144,30.478571000000002,30.08,30.104286,26.372231,88102700
1260,2010-01-04,30.49,30.642857,30.34,30.572857,26.782711,123432400
1261,2010-01-05,30.657142999999998,30.798571000000003,30.464284999999997,30.625713,26.829009999999997,150476200
1262,2010-01-06,30.625713,30.747142999999998,30.107143,30.138571000000002,26.40226,138040000
1263,2010-01-07,30.25,30.285715000000003,29.864286,30.082857,26.35346,119282800
1264,2010-01-08,30.042856,30.285715000000003,29.865715,30.282858,26.528664000000003,111902700
1265,2010-01-11,30.4,30.428571999999996,29.778571999999997,30.015715000000004,26.29464,115557400
1266,2010-01-12,29.884285,29.967142,29.488571000000004,29.674286,25.995537,148614900
1267,2010-01-13,29.695715000000003,30.132856,29.157142999999998,30.092857000000002,26.362216999999998,151473000
1268,2010-01-14,30.015715000000004,30.065714,29.860001,29.918571000000004,26.209538000000002,108223500
1269,2010-01-15,30.132856,30.228571000000002,29.41,29.418571000000004,25.771528,148516900
1270,2010-01-19,29.761428999999996,30.741428000000003,29.605715000000004,30.719998999999998,26.911611999999998,182501900
1271,2010-01-20,30.701428999999997,30.792856,29.928571999999996,30.247142999999998,26.497383000000003,153038200
1272,2010-01-21,30.297141999999997,30.472857,29.601429,29.724285,26.039341,152038600
1273,2010-01-22,29.540001,29.642857,28.165714,28.25,24.747818,220441900
1274,2010-01-25,28.93,29.242857,28.598571999999997,29.01,25.413598999999998,266424900
1275,2010-01-26,29.421428999999996,30.530001000000002,28.940001000000002,29.42,25.772774,466777500
1276,2010-01-27,29.549999,30.082857,28.504285999999997,29.697144,26.01556,430642100
1277,2010-01-28,29.275715,29.357143,28.385714,28.469998999999998,24.940545999999998,293375600
1278,2010-01-29,28.725714,28.885714,27.178571999999996,27.437143,24.035733999999998,311488100
1279,2010-02-01,27.481428,28.0,27.328571000000004,27.818571000000002,24.369871,187469100
1280,2010-02-02,27.987143,28.045713,27.625713,27.98,24.511295,174585600
1281,2010-02-03,27.881428000000003,28.6,27.774286,28.461428,24.933033,153832000
1282,2010-02-04,28.104286,28.338571999999996,27.367144,27.435715000000002,24.034487,189413000
1283,2010-02-05,27.518572,28.0,27.264286,27.922857,24.461226999999997,212576700
1284,2010-02-08,27.955715,28.268572,27.714284999999997,27.731428,24.293537,119567700
1285,2010-02-09,28.059998999999998,28.214284999999997,27.821428000000004,28.027143,24.552589,158221700
1286,2010-02-10,27.984284999999996,28.085714000000003,27.751428999999998,27.874287,24.418684,92590400
1287,2010-02-11,27.84,28.535715000000003,27.722857,28.381428000000003,24.862957,137586400
1288,2010-02-12,28.301428,28.805714000000002,27.928571999999996,28.625713,25.076957999999998,163867200
1289,2010-02-16,28.848571999999997,29.098571999999997,28.788572,29.057142,25.454903,135934400
1290,2010-02-17,29.17,29.187143,28.694285999999998,28.935715000000002,25.348527999999998,109099200
1291,2010-02-18,28.804284999999997,29.127142,28.702858000000003,28.99,25.396085999999997,105706300
1292,2010-02-19,28.837142999999998,29.028571999999997,28.73,28.809998999999998,25.238398,103867400
1293,2010-02-22,28.905714,28.928571999999996,28.455715,28.631428000000003,25.081959,97640900
1294,2010-02-23,28.571428000000004,28.761428999999996,27.95857,28.151428000000003,24.661467000000002,143773700
1295,2010-02-24,28.318571000000002,28.777143,28.262857,28.665714,25.112,115141600
1296,2010-02-25,28.197144,28.98,28.127142,28.857143,25.279694,166281500
1297,2010-02-26,28.911428000000004,29.309998999999998,28.857143,29.231428,25.607582,126865200
1298,2010-03-01,29.392857,29.928571999999996,29.35,29.855715000000004,26.154476000000003,137523400
1299,2010-03-02,29.99,30.118571999999997,29.677143,29.835714000000003,26.136955,141636600
1300,2010-03-03,29.848571999999997,29.981428,29.705715,29.904284999999998,26.197020000000002,93013200
1301,2010-03-04,29.897142,30.131428000000003,29.804284999999997,30.101429,26.369726,91510300
1302,2010-03-05,30.705715,31.385714,30.661428000000004,31.278571999999997,27.400941999999997,224905100
1303,2010-03-08,31.43,31.441429,31.178571999999996,31.297141999999997,27.417202000000003,107472400
1304,2010-03-09,31.187143,32.142857,31.127142,31.860001,27.910288,230064800
1305,2010-03-10,31.975714,32.21143,31.885714,32.119999,28.13805,149054500
1306,2010-03-11,31.987143,32.214287,31.902857,32.214287,28.220652,101425100
1307,2010-03-12,32.481429999999996,32.532856,32.25,32.371429,28.358316,104080900
1308,2010-03-15,32.197144,32.214287,31.464284999999997,31.977141999999997,28.012909000000004,123375700
1309,2010-03-16,32.025715000000005,32.139998999999996,31.787144,32.064285,28.089249,111727000
1310,2010-03-17,32.128571,32.349998,31.895714,32.017143,28.047943,112739200
1311,2010-03-18,32.014286,32.142857,31.801428,32.092857,28.114275,85527400
1312,2010-03-19,32.112858,32.177143,31.604286,31.75,27.813921,139861400
1313,2010-03-22,31.495714000000003,32.285713,31.450001,32.107143,28.126790999999997,114104900
1314,2010-03-23,32.234287,32.682858,32.014286,32.622856,28.578577000000003,150607800
1315,2010-03-24,32.52,32.885715000000005,32.501427,32.767143,28.704969000000002,149445100
1316,2010-03-25,32.988571,32.995715999999994,32.32143,32.378571,28.364563,135571100
1317,2010-03-26,32.707142,33.135715000000005,32.650002,32.985714,28.896444,160218800
1318,2010-03-29,33.285713,33.41,33.088570000000004,33.198570000000004,29.082912,135186100
1319,2010-03-30,33.799999,33.925713,33.464287,33.692856,29.515915000000003,131827500
1320,2010-03-31,33.64143,33.801429999999996,33.494285999999995,33.57143,29.409554999999997,107664900
1321,2010-04-01,33.915714,34.104286,33.25,33.709998999999996,29.530934999999996,150786300
1322,2010-04-05,33.568573,34.072857,33.53857,34.07,29.846308,171126900
1323,2010-04-06,34.028572,34.32,33.857143,34.220001,29.977713,111754300
1324,2010-04-07,34.221428,34.560001,34.094284,34.371429,30.110367,157125500
1325,2010-04-08,34.348572,34.505714000000005,34.005714000000005,34.278572,30.029021999999998,143247300
1326,2010-04-09,34.490002000000004,34.555714,34.351428999999996,34.541428,30.259290999999997,83545700
1327,2010-04-12,34.599998,34.724284999999995,34.544284999999995,34.612858,30.321866999999997,83256600
1328,2010-04-13,34.551429999999996,34.685715,34.444286,34.632858,30.339388,76552700
1329,2010-04-14,35.040001000000004,35.115715,34.867142,35.098572,30.74737,101019100
1330,2010-04-15,35.111427,35.575714000000005,35.072857,35.560001,31.151594,94196200
1331,2010-04-16,35.509997999999996,35.877144,34.935715,35.342857,30.961371999999997,187636400
1332,2010-04-19,35.290001000000004,35.412857,34.53857,35.295715,30.920074,141731100
1333,2010-04-20,35.505714000000005,35.607143,34.708572,34.941429,30.609709000000002,184581600
1334,2010-04-21,36.971428,37.17857,36.532856,37.031428999999996,32.440613,245597800
1335,2010-04-22,36.89143,38.107143,36.599998,38.067142,33.347923,198356200
1336,2010-04-23,38.284286,38.882858,38.142857,38.689999,33.893559,199238900
1337,2010-04-26,38.84,38.922855,38.312859,38.5,33.727112,119767200
1338,2010-04-27,38.181427,38.262856,37.217144,37.434284000000005,32.793526,177335900
1339,2010-04-28,37.607143,37.714287,36.630001,37.371429,32.738453,189600600
1340,2010-04-29,37.574287,38.57143,37.43,38.377144,33.619499,139710200
1341,2010-04-30,38.472858,38.652859,37.285713,37.298573,32.674633,135615900
1342,2010-05-03,37.691429,38.268570000000004,37.554287,38.049999,33.332901,113585500
1343,2010-05-04,37.555714,37.612858,36.67857,36.954285,32.373024,180954900
1344,2010-05-05,36.147144,36.877144,35.532856,36.57,32.036388,220775800
1345,2010-05-06,36.261429,36.892857,28.464284999999997,35.17857,30.817446,321465200
1346,2010-05-07,34.815715999999995,35.224284999999995,32.172855,33.694286,29.517174,419004600
1347,2010-05-10,35.75,36.378571,35.504284000000006,36.284286,31.786081,246076600
1348,2010-05-11,35.977142,37.127144,35.785713,36.645714,32.102722,212226700
1349,2010-05-12,37.034286,37.59,36.957142,37.441429,32.799774,163594900
1350,2010-05-13,37.602856,37.857143,36.628571,36.908573,32.332972999999996,149928100
1351,2010-05-14,36.451427,36.639998999999996,35.642857,36.259997999999996,31.764812,189840700
1352,2010-05-17,36.385715000000005,36.597141,35.387142,36.317142,31.814878000000004,190708700
1353,2010-05-18,36.71143,36.935715,35.751427,36.051429999999996,31.5821,195669600
1354,2010-05-19,35.642857,36.131428,34.978573,35.477142,31.079006,256431700
1355,2010-05-20,34.554287,34.835712,33.744285999999995,33.965714,29.754946,320728800
1356,2010-05-21,33.259997999999996,34.92857,33.049999,34.617142,30.325616999999998,305972800
1357,2010-05-24,35.325714000000005,35.842857,35.18,35.251427,30.881272999999997,188559700
1358,2010-05-25,34.192856,35.251427,33.880001,35.031428999999996,30.688546999999996,262001600
1359,2010-05-26,35.725716,36.018570000000004,34.82143,34.872856,30.549629,212663500
1360,2010-05-27,35.799999,36.27,35.587143,36.192856,31.705990000000003,166570600
1361,2010-05-28,37.055714,37.057144,36.192856,36.697144,32.147762,203903700
1362,2010-06-01,37.098572,37.991428000000006,36.994285999999995,37.261429,32.642082,219118200
1363,2010-06-02,37.791428,37.828571000000004,37.189999,37.707142,33.032555,172137000
1364,2010-06-03,37.882858,37.935715,37.201427,37.588570000000004,32.928665,162526700
1365,2010-06-04,36.887142,37.414288,36.375713,36.565715999999995,32.032627000000005,189576100
1366,2010-06-07,36.898571000000004,37.021427,35.792858,35.848572,31.404388,221735500
1367,2010-06-08,36.177143,36.257141,35.092857,35.618572,31.202909000000002,250192600
1368,2010-06-09,35.924285999999995,35.985714,34.64143,34.742859,30.435762,213657500
1369,2010-06-10,34.977142,35.854286,34.599998,35.787144,31.350578000000002,194089000
1370,2010-06-11,35.46143,36.265713,35.338570000000004,36.215714,31.726017,136439800
1371,2010-06-14,36.565715999999995,37.021427,36.287144,36.325714000000005,31.822384000000003,150740100
1372,2010-06-15,36.52,37.121429,36.5,37.098572,32.499424,146268500
1373,2010-06-16,37.299999,38.25,37.232857,38.17857,33.445541,195919500
1374,2010-06-17,38.657143,38.985714,38.5,38.838570000000004,34.023716,218213800
1375,2010-06-18,38.892857,39.285713,38.774284,39.152859,34.299026,196155400
1376,2010-06-21,39.669998,39.85857,38.389998999999996,38.595715000000006,33.810963,194122600
1377,2010-06-22,38.880001,39.424285999999995,38.785713,39.121429,34.271511,179315500
1378,2010-06-23,39.225716,39.237144,38.271427,38.709998999999996,33.911079,192114300
1379,2010-06-24,38.714287,39.028572,38.299999,38.42857,33.664555,178569300
1380,2010-06-25,38.580002,38.610001000000004,37.972858,38.099998,33.376705,137485600
1381,2010-06-28,38.132858,38.535713,37.78857,38.328571000000004,33.576939,146237000
1382,2010-06-29,37.731429999999996,37.77,36.328571000000004,36.595715000000006,32.05891,283336200
1383,2010-06-30,36.672855,36.852856,35.715714,35.932858,31.478233000000003,184863000
1384,2010-07-01,36.328571000000004,36.400002,34.745715999999994,35.497143,31.096527000000002,255724000
1385,2010-07-02,35.784286,35.847141,34.742859,35.277142,30.903803000000003,173460700
1386,2010-07-06,35.857143,36.114284999999995,35.165714,35.518570000000004,31.115296999999998,153808900
1387,2010-07-07,35.784286,36.967144,35.67857,36.952858,32.37178,163639000
1388,2010-07-08,37.497143,37.557144,36.412857,36.869999,32.299198,184536100
1389,2010-07-09,36.698570000000004,37.128571,36.451427,37.088570000000004,32.490669,108330600
1390,2010-07-12,36.932858,37.407143,36.408573,36.755714000000005,32.199073999999996,140719600
1391,2010-07-13,36.617142,36.628571,35.204285,35.971428,31.512010999999998,297731000
1392,2010-07-14,35.625713,36.542858,35.57143,36.104286,31.62841,203011900
1393,2010-07-15,35.46143,36.709998999999996,35.328571000000004,35.921428999999996,31.468214,206216500
1394,2010-07-16,36.168571,36.424285999999995,35.487144,35.700001,31.274246,259964600
1395,2010-07-19,35.697144,35.697144,34.228573,35.082859,30.73361,256119500
1396,2010-07-20,34.700001,36.128571,34.287144,35.984287,31.523283000000003,268737700
1397,2010-07-21,37.869999,37.878571,36.285713,36.32,31.817384999999998,296417800
1398,2010-07-22,36.811428,37.142857,36.472858,37.002857,32.415569,161329700
1399,2010-07-23,36.727142,37.197144,36.611427,37.134285,32.530708000000004,133347200
1400,2010-07-26,37.142857,37.157143,36.815715999999995,37.040001000000004,32.44812,105137900
1401,2010-07-27,37.267143,37.828571000000004,37.185715,37.725716,33.04882,146192900
1402,2010-07-28,37.667141,37.998573,37.17857,37.279999,32.658363,129996300
1403,2010-07-29,37.244285999999995,37.521427,36.585712,36.872856,32.301701,160951700
1404,2010-07-30,36.555714,37.099998,36.414288,36.75,32.194061,112052500
1405,2010-08-02,37.205715000000005,37.512856,37.088570000000004,37.407143,32.769740999999996,107013900
1406,2010-08-03,37.287144,37.60857,37.060001,37.418571,32.779742999999996,104413400
1407,2010-08-04,37.548573,37.754284000000006,37.187141,37.568573,32.911159999999995,105093800
1408,2010-08-05,37.389998999999996,37.597141,37.221428,37.385715000000005,32.750977,72274300
1409,2010-08-06,37.111427,37.355713,36.804287,37.155716,32.549479999999996,111224400
1410,2010-08-09,37.354286,37.450001,37.081429,37.392857,32.757225,75782000
1411,2010-08-10,37.121429,37.207142,36.792858,37.058571,32.464397,112980000
1412,2010-08-11,36.485714,36.527142,35.687141,35.741428000000006,31.310526,155013600
1413,2010-08-12,35.241428000000006,36.157143,35.16,35.970001,31.510763,133730100
1414,2010-08-13,35.950001,35.982857,35.584286,35.585712,31.174118,88717300
1415,2010-08-16,35.368572,35.715714,35.231429999999996,35.377144,30.991405,79607500
1416,2010-08-17,35.725716,36.375713,35.599998,35.995715999999994,31.533298,105660100
1417,2010-08-18,36.051429999999996,36.381428,35.939999,36.152859,31.670948,84924000
1418,2010-08-19,36.119999,36.21143,35.525715000000005,35.697144,31.271734000000002,106676500
1419,2010-08-20,35.627144,36.274284,35.57143,35.662857,31.241705,96057500
1420,2010-08-23,35.970001,36.0,35.035713,35.114284999999995,30.761126,103510400
1421,2010-08-24,34.667141,34.714287,34.092857,34.275715000000005,30.026524,150641400
1422,2010-08-25,34.005714000000005,34.855713,33.885715000000005,34.698570000000004,30.396960999999997,149216900
1423,2010-08-26,35.064285,35.107143,34.325714000000005,34.325714000000005,30.070320000000002,116626300
1424,2010-08-27,34.535713,34.658573,33.651428,34.517143,30.238024,137097800
1425,2010-08-30,34.394287,35.107143,34.382858,34.642857,30.348153999999997,95822300
1426,2010-08-31,34.549999,34.937141,34.335712,34.728573,30.423247999999997,105196700
1427,2010-09-01,35.352856,35.922855,35.182858,35.761429,31.328051000000002,174259400
1428,2010-09-02,35.894287,36.024284,35.509997999999996,36.024284,31.558311,103856900
1429,2010-09-03,36.441429,36.968571000000004,36.357143,36.967144,32.384293,130197200
1430,2010-09-07,36.662857,37.075714000000005,36.607143,36.830002,32.264153,85639400
1431,2010-09-08,37.111427,37.77,37.014286,37.560001,32.903659999999995,131637800
1432,2010-09-09,37.862858,38.074287,37.560001,37.581429,32.922421,109643800
1433,2010-09-10,37.598572,37.785713,37.342857,37.630001,32.96497,96885600
1434,2010-09-13,37.974284999999995,38.325714000000005,37.965714,38.148571000000004,33.419258,97195000
1435,2010-09-14,38.029999,38.452858,37.931427,38.294284999999995,33.546906,102037600
1436,2010-09-15,38.310001,38.625713,38.262856,38.602856,33.817223,107342200
1437,2010-09-16,38.605713,39.524284,38.5,39.509997999999996,34.611903999999996,163025800
1438,2010-09-17,39.669998,39.708572,39.097141,39.338570000000004,34.461727,158619300
1439,2010-09-20,39.439999,40.540001000000004,39.407143,40.46143,35.445396,164669400
1440,2010-09-21,40.551429999999996,41.049999,40.398571000000004,40.53857,35.512966,167018600
1441,2010-09-22,40.387142,41.139998999999996,40.344284,41.107143,36.011047,146322400
1442,2010-09-23,40.904284999999994,41.822857,40.857143,41.274284,36.157471,196529200
1443,2010-09-24,41.728573,41.932858,41.507141,41.759997999999996,36.582977,162372000
1444,2010-09-27,41.997143,42.104286,41.572857,41.594284,36.437805,120708700
1445,2010-09-28,41.681427,41.681427,39.285713,40.98,35.89967,258760600
1446,2010-09-29,41.032856,41.401428,40.857143,41.052856,35.96349,117411000
1447,2010-09-30,41.285713,41.42857,40.17857,40.535713,35.510464,168347900
1448,2010-10-01,40.878571,40.939999,40.192856,40.360001000000004,35.356525,112035700
1449,2010-10-04,40.228573,40.414288,39.681427,39.805714,34.870953,108825500
1450,2010-10-05,40.285713,41.349998,40.259997999999996,41.277142,36.159969,125491800
1451,2010-10-06,41.369999,41.712856,40.751427,41.312859,36.191277,167717200
1452,2010-10-07,41.477142,41.497143,40.987144,41.317142,36.195019,102099900
1453,2010-10-08,41.672855,42.07143,41.42857,42.009997999999996,36.801990999999994,164600800
1454,2010-10-11,42.105713,42.462856,42.085712,42.194286,36.963417,106938300
1455,2010-10-12,42.201427,42.785713,41.784286,42.648571000000004,37.361382,139636000
1456,2010-10-13,42.885715000000005,43.137142,42.828571000000004,42.877144,37.56163,157523100
1457,2010-10-14,43.098572,43.209998999999996,42.914288,43.187141,37.833187,108824100
1458,2010-10-15,43.919998,45.0,43.558571,44.962856,39.388767,230548500
1459,2010-10-18,45.495715999999994,45.57143,44.898571000000004,45.42857,39.796745,273252700
1460,2010-10-19,43.342857,44.824287,42.860001000000004,44.212856,38.731747,308196000
1461,2010-10-20,44.142857,44.892857,43.838570000000004,44.361427,38.861908,180406100
1462,2010-10-21,44.622856,44.962856,43.828571000000004,44.217144,38.735504,137865000
1463,2010-10-22,44.152859,44.291428,43.757141,43.924285999999995,38.478953999999995,93194500
1464,2010-10-25,44.155716,44.514286,44.062859,44.119999,38.650414000000005,98115500
1465,2010-10-26,43.838570000000004,44.248573,43.664288,44.007141,38.55154,98232400
1466,2010-10-27,43.950001,44.271427,43.657143,43.975716,38.523998,99750700
1467,2010-10-28,43.992859,44.0,42.985714,43.605713,38.199867,137762800
1468,2010-10-29,43.46143,43.697144,42.981429999999996,42.997143,37.666733,107627800
1469,2010-11-01,43.174285999999995,43.657143,43.171428999999996,43.454285,38.067219,105972300
1470,2010-11-02,43.857143,44.312859,43.857143,44.194286,38.715477,108482500
1471,2010-11-03,44.481429999999996,44.697144,44.075714000000005,44.685715,39.145984999999996,127087100
1472,2010-11-04,45.064285,45.740002000000004,45.004284000000006,45.467144,39.830535999999995,160622000
1473,2010-11-05,45.427143,45.652859,45.25,45.304287,39.687870000000004,90313300
1474,2010-11-08,45.314285,45.681427,45.251427,45.517143,39.874344,70439600
1475,2010-11-09,45.864284999999995,45.900002,44.92857,45.154284999999994,39.556469,95886000
1476,2010-11-10,45.234287,45.53857,44.792858,45.432858,39.800499,96056800
1477,2010-11-11,45.0,45.485714,44.892857,45.235714,39.627792,90321000
1478,2010-11-12,45.142857,45.214287,43.375713,44.004284000000006,38.549026,198961700
1479,2010-11-15,44.065715999999995,44.362858,43.752857,43.862858,38.425137,100901500
1480,2010-11-16,43.674285999999995,43.942856,42.759997999999996,43.084286,37.743084,164412500
1481,2010-11-17,43.028572,43.427143,42.537144,42.92857,37.606654999999996,119862400
1482,2010-11-18,43.599998,44.238571,43.527142,44.061428,38.599087,123622800
1483,2010-11-19,43.995715999999994,44.057144,43.605713,43.818573,38.386353,96210800
1484,2010-11-22,43.811428,44.765713,43.695713,44.765713,39.216064,98268800
1485,2010-11-23,44.349998,44.535713,43.794284999999995,44.104286,38.636639,129861900
1486,2010-11-24,44.57143,45.057144,44.535713,44.971428,39.396285999999996,103431300
1487,2010-11-26,44.82,45.385715000000005,44.705715000000005,45.0,39.421299,59396400
1488,2010-11-29,45.07143,45.354286,44.482857,45.267143,39.655334,111446300
1489,2010-11-30,44.791428,44.908573,44.41,44.450001,38.939499,125464500
1490,2010-12-01,45.03857,45.392857,45.0,45.200001,39.596519,115437700
1491,2010-12-02,45.361427,45.57143,44.984287,45.450001,39.815521000000004,115709300
1492,2010-12-03,45.287144,45.521427,45.191429,45.348572,39.726658,85523200
1493,2010-12-06,45.52,46.047142,45.488571,45.735714,40.065819,112120400
1494,2010-12-07,46.257141,46.284286,45.445713,45.458572,39.823032,97863500
1495,2010-12-08,45.661429999999996,45.860001000000004,45.301429999999996,45.85857,40.173443,80483900
1496,2010-12-09,46.018570000000004,46.07143,45.574287,45.68,40.01701,73537800
1497,2010-12-10,45.664288,45.864284999999995,45.514286,45.794284999999995,40.117123,65627800
1498,2010-12-13,46.338570000000004,46.437141,45.857143,45.952858,40.256039,109953900
1499,2010-12-14,45.96143,46.077145,45.57143,45.755714000000005,40.083332,87752000
1500,2010-12-15,45.714287,46.142857,45.598572,45.765713,40.092098,104328000
1501,2010-12-16,45.869999,46.087143,45.728573,45.892857,40.203472,80507700
1502,2010-12-17,45.947144,45.970001,45.747143,45.801429999999996,40.123383000000004,96732300
1503,2010-12-20,45.942856,46.17857,45.46143,46.029999,40.32362,96402600
1504,2010-12-21,46.142857,46.341427,46.007141,46.314285,40.572655,64088500
1505,2010-12-22,46.337143,46.531428999999996,46.221428,46.451427,40.692802,66480400
1506,2010-12-23,46.42857,46.450001,46.167141,46.228573,40.497566,55789300
1507,2010-12-27,46.121429,46.491428000000006,45.931427,46.382858,40.632740000000005,62454000
1508,2010-12-28,46.558571,46.665714,46.437141,46.495715999999994,40.731594,43981000
1509,2010-12-29,46.602856,46.635715000000005,46.442856,46.470001,40.709087,40784800
1510,2010-12-30,46.497143,46.501427,46.150002,46.237144,40.505085,39373600
1511,2010-12-31,46.135715000000005,46.21143,45.901428,46.080002,40.36742,48377000
1512,2011-01-03,46.52,47.18,46.405716,47.081429,41.244694,111284600
1513,2011-01-04,47.491428000000006,47.5,46.878571,47.327145,41.459957,77270200
1514,2011-01-05,47.078571000000004,47.762856,47.07143,47.714287,41.799107,63879900
1515,2011-01-06,47.817142,47.892857,47.557144,47.675713,41.765308000000005,75107200
1516,2011-01-07,47.712856,48.049999,47.414288,48.017143,42.064415000000004,77982800
1517,2011-01-10,48.404284999999994,49.032856,48.167141,48.921428999999996,42.856586,112140000
1518,2011-01-11,49.268570000000004,49.279999,48.495715999999994,48.805714,42.755221999999996,111027000
1519,2011-01-12,49.035713,49.204285,48.857143,49.202858,43.103134000000004,75647600
1520,2011-01-13,49.308571,49.52,49.121429,49.382858,43.260815,74195100
1521,2011-01-14,49.412857,49.782856,49.205715000000005,49.782856,43.611225,77210000
1522,2011-01-18,47.074287,49.251427,46.57143,48.664288,42.631332,470249500
1523,2011-01-19,49.764286,49.799999,48.125713,48.405716,42.404819,283903200
1524,2011-01-20,48.061428,48.328571000000004,47.16,47.525715000000005,41.6339,191197300
1525,2011-01-21,47.681427,47.84,46.661429999999996,46.674285999999995,40.888023,188600300
1526,2011-01-24,46.695713,48.207142,46.674285999999995,48.207142,42.230858000000005,143670800
1527,2011-01-25,48.047142,48.777142,47.795715,48.771427,42.725189,136717000
1528,2011-01-26,48.994285999999995,49.371429,48.785713,49.121429,43.031807,126718900
1529,2011-01-27,49.111427,49.241428000000006,48.975716,49.029999,42.95171,71256500
1530,2011-01-28,49.167141,49.200001,47.647144,48.014286,42.061913,148014300
1531,2011-01-31,47.971428,48.577145,47.757141,48.474284999999995,42.464890000000004,94311700
1532,2011-02-01,48.757141,49.378571,48.71143,49.290001000000004,43.179466,106658300
1533,2011-02-02,49.207142,49.32143,49.078571000000004,49.188572,43.090618,64738800
1534,2011-02-03,49.114284999999995,49.177143,48.364284999999995,49.062859,42.980488,98449400
1535,2011-02-04,49.091427,49.528572,49.072857,49.5,43.363434000000005,80460100
1536,2011-02-07,49.698570000000004,50.464287,49.662857,50.268570000000004,44.036724,121255400
1537,2011-02-08,50.525715000000005,50.78857,50.307144,50.742859,44.452217,95260200
1538,2011-02-09,50.741428000000006,51.285713,50.695713,51.165714,44.822651,120686300
1539,2011-02-10,51.055714,51.42857,49.714287,50.648571000000004,44.369621,232137500
1540,2011-02-11,50.67857,51.114284999999995,50.505714000000005,50.978573,44.658703,91893200
1541,2011-02-14,50.970001,51.354286,50.958572,51.311428,44.950294,77604100
1542,2011-02-15,51.312859,51.424285999999995,51.078571000000004,51.414288,45.040413,71043700
1543,2011-02-16,51.542858,52.128571,51.5,51.875713,45.444626,120289400
1544,2011-02-17,51.035713,51.467144,50.931427,51.185715,44.840179,132645800
1545,2011-02-18,51.244285999999995,51.357143,49.931427,50.080002,43.871536,204014300
1546,2011-02-22,48.878571,49.342857,48.245715999999994,48.372856,42.376026,218138900
1547,2011-02-23,48.395714,49.234287,48.372856,48.945713,42.877869,167963600
1548,2011-02-24,49.145714,49.307144,48.338570000000004,48.982857,42.910404,124975200
1549,2011-02-25,49.322857,49.775715000000005,49.257141,49.737144,43.571178,95004700
1550,2011-02-28,50.177143,50.721428,50.16,50.458572,44.203182,100768500
1551,2011-03-01,50.781428999999996,50.817142,49.668571,49.901428,43.715107,114034200
1552,2011-03-02,49.994285999999995,50.621429,49.771427,50.302856,44.066765000000004,150647700
1553,2011-03-03,51.027142,51.398571000000004,50.845715000000006,51.365715,44.997871,125197100
1554,2011-03-04,51.438572,51.470001,51.107143,51.42857,45.052921000000005,113316700
1555,2011-03-07,51.628571,51.667141,50.187141,50.765713,44.472237,136530800
1556,2011-03-08,50.701427,51.057144,50.32143,50.822857,44.522296999999995,89079200
1557,2011-03-09,50.669998,50.68,50.085712,50.352856,44.110565,113326500
1558,2011-03-10,49.874287,49.967144,49.271427,49.524284,43.384705,126884800
1559,2011-03-11,49.332859,50.331429,49.285713,50.284286,44.050495,117770100
1560,2011-03-14,50.454285,50.925713,50.187141,50.508571999999994,44.246964,108989300
1561,2011-03-15,48.871429,49.691429,48.585712,49.347141,43.22953,180270300
1562,2011-03-16,48.857143,49.0,46.60857,47.144287,41.299766999999996,290502800
1563,2011-03-17,48.118572,48.515713,47.237144,47.805714,41.879189000000004,164855600
1564,2011-03-18,48.161429999999996,48.314285,47.142857,47.238571,41.382362,188303500
1565,2011-03-21,47.998573,48.534286,47.894287,48.471428,42.462376,102350500
1566,2011-03-22,48.937141,48.945713,48.448570000000004,48.742859,42.700161,81480700
1567,2011-03-23,48.468571000000004,48.602856,47.992859,48.455715000000005,42.448615999999994,93249100
1568,2011-03-24,48.835712,49.42857,48.408573,49.281428999999996,43.171966999999995,101178000
1569,2011-03-25,49.724284999999995,50.294284999999995,49.574287,50.220001,43.994178999999995,112227500
1570,2011-03-28,50.450001,50.617142,50.062859,50.062859,43.85651,77338800
1571,2011-03-29,49.665714,50.137142,49.437141,50.137142,43.921589000000004,88225200
1572,2011-03-30,50.091427,50.125713,49.634285,49.804287,43.630009,82351500
1573,2011-03-31,49.48,49.971428,49.437141,49.787144,43.614983,68504800
1574,2011-04-01,50.158573,50.227142,49.042858,49.222858,43.120655,104665400
1575,2011-04-04,49.187141,49.228573,48.342857,48.741428000000006,42.698917,115021200
1576,2011-04-05,48.14143,48.892857,48.0,48.412857,42.411064,120682800
1577,2011-04-06,48.745715999999994,49.128571,48.162857,48.291428,42.304691,100634800
1578,2011-04-07,48.299999,48.632858,48.004284000000006,48.297142,42.309689,93361800
1579,2011-04-08,48.560001,48.592857,47.707142,47.865715,41.931754999999995,94383800
1580,2011-04-11,47.722858,47.952858,47.145714,47.257141,41.398624,99736700
1581,2011-04-12,47.212856,47.675713,47.171428999999996,47.485714,41.598858,106409800
1582,2011-04-13,47.860001000000004,48.02,47.502857,48.018570000000004,42.065670000000004,86555000
1583,2011-04-14,47.828571000000004,48.0,47.437141,47.488571,41.60136,75450200
1584,2011-04-15,47.614284999999995,47.662857,46.685715,46.779999,40.980633000000005,113401400
1585,2011-04-18,46.585712,47.46143,45.737144,47.407143,41.530033,152474700
1586,2011-04-19,47.585712,48.282856,47.387142,48.265713,42.282173,104844600
1587,2011-04-20,49.072857,49.392857,48.785713,48.915714,42.851601,175166600
1588,2011-04-21,50.714287,50.732857,49.78857,50.099998,43.88905,188452600
1589,2011-04-25,50.048573,50.535713,50.042858,50.43,44.178146000000005,66636500
1590,2011-04-26,50.517143,50.712856,49.907143,50.060001,43.854019,84700000
1591,2011-04-27,50.32,50.335712,49.585712,50.021427,43.820221000000004,89053300
1592,2011-04-28,49.455715000000005,49.964287,49.360001000000004,49.535713,43.394714,90239800
1593,2011-04-29,49.540001000000004,50.564285,49.524284,50.018570000000004,43.817726,251586300
1594,2011-05-02,49.962856,50.067142,49.357143,49.468571000000004,43.335907,110678400
1595,2011-05-03,49.712856,49.984287,49.374287,49.742859,43.576195,78337000
1596,2011-05-04,49.751427,50.261429,49.554287,49.938572,43.747643,97312600
1597,2011-05-05,49.771427,50.135715000000005,49.435715,49.535713,43.394714,83992300
1598,2011-05-06,49.955715000000005,50.0,49.458572,49.522858,43.383465,70033600
1599,2011-05-09,49.694286,49.885715000000005,49.504284000000006,49.657143,43.501098999999996,51186800
1600,2011-05-10,49.841427,49.955715000000005,49.522858,49.921428999999996,43.732624,70522900
1601,2011-05-11,49.860001000000004,50.0,49.32,49.604286,43.454796,84000000
1602,2011-05-12,49.445713,49.588570000000004,48.895714,49.509997999999996,43.3722,80500000
1603,2011-05-13,49.380001,49.464287,48.621429,48.642857,42.612559999999995,81529000
1604,2011-05-16,48.457142,48.745715999999994,47.514286,47.614284999999995,41.711502,112443800
1605,2011-05-17,47.42857,48.02,47.247143,48.02,42.066914000000004,113083600
1606,2011-05-18,48.067142,48.721428,48.0,48.552856,42.533718,83694100
1607,2011-05-19,48.868572,48.915714,48.381428,48.647144,42.616306,65292500
1608,2011-05-20,48.508571999999994,48.707142,47.860001000000004,47.888573,41.951782,84492100
1609,2011-05-23,47.138573,47.997143,47.060001,47.771427,41.849152000000004,95900000
1610,2011-05-24,47.92857,47.985714,47.334286,47.455715000000005,41.572578,80481800
1611,2011-05-25,47.632858,48.365715,47.549999,48.111427,42.147007,73556000
1612,2011-05-26,47.995715999999994,48.127144,47.775715000000005,47.857143,41.924252,55640200
1613,2011-05-27,47.828571000000004,48.232857,47.758571999999994,48.201427,42.225845,50899800
1614,2011-05-31,48.728573,49.689999,48.714287,49.689999,43.529888,104438600
1615,2011-06-01,49.838570000000004,50.304287,49.235714,49.35857,43.239544,138670700
1616,2011-06-02,49.5,49.71143,49.185715,49.442856,43.313373999999996,84695800
1617,2011-06-03,49.025715000000005,49.332859,48.85857,49.062859,42.980488,78312500
1618,2011-06-06,49.385715000000005,49.578571000000004,48.258571999999994,48.291428,42.304691,115485300
1619,2011-06-07,48.310001,48.317142,47.414288,47.434284000000005,41.553822,132446300
1620,2011-06-08,47.397144,47.828571000000004,47.235714,47.462856,41.578838,83430900
1621,2011-06-09,47.607143,47.667141,47.25,47.355713,41.484984999999995,68772200
1622,2011-06-10,47.221428,47.380001,46.501427,46.557144,40.785408000000004,108488800
1623,2011-06-13,46.742859,46.901428,46.438572,46.657143,40.873005,82368300
1624,2011-06-14,47.142857,47.607143,47.044284999999995,47.491428000000006,41.60387,83642300
1625,2011-06-15,47.107143,47.185715,46.411429999999996,46.67857,40.891788,99799000
1626,2011-06-16,46.700001,46.954285,45.475716,46.451427,40.692802,127647800
1627,2011-06-17,46.998573,47.035713,45.622856,45.751427,40.079582,153755000
1628,2011-06-20,45.337143,45.385715000000005,44.357143,45.045715,39.461357,160161400
1629,2011-06-21,45.240002000000004,46.542858,45.028572,46.471428,40.710316,123345600
1630,2011-06-22,46.451427,46.985714,46.054287,46.087143,40.373688,97645800
1631,2011-06-23,45.562859,47.384285,45.445713,47.318573,41.452442,139939800
1632,2011-06-24,47.338570000000004,47.592857,46.441429,46.621429,40.841728,109951800
1633,2011-06-27,46.798573,47.700001,46.75,47.434284000000005,41.553822,84953400
1634,2011-06-28,47.664288,48.099998,47.634285,47.894287,41.956790999999996,73574900
1635,2011-06-29,48.005714000000005,48.052856,47.411429999999996,47.720001,41.804108,88136300
1636,2011-06-30,47.814285,48.018570000000004,47.548573,47.952858,42.008095000000004,80738700
1637,2011-07-01,47.992859,49.07143,47.742859,49.037144,42.957966,108828300
1638,2011-07-05,49.0,49.975716,48.92857,49.918571,43.730106,88763500
1639,2011-07-06,49.849998,50.585712,49.529999,50.251427,44.021709,111156500
1640,2011-07-07,50.667141,51.142857,50.57143,51.028572,44.702518,99915900
1641,2011-07-08,50.477142,51.42857,50.314285,51.387142,45.016636,122408300
1642,2011-07-11,50.905716,51.395714,50.402859,50.57143,44.302036,110668600
1643,2011-07-12,50.504284000000006,51.097141,49.802856,50.535713,44.270752,112902300
1644,2011-07-13,51.189999,51.42857,50.911429999999996,51.145714,44.80513,97909700
1645,2011-07-14,51.572857,51.658573,50.905716,51.110001000000004,44.773846,107633400
1646,2011-07-15,51.595715000000006,52.142857,51.310001,52.131428,45.668648,121116800
1647,2011-07-18,52.204285,53.521427,52.182858,53.400002,46.779953000000006,143163300
1648,2011-07-19,54.0,54.092856999999995,53.33142900000001,53.835712,47.161648,204786400
1649,2011-07-20,56.58857,56.610001000000004,55.14285699999999,55.271427,48.419365,235335100
1650,2011-07-21,55.278572,55.722857999999995,54.842856999999995,55.327144999999994,48.468196999999996,131633600
1651,2011-07-22,55.474284999999995,56.435715,55.39285699999999,56.185715,49.220314,129182200
1652,2011-07-25,55.764286,57.14285699999999,55.66,56.92856999999999,49.871086,147451500
1653,2011-07-26,57.14285699999999,57.785713,57.097141,57.630001,50.485561,119145600
1654,2011-07-27,57.22714200000001,57.52,56.021427,56.084286,49.131458,164831100
1655,2011-07-28,55.945713,56.712856,55.447143999999994,55.974284999999995,49.035114,148508500
1656,2011-07-29,55.377143999999994,56.450001,54.85714300000001,55.782856,48.867397,158146100
1657,2011-08-01,56.825714000000005,57.07143000000001,56.052856000000006,56.67856999999999,49.652069,153209000
1658,2011-08-02,56.807143999999994,56.842856999999995,55.478573,55.55857099999999,48.670925,159884900
1659,2011-08-03,55.854286,56.221428,54.605713,56.08142900000001,49.12896,183127000
1660,2011-08-04,55.630001,55.902859,53.907143000000005,53.91,47.226719,217851900
1661,2011-08-05,54.348572,54.785713,51.795715,53.374287,46.75742,301147700
1662,2011-08-08,51.669998,52.53856999999999,50.431427,50.458572,44.203182,285958400
1663,2011-08-09,51.614284999999995,53.515713,50.714287,53.43,46.806232,270645900
1664,2011-08-10,53.021427,53.521427,51.785713,51.955715000000005,45.514709,219664200
1665,2011-08-11,52.931427,53.635715000000005,52.102856,53.385715000000005,46.767445,185492300
1666,2011-08-12,54.009997999999996,54.234287,53.46143000000001,53.855713,47.179169,132244000
1667,2011-08-15,54.232856999999996,54.995716,54.012856000000006,54.77285799999999,47.982620000000004,115136000
1668,2011-08-16,54.50285699999999,54.767143000000004,53.722857999999995,54.354286,47.615932,124687500
1669,2011-08-17,54.615715,54.931427,54.0,54.348572,47.610928,110515300
1670,2011-08-18,52.97714200000001,53.235714,51.624287,52.292858,45.810062,212858800
1671,2011-08-19,51.738571,52.42857,50.857143,50.861427,44.556090999999995,193972100
1672,2011-08-22,52.072857,52.125713,50.727142,50.919998,44.607403000000005,133828800
1673,2011-08-23,51.471428,53.377143999999994,51.0,53.371429000000006,46.754921,164208800
1674,2011-08-24,53.352856,54.137142000000004,52.942856000000006,53.740002000000004,47.077793,156566900
1675,2011-08-25,52.154284999999994,53.635715000000005,52.142857,53.388573,46.769939,217836500
1676,2011-08-26,53.024283999999994,54.828571,52.971428,54.797142,48.003899,160369300
1677,2011-08-29,55.454285,55.92856999999999,55.42856999999999,55.709998999999996,48.803577000000004,101317300
1678,2011-08-30,55.464287,55.97714200000001,55.172855000000006,55.712856,48.80608,104480600
1679,2011-08-31,55.795715,56.01142900000001,54.55143,54.975716000000006,48.160328,130646600
1680,2011-09-01,55.117142,55.334286,54.388573,54.432857999999996,47.684769,85931300
1681,2011-09-02,53.534286,54.0,53.118572,53.435715,46.81123,109734800
1682,2011-09-06,52.48143,54.332859,52.354286,54.248573,47.523323,127424500
1683,2011-09-07,55.080002,55.085712,54.57143000000001,54.847141,48.047688,87644200
1684,2011-09-08,54.628570999999994,55.515713,54.615715,54.877143999999994,48.073971,104039600
1685,2011-09-09,54.847141,55.14285699999999,53.574287,53.925713,47.240494,141203300
1686,2011-09-12,53.285713,54.41143,53.128570999999994,54.277142000000005,47.548359000000005,116958100
1687,2011-09-13,54.591427,55.172855000000006,54.32143000000001,54.945713,48.134045,110140100
1688,2011-09-14,55.28856999999999,56.029999,55.10856999999999,55.614284999999995,48.71973,133681100
1689,2011-09-15,55.91857099999999,56.237143999999994,55.700001,56.137142000000004,49.177761,104454700
1690,2011-09-16,56.505714000000005,57.214287,56.432857999999996,57.214287,50.121384,174628300
1691,2011-09-19,56.714287,59.032856,56.457142000000005,58.804287,51.514263,205965200
1692,2011-09-20,59.32143000000001,60.408573,58.741428000000006,59.064285,51.742031,193938500
1693,2011-09-21,59.94857,60.22714200000001,58.85714300000001,58.877143999999994,51.578087,151494000
1694,2011-09-22,57.290001000000004,58.545715,56.671429,57.402859,50.286568,242120200
1695,2011-09-23,57.182857999999996,58.105713,57.121429000000006,57.757141000000004,50.596931,136569300
1696,2011-09-26,57.122856000000006,57.71143000000001,55.900002,57.595715000000006,50.455521000000005,203219100
1697,2011-09-27,58.389998999999996,58.464287,56.865715,57.037144,49.966183,158124400
1698,2011-09-28,57.169998,57.67714300000001,56.644287,56.715714,49.684608000000004,107409400
1699,2011-09-29,57.417141,57.458572,55.172855000000006,55.795715,48.87867,162771700
1700,2011-09-30,55.302856000000006,55.555714,54.454285,54.474284999999995,47.721058,136910200
1701,2011-10-03,54.33857,54.662856999999995,53.310001,53.514286,46.880077,167274800
1702,2011-10-04,53.509997999999996,54.542857999999995,50.605713,53.214287,46.617256,308419300
1703,2011-10-05,52.55143,54.259997999999996,51.471428,54.035713,47.336857,196617400
1704,2011-10-06,53.332859,54.968571,53.114284999999995,53.91,47.226719,203145600
1705,2011-10-07,53.682857999999996,53.962856,52.64143000000001,52.828571,46.279358,133864500
1706,2011-10-10,54.155716000000005,55.544284999999995,54.029999,55.544284999999995,48.658405,110628700
1707,2011-10-11,56.08142900000001,57.597141,55.92856999999999,57.184284,50.0951,151421900
1708,2011-10-12,58.19142900000001,58.464287,57.162856999999995,57.455715000000005,50.332867,155571500
1709,2011-10-13,57.854286,58.347141,57.549999,58.347141,51.113789000000004,106546300
1710,2011-10-14,59.547142,60.285713,59.324287,60.285713,52.812042000000005,143341800
1711,2011-10-17,60.248573,60.957142000000005,59.419998,59.998573,52.560497,171511200
1712,2011-10-18,60.251427,60.687141000000004,59.42714300000001,60.32,52.842079000000005,220400600
1713,2011-10-19,57.335712,58.345715000000006,56.828571,56.945713,49.886101000000004,276014900
1714,2011-10-20,57.14285699999999,57.192856000000006,56.315716,56.472857999999995,49.471866999999996,137317600
1715,2011-10-21,56.871429000000006,57.02,55.82143000000001,56.124287,49.166496,155311100
1716,2011-10-24,56.597141,58.07143000000001,56.485714,57.967144,50.780891,125534500
1717,2011-10-25,57.861427,58.078571,56.76857,56.824287,49.779724,107606800
1718,2011-10-26,57.394287,57.507141000000004,56.164288,57.228573,50.133884,114076200
1719,2011-10-27,58.222857999999995,58.42856999999999,57.412856999999995,57.812858999999996,50.645748,123666200
1720,2011-10-28,57.57143000000001,58.049999,57.501427,57.849998,50.67828,80710700
1721,2011-10-31,57.48857099999999,58.475716000000006,57.292857999999995,57.825714000000005,50.657016999999996,96375300
1722,2011-11-01,56.77285799999999,57.07143000000001,56.174285999999995,56.644287,49.622044,132947500
1723,2011-11-02,57.155716000000005,57.205715000000005,56.444286,56.77285799999999,49.734669,81837700
1724,2011-11-03,57.009997999999996,57.628570999999994,56.48,57.58142900000001,50.443008,110346600
1725,2011-11-04,57.432857999999996,57.634285,57.02285799999999,57.17714300000001,50.088848,75557300
1726,2011-11-07,57.130001,57.14285699999999,56.59,57.104286,50.025013,67568900
1727,2011-11-08,57.458572,58.285713,57.365715,58.032856,50.83847,100110500
1728,2011-11-09,56.709998999999996,57.27,56.318573,56.468571,49.468117,139671000
1729,2011-11-10,56.718571,56.744285999999995,54.592856999999995,55.031429,48.209122,186188100
1730,2011-11-11,55.23,55.528572,54.32285699999999,54.945713,48.134045,163446500
1731,2011-11-14,54.78856999999999,55.035713,54.028572,54.18,47.463268,108226300
1732,2011-11-15,54.400002,55.64285699999999,54.207142000000005,55.547142,48.660903999999995,107702700
1733,2011-11-16,55.60714300000001,55.877143999999994,54.902859,54.967144,48.152817,87302600
1734,2011-11-17,54.854286,54.939999,53.64285699999999,53.915714,47.231735,119975100
1735,2011-11-18,54.131428,54.284286,53.554287,53.562858999999996,46.922623,92984500
1736,2011-11-21,52.914288,53.097141,52.272858,52.715714,46.180508,111995100
1737,2011-11-22,53.00285699999999,53.990002000000004,52.991428000000006,53.787144,47.119102000000005,102255300
1738,2011-11-23,53.501427,53.69142900000001,52.411429999999996,52.427143,45.927708,107067800
1739,2011-11-25,52.631428,53.021427,51.902859,51.938572,45.499687,63690200
1740,2011-11-28,53.192856000000006,53.817142000000004,52.904284999999994,53.73143,47.070305,86603300
1741,2011-11-29,53.69142900000001,54.118572,52.885715000000005,53.314285,46.704857000000004,93963800
1742,2011-11-30,54.470001,54.611427,54.042857999999995,54.599998,47.831184,101484600
1743,2011-12-01,54.648571,55.57143000000001,54.39285699999999,55.41857099999999,48.548275,96795300
1744,2011-12-02,55.689999,56.232856999999996,55.51142900000001,55.671429,48.769787,94763900
1745,2011-12-05,56.212856,56.630001,55.77,56.144287,49.184028999999995,89302500
1746,2011-12-06,56.07285699999999,56.375713,55.625713,55.849998,48.926224,70899500
1747,2011-12-07,55.704285,55.848572,55.251427,55.584286,48.693443,76186600
1748,2011-12-08,55.921429,56.5,55.74714300000001,55.80857099999999,48.889927,94089100
1749,2011-12-09,56.121429000000006,56.291428,55.861427,56.23143,49.260360999999996,74248300
1750,2011-12-12,55.954285,56.271427,55.635715000000005,55.97714200000001,49.037609,75266800
1751,2011-12-13,56.14285699999999,56.485714,55.299999,55.544284999999995,48.658405,84732200
1752,2011-12-14,55.242858999999996,55.34,53.954285,54.312858999999996,47.579643,101721900
1753,2011-12-15,54.76142900000001,54.82,54.044284999999995,54.134285,47.423199,64050000
1754,2011-12-16,54.337143000000005,54.878570999999994,54.224284999999995,54.431427,47.683514,105369600
1755,2011-12-19,54.638573,54.978573,54.354286,54.601429,47.832436,58882600
1756,2011-12-20,55.394287,56.585712,55.32285699999999,56.564285,49.55196,84303800
1757,2011-12-21,56.669998,56.757141000000004,56.001427,56.635715000000005,49.614529,65737000
1758,2011-12-22,56.714287,57.01857,56.585712,56.935715,49.877338,50589700
1759,2011-12-23,57.098572,57.655716000000005,57.07,57.618572,50.475544,67349800
1760,2011-12-27,57.585712,58.44142900000001,57.574287,58.075714000000005,50.876015,66269000
1761,2011-12-28,58.127143999999994,58.32143000000001,57.334286,57.52,50.389194,57165500
1762,2011-12-29,57.628570999999994,57.950001,57.215714,57.874287,50.699566,53994500
1763,2011-12-30,57.644287,58.040001000000004,57.64143000000001,57.85714300000001,50.684540000000005,44915500
1764,2012-01-03,58.485714,58.92856999999999,58.42856999999999,58.74714300000001,51.464207,75555200
1765,2012-01-04,58.57143000000001,59.240002000000004,58.468571,59.062858999999996,51.740776000000004,65005500
1766,2012-01-05,59.278572,59.792857999999995,58.952858,59.718571,52.315197,67817400
1767,2012-01-06,59.967144,60.39285699999999,59.888573,60.342856999999995,52.862103000000005,79573200
1768,2012-01-09,60.785713,61.10714300000001,60.192856000000006,60.24714300000001,52.778248,98506100
1769,2012-01-10,60.844283999999995,60.85714300000001,60.214287,60.462856,52.967213,64549100
1770,2012-01-11,60.382858,60.407143000000005,59.901428,60.364284999999995,52.880863,53771200
1771,2012-01-12,60.325714000000005,60.414288,59.82143000000001,60.19857,52.73569499999999,53146800
1772,2012-01-13,59.957142000000005,60.064285,59.80857099999999,59.972857999999995,52.537975,56505400
1773,2012-01-17,60.599998,60.855713,60.422855000000006,60.671429,53.149933,60724300
1774,2012-01-18,60.994285999999995,61.352856,60.900002,61.30143,53.701828000000006,69197800
1775,2012-01-19,61.450001,61.624287,60.93,61.10714300000001,53.531634999999994,65434600
1776,2012-01-20,61.07,61.07143000000001,59.964287,60.042857999999995,52.599284999999995,103493600
1777,2012-01-23,60.381428,61.207142000000005,60.328571,61.05857099999999,53.489075,76515600
1778,2012-01-24,60.728573,60.728573,59.935715,60.05857099999999,52.61305600000001,136909500
1779,2012-01-25,64.91999799999999,64.921425,63.389998999999996,63.80857099999999,55.898159,239578500
1780,2012-01-26,64.05143000000001,64.112854,63.305714,63.51857,55.644107999999996,80996300
1781,2012-01-27,63.47714200000001,64.068573,63.395714,63.897144,55.975765,74927300
1782,2012-01-30,63.672855000000006,64.842857,63.627143999999994,64.715714,56.692859999999996,94835300
1783,2012-01-31,65.084282,65.46285999999999,64.724289,65.211426,57.127102,97920900
1784,2012-02-01,65.487144,65.57,65.078575,65.16999799999999,57.090816000000004,67511500
1785,2012-02-02,65.128571,65.309998,64.854286,65.017143,56.956920999999994,46699100
1786,2012-02-03,65.328575,65.714287,65.08000200000001,65.668571,57.52758000000001,71649900
1787,2012-02-06,65.482857,66.425713,65.457146,66.281425,58.064457,62353200
1788,2012-02-07,66.464287,67.10714,66.36856800000001,66.975716,58.67268000000001,79055900
1789,2012-02-08,67.214287,68.112854,67.099998,68.097145,59.655083,101972500
1790,2012-02-09,68.68,70.964287,68.65142800000001,70.45285799999999,61.718745999999996,221053700
1791,2012-02-10,70.137146,71.08856999999999,69.792854,70.488571,61.75005,157825500
1792,2012-02-13,71.361427,71.975716,71.012856,71.800003,62.898880000000005,129304000
1793,2012-02-14,72.094284,72.794289,71.714287,72.779999,63.757397,115099600
1794,2012-02-15,73.465714,75.184288,70.98428299999999,71.095711,62.281906000000006,376530000
1795,2012-02-16,70.214287,72.127144,69.51857,71.744286,62.850063,236138000
1796,2012-02-17,71.872856,72.538574,71.471428,71.73143,62.838806000000005,133951300
1797,2012-02-21,72.41143000000001,73.550003,72.017143,73.550003,64.431946,151398800
1798,2012-02-22,73.29714200000001,73.641426,72.724289,73.291428,64.205444,120825600
1799,2012-02-23,73.58285500000001,73.975716,72.785713,73.769997,64.624649,142006900
1800,2012-02-24,74.238571,74.699997,74.091431,74.629997,65.378052,103768000
1801,2012-02-27,74.47285500000001,75.5,73.754288,75.108574,65.797287,136895500
1802,2012-02-28,75.422859,76.487144,75.121429,76.487144,67.004959,150096800
1803,2012-02-29,77.36571500000001,78.230003,76.528572,77.49143199999999,67.88475,238002800
1804,2012-03-01,78.309998,78.315712,76.96714,77.781425,68.138809,170817500
1805,2012-03-02,77.748573,78.114288,77.502853,77.882858,68.227631,107928100
1806,2012-03-05,77.91714499999999,78.211426,75.14286,76.165718,66.723389,202281100
1807,2012-03-06,74.808571,76.24143199999999,73.745712,75.751427,66.360443,202559700
1808,2012-03-07,76.685715,76.825714,74.757141,75.812859,66.414261,199630200
1809,2012-03-08,76.38428499999999,77.57,76.017143,77.427139,67.828445,129114300
1810,2012-03-09,77.744286,78.248573,77.58714300000001,77.88143199999999,68.22641,104729800
1811,2012-03-12,78.425713,78.85714,78.14286,78.85714,69.081154,101820600
1812,2012-03-13,79.648575,81.168571,79.39286,81.157143,71.096008,172713800
1813,2012-03-14,82.578575,84.959999,82.199997,84.225716,73.784172,354711000
1814,2012-03-15,85.658569,85.715714,82.650002,83.65142800000001,73.281075,289929500
1815,2012-03-16,83.531425,84.171425,82.571426,83.652855,73.282333,206371900
1816,2012-03-19,85.48143,85.96714,84.150002,85.871429,75.225853,225309000
1817,2012-03-20,85.644287,86.699997,84.497147,86.565712,75.83408399999999,204165500
1818,2012-03-21,86.105713,87.092857,85.915718,86.071426,75.40106999999999,161010500
1819,2012-03-22,85.397141,86.35714,85.075714,85.620003,75.005608,155967700
1820,2012-03-23,85.784286,85.971428,84.914284,85.150002,74.59388,107622200
1821,2012-03-26,85.684288,86.735718,85.03714000000001,86.711426,75.96172299999999,148935500
1822,2012-03-27,86.597145,88.040001,86.58000200000001,87.78286,76.900322,151782400
1823,2012-03-28,88.339996,88.778572,87.187141,88.23143,77.293297,163865100
1824,2012-03-29,87.540001,88.08000200000001,86.747147,87.122856,76.322151,152059600
1825,2012-03-30,86.96714,87.22285500000001,85.41999799999999,85.650002,75.031876,182759500
1826,2012-04-02,85.975716,88.395714,85.76857,88.37571700000001,77.41969300000001,149587900
1827,2012-04-03,89.614288,90.315712,88.93,89.902855,78.757515,208639900
1828,2012-04-04,89.192856,89.408569,88.14286,89.187141,78.130516,143245200
1829,2012-04-05,89.568573,90.665718,89.057144,90.525711,79.303146,160324500
1830,2012-04-09,89.447144,91.405716,89.328575,90.889999,79.62226899999999,149384200
1831,2012-04-10,91.418571,92.0,89.428574,89.77714499999999,78.64739200000001,222431300
1832,2012-04-11,90.885712,90.98143,89.048569,89.457146,78.36705,174153700
1833,2012-04-12,89.285713,90.190002,88.64286,88.96714,77.937798,153584200
1834,2012-04-13,89.158569,89.242859,86.215714,86.461426,75.742722,214911200
1835,2012-04-16,87.15142800000001,87.182854,82.60714,82.87571700000001,72.601524,262696700
1836,2012-04-17,82.705711,87.14286,81.701431,87.099998,76.302109,256382000
1837,2012-04-18,87.674286,88.60714,86.101425,86.905716,76.131927,238632800
1838,2012-04-19,85.745712,86.389999,83.502853,83.91999799999999,73.516357,208679800
1839,2012-04-20,84.482857,84.945717,81.488571,81.854286,71.706749,257746300
1840,2012-04-23,81.51571700000001,82.38143199999999,79.517143,81.671425,71.546547,241632300
1841,2012-04-24,80.372856,81.09857199999999,79.285713,80.040001,70.117378,269037300
1842,2012-04-25,87.94856999999999,88.285713,86.571426,87.14286,76.33968399999999,226444400
1843,2012-04-26,87.752853,87.812859,86.01857,86.814285,76.051834,134017100
1844,2012-04-27,86.438568,86.597145,85.785713,86.14286,75.463638,101680600
1845,2012-04-30,85.400002,85.485718,83.285713,83.425713,73.083359,126536200
1846,2012-05-01,83.557144,85.251427,83.03286,83.16143000000001,72.85183,152749800
1847,2012-05-02,82.891426,83.914284,82.694283,83.711426,73.333649,106847300
1848,2012-05-03,84.35714,84.485718,82.900002,83.117142,72.813034,97637400
1849,2012-05-04,82.440002,82.622856,80.738571,80.75,70.739319,132498100
1850,2012-05-07,80.214287,81.824287,80.175713,81.354286,71.268723,115029600
1851,2012-05-08,81.36856800000001,81.64286,79.818573,81.168571,71.106033,124313000
1852,2012-05-09,80.528572,81.997147,80.121429,81.311432,71.231186,120176000
1853,2012-05-10,82.08285500000001,82.26857,81.205711,81.502853,71.39888,83300000
1854,2012-05-11,80.714287,82.067146,80.621429,80.958572,70.922066,99886500
1855,2012-05-14,80.367142,81.072861,79.657143,79.745712,69.85955,88156600
1856,2012-05-15,80.207146,80.459999,78.821426,79.024284,69.22757,119084000
1857,2012-05-16,79.150002,79.555717,77.291428,78.011429,68.34027900000001,140224000
1858,2012-05-17,77.90142800000001,78.214287,75.73143,75.73143,66.342926,179305000
1859,2012-05-18,76.279999,77.629997,74.597145,75.76857,66.375458,183073100
1860,2012-05-21,76.35714,80.220001,76.292854,80.182854,70.242508,157776500
1861,2012-05-22,81.364288,81.982857,78.940002,79.567146,69.703125,173717600
1862,2012-05-23,79.64286,81.828575,79.03286,81.50856800000001,71.403862,146224400
1863,2012-05-24,82.267143,82.35714,80.175713,80.760002,70.748108,124057500
1864,2012-05-25,80.655716,80.835716,79.781425,80.327141,70.368912,82126800
1865,2012-05-29,81.557144,82.0,80.75856800000001,81.752853,71.617897,95127200
1866,2012-05-30,81.314285,82.855713,80.937141,82.738571,72.481392,132357400
1867,2012-05-31,82.96285999999999,83.071426,81.637146,82.53286,72.30117800000001,122918600
1868,2012-06-01,81.308571,81.807144,80.074287,80.141426,70.206215,130246900
1869,2012-06-04,80.214287,81.071426,78.35714,80.612854,70.619179,139248900
1870,2012-06-05,80.181427,80.924286,79.761429,80.404289,70.436493,97053600
1871,2012-06-06,81.110001,81.978569,80.785713,81.637146,71.51649499999999,100363900
1872,2012-06-07,82.470001,82.474289,81.5,81.674286,71.549049,94941700
1873,2012-06-08,81.657143,82.940002,81.285713,82.902855,72.625298,86879100
1874,2012-06-11,83.959999,84.071426,81.51857,81.595711,71.480225,147816200
1875,2012-06-12,82.065712,82.37428299999999,80.957146,82.308571,72.10470600000001,108845100
1876,2012-06-13,82.074287,82.639999,81.482857,81.737144,71.604118,73395000
1877,2012-06-14,81.605713,81.928574,81.03714000000001,81.647141,71.525276,86393300
1878,2012-06-15,81.571426,82.08856999999999,81.364288,82.01857,71.850639,83813800
1879,2012-06-18,81.565712,83.98428299999999,81.48143,83.682854,73.30860899999999,110103000
1880,2012-06-19,83.342857,84.285713,83.300003,83.915718,73.512619,90351100
1881,2012-06-20,84.029999,84.178574,82.971428,83.677139,73.303612,89735800
1882,2012-06-21,83.63428499999999,84.031425,82.49143199999999,82.524284,72.293678,81587800
1883,2012-06-22,82.720001,83.16999799999999,82.20285799999999,83.157143,72.848076,71117900
1884,2012-06-25,82.471428,82.828575,81.48143,81.538574,71.43016800000001,76095600
1885,2012-06-26,81.61856800000001,82.07,81.04714200000001,81.718575,71.587852,69134100
1886,2012-06-27,82.14286,82.391426,81.70285799999999,82.071426,71.89696500000001,50749300
1887,2012-06-28,81.66714499999999,82.0,80.80143000000001,81.292854,71.21488199999999,70709100
1888,2012-06-29,82.571426,83.428574,82.035713,83.428574,73.08584599999999,105375200
1889,2012-07-02,83.53286,84.781425,83.371429,84.645714,74.152107,100023000
1890,2012-07-03,84.982857,85.714287,84.85714,85.629997,75.014359,60428200
1891,2012-07-05,85.794289,87.762856,85.664284,87.13428499999999,76.332169,121095800
1892,2012-07-06,86.727142,86.91999799999999,85.940002,86.554283,75.824074,104732600
1893,2012-07-09,86.471428,87.699997,86.30143000000001,87.69856999999999,76.8265,94851400
1894,2012-07-10,88.281425,88.552856,86.47285500000001,86.887146,76.115669,127989400
1895,2012-07-11,86.58856999999999,86.808571,85.317146,86.347145,75.642616,117330500
1896,2012-07-12,85.748573,86.209999,84.668571,85.557144,74.950546,107010400
1897,2012-07-13,86.135712,86.74143199999999,85.714287,86.424286,75.71018199999999,77856800
1898,2012-07-16,86.445717,87.37428299999999,86.431427,86.701431,75.952972,75315100
1899,2012-07-17,87.255714,87.35714,86.164284,86.705711,75.956703,73406200
1900,2012-07-18,86.655716,86.905716,86.22285500000001,86.608574,75.87162,63175000
1901,2012-07-19,87.325714,87.907143,86.571426,87.760002,76.880302,109215400
1902,2012-07-20,87.575714,87.77714499999999,86.242859,86.328575,75.626335,99367800
1903,2012-07-23,84.914284,86.557144,83.958572,86.261429,75.56752,121993900
1904,2012-07-24,86.76857,87.097145,85.501427,85.845711,75.203339,141283100
1905,2012-07-25,82.065712,82.971428,81.428574,82.138573,71.955772,219328200
1906,2012-07-26,82.822861,82.914284,81.480003,82.12571700000001,71.944519,101658200
1907,2012-07-27,82.144287,83.690002,81.655716,83.594284,73.231026,100984100
1908,2012-07-30,84.41714499999999,85.63428499999999,83.974289,85.004288,74.46623199999999,94785600
1909,2012-07-31,86.175713,87.385712,86.102859,87.251427,76.434792,115581900
1910,2012-08-01,87.987144,88.057144,86.14286,86.687141,75.94046,96125400
1911,2012-08-02,86.120003,87.24143199999999,85.75,86.827141,76.063103,83039600
1912,2012-08-03,87.66143000000001,88.28286,87.36571500000001,87.957146,77.05301700000001,86230200
1913,2012-08-06,88.184288,89.267143,87.894287,88.935715,77.910294,75525800
1914,2012-08-07,88.96714,89.285713,88.291428,88.701431,77.70504,72611700
1915,2012-08-08,88.48428299999999,89.12571700000001,88.157143,88.55143000000001,77.573624,61176500
1916,2012-08-09,88.264282,88.818573,88.257141,88.675713,78.01602199999999,55410600
1917,2012-08-10,88.387146,88.822861,88.385712,88.814285,78.13793199999999,48734700
1918,2012-08-13,89.055717,90.0,89.035713,90.0,79.18111400000001,69708100
1919,2012-08-14,90.267143,91.230003,90.029999,90.24143199999999,79.393532,85042300
1920,2012-08-15,90.185715,90.571426,89.678574,90.11856800000001,79.285439,64335600
1921,2012-08-16,90.172859,90.965714,90.071426,90.905716,79.977959,63633500
1922,2012-08-17,91.428574,92.59857199999999,91.25856800000001,92.58714300000001,81.457275,110690300
1923,2012-08-20,92.858574,95.021431,92.842857,95.021431,83.598923,153346200
1924,2012-08-21,95.831429,96.41143000000001,92.904289,93.72285500000001,82.456451,203179900
1925,2012-08-22,93.488571,95.571426,92.58714300000001,95.552856,84.066475,141330700
1926,2012-08-23,95.158569,95.699997,94.449997,94.66143000000001,83.28220400000001,105032200
1927,2012-08-24,94.215714,95.639999,93.650002,94.745712,83.35636099999999,109335100
1928,2012-08-27,97.141426,97.267143,96.220001,96.525711,84.922394,106752100
1929,2012-08-28,96.425713,96.585716,95.809998,96.400002,84.81179,66854200
1930,2012-08-29,96.464287,96.809998,96.085716,96.209999,84.644623,50701700
1931,2012-08-30,95.805717,95.935715,94.692856,94.83856999999999,83.43804200000001,75674900
1932,2012-08-31,95.321426,95.514282,93.89286,95.034286,83.61024499999999,84580300
1933,2012-09-04,95.108574,96.44856999999999,94.928574,96.424286,84.833153,91973000
1934,2012-09-05,96.510002,96.621429,95.657143,95.747147,84.237411,84093800
1935,2012-09-06,96.16714499999999,96.898575,95.828575,96.610001,84.99652900000001,97799100
1936,2012-09-07,96.864288,97.497147,96.538574,97.205711,85.520653,82416600
1937,2012-09-10,97.207146,97.612854,94.585716,94.677139,83.296036,121999500
1938,2012-09-11,95.01571700000001,95.728569,93.785713,94.370003,83.025803,125995800
1939,2012-09-12,95.264282,95.699997,93.714287,95.684288,84.182106,178058300
1940,2012-09-13,96.767143,97.928574,96.395714,97.568573,85.83988199999999,149590000
1941,2012-09-14,98.565712,99.568573,98.269997,98.754288,86.883041,150118500
1942,2012-09-17,99.907143,99.971428,99.230003,99.968575,87.95137,99507800
1943,2012-09-18,99.982857,100.33285500000001,99.488571,100.272858,88.219093,93375800
1944,2012-09-19,100.03714000000001,100.57,99.938568,100.300003,88.242981,81718700
1945,2012-09-20,99.879997,100.00856800000001,99.08856999999999,99.814285,87.81564300000001,84142100
1946,2012-09-21,100.344284,100.724289,99.908569,100.012856,87.990341,142897300
1947,2012-09-24,98.122856,99.302856,97.571426,98.684288,86.821457,159941600
1948,2012-09-25,98.322861,98.968575,96.14286,96.220001,84.65342700000001,129697400
1949,2012-09-26,95.534286,96.09857199999999,94.457146,95.025711,83.602692,144125800
1950,2012-09-27,94.898575,97.45285799999999,94.335716,97.331429,85.631248,148522500
1951,2012-09-28,96.964287,97.30143000000001,95.25,95.300003,83.844002,133777700
1952,2012-10-01,95.879997,96.678574,93.785713,94.19856999999999,82.874992,135898700
1953,2012-10-02,94.544289,95.192856,92.949997,94.47285500000001,83.116295,156998100
1954,2012-10-03,94.980003,95.980003,94.66143000000001,95.921425,84.390739,106070300
1955,2012-10-04,95.89286,96.321426,95.078575,95.257141,83.80630500000001,92681400
1956,2012-10-05,95.028572,95.14286,93.040001,93.227142,82.02034,148501500
1957,2012-10-08,92.41143000000001,92.50856800000001,90.872856,91.16714499999999,80.207954,159498500
1958,2012-10-09,91.235718,91.498573,89.078575,90.835716,79.916374,209649300
1959,2012-10-10,91.391426,92.139999,91.0,91.558571,80.552338,127589000
1960,2012-10-11,92.35714,92.457146,89.728569,89.728569,78.942329,136520300
1961,2012-10-12,89.937141,90.76857,89.328575,89.958572,79.144684,115003700
1962,2012-10-15,90.335716,90.732857,89.121429,90.68,79.77937299999999,108125500
1963,2012-10-16,90.767143,92.900002,90.14286,92.827141,81.66843399999999,137442900
1964,2012-10-17,92.695717,93.255714,92.0,92.08714300000001,81.017365,97259400
1965,2012-10-18,91.370003,91.72285500000001,90.0,90.377144,79.512939,119156100
1966,2012-10-19,90.150002,90.252853,87.08856999999999,87.120003,76.647339,186021500
1967,2012-10-22,87.488571,90.76857,87.251427,90.575714,79.68763,136682700
1968,2012-10-23,90.14286,90.557144,87.385712,87.622856,77.089745,176786400
1969,2012-10-24,88.77714499999999,89.507141,87.23428299999999,88.11856800000001,77.525871,139631800
1970,2012-10-25,88.571426,88.85714,86.507141,87.077141,76.609627,164081400
1971,2012-10-26,87.061432,87.714287,84.428574,86.285713,75.91333,254608200
1972,2012-10-31,84.982857,85.994286,83.957146,85.045715,74.822395,127500800
1973,2012-11-01,85.459999,86.14286,84.88143199999999,85.220001,74.975708,90324500
1974,2012-11-02,85.127144,85.278572,82.10714,82.400002,72.49472800000001,149843400
1975,2012-11-05,83.360001,83.96714,82.514282,83.517143,73.47758499999999,132283900
1976,2012-11-06,84.318573,84.391426,82.870003,83.264282,73.255089,93729300
1977,2012-11-07,81.977142,82.077141,79.39286,79.714287,70.45219399999999,198412200
1978,2012-11-08,80.089996,80.318573,76.470001,76.821426,67.895454,264036500
1979,2012-11-09,77.20285799999999,79.26857,76.245712,78.15142800000001,69.0709,232478400
1980,2012-11-12,79.164284,79.214287,76.949997,77.54714200000001,68.536835,128950500
1981,2012-11-13,76.987144,78.639999,76.622856,77.557144,68.545677,133237300
1982,2012-11-14,77.928574,78.207146,76.597145,76.697144,67.785583,119292600
1983,2012-11-15,76.790001,77.071426,74.660004,75.08856999999999,66.363922,197477700
1984,2012-11-16,75.028572,75.714287,72.25,75.382858,66.624016,316723400
1985,2012-11-19,77.244286,81.071426,77.12571700000001,80.818573,71.428162,205829400
1986,2012-11-20,81.701431,81.707146,79.225716,80.129997,70.819572,160688500
1987,2012-11-21,80.60714,81.052856,79.514282,80.242859,70.91933399999999,93250500
1988,2012-11-23,81.024284,81.714287,80.371429,81.64286,72.156685,68206600
1989,2012-11-26,82.271431,84.285713,81.958572,84.218575,74.433098,157644900
1990,2012-11-27,84.221428,84.345711,82.871429,83.540001,73.833359,133332500
1991,2012-11-28,82.46714,83.685715,81.751427,83.27714499999999,73.60105899999999,130216100
1992,2012-11-29,84.317146,84.89286,83.60714,84.194283,74.411636,128674700
1993,2012-11-30,83.827141,84.057144,83.239998,83.611427,73.896507,97829900
1994,2012-12-03,84.807144,84.941429,83.64286,83.74143199999999,74.011398,91070000
1995,2012-12-04,83.114288,83.114288,81.732857,82.264282,72.705887,139267100
1996,2012-12-05,81.272858,81.321426,76.96714,76.970001,68.026764,261159500
1997,2012-12-06,75.562859,79.044289,74.089996,78.177139,69.09362,294303100
1998,2012-12-07,79.057144,79.314285,75.714287,76.178574,67.327286,196760200
1999,2012-12-10,75.0,76.93,74.511429,75.688568,66.894211,157621100
2000,2012-12-11,77.110001,78.50856800000001,76.767143,77.341431,68.355003,148086400
2001,2012-12-12,78.252853,78.285713,76.610001,77.0,68.053276,121786000
2002,2012-12-13,75.878571,76.805717,75.114288,75.66999799999999,66.8778,156314900
2003,2012-12-14,73.535713,74.01857,72.225716,72.827141,64.365257,252394800
2004,2012-12-17,72.704285,74.285713,71.604286,74.11856800000001,65.50663,189401800
2005,2012-12-18,75.0,76.414284,74.321426,76.271431,67.409348,156421300
2006,2012-12-19,75.924286,76.242859,75.071426,75.187141,66.451035,112342300
2007,2012-12-20,75.714287,75.742859,74.12571700000001,74.53286,65.872772,120422400
2008,2012-12-21,73.209999,74.238571,72.891426,74.190002,65.569786,149067100
2009,2012-12-24,74.335716,74.89286,74.101425,74.309998,65.675797,43938300
2010,2012-12-26,74.14286,74.208572,73.017143,73.285713,64.770531,75609100
2011,2012-12-27,73.362854,73.75,72.094284,73.58000200000001,65.030624,113780100
2012,2012-12-28,72.898575,73.497147,72.58856999999999,72.798569,64.339996,88569600
2013,2012-12-31,72.932854,76.485718,72.714287,76.024284,67.190933,164873100
2014,2013-01-02,79.117142,79.285713,77.37571700000001,78.432854,69.319641,140129500
2015,2013-01-03,78.26857,78.524284,77.285713,77.442856,68.444672,88241300
2016,2013-01-04,76.709999,76.947144,75.11856800000001,75.285713,66.538162,148583400
2017,2013-01-07,74.571426,75.614288,73.599998,74.842857,66.146751,121039100
2018,2013-01-08,75.601425,75.98428299999999,74.464287,75.044289,66.324783,114676800
2019,2013-01-09,74.64286,75.001427,73.71285999999999,73.871429,65.288208,101901100
2020,2013-01-10,75.507141,75.531425,73.645714,74.78714000000001,66.097511,150286500
2021,2013-01-11,74.428574,75.045715,74.145714,74.328575,65.692223,87626700
2022,2013-01-14,71.811432,72.5,71.215714,71.678574,63.350147,183551900
2023,2013-01-15,71.185715,71.284286,69.054283,69.41714499999999,61.351456000000006,219193100
2024,2013-01-16,70.66285699999999,72.77714499999999,70.35714,72.298569,63.898102,172701200
2025,2013-01-17,72.90142800000001,72.964287,71.718575,71.811432,63.46756,113419600
2026,2013-01-18,71.21714,71.745712,70.914284,71.428574,63.12919599999999,118230700
2027,2013-01-22,72.08000200000001,72.554283,70.947144,72.110001,63.731434,115386600
2028,2013-01-23,72.687141,73.57,72.110001,73.43,64.898071,215377400
2029,2013-01-24,65.714287,66.53286,64.321426,64.35714,56.87937900000001,365213100
2030,2013-01-25,64.52714499999999,65.175713,62.14285699999999,62.84,55.538528,302006600
2031,2013-01-28,62.547142,64.744286,62.265713,64.261429,56.7948,196379400
2032,2013-01-29,65.5,65.742859,64.58856999999999,65.46714,57.86042,142789500
2033,2013-01-30,65.285713,66.085716,64.928574,65.261429,57.678608,104288800
2034,2013-01-31,65.28286,65.611427,64.997147,65.07,57.509426,79833600
2035,2013-02-01,65.58714300000001,65.639999,64.050003,64.802856,57.273327,134871100
2036,2013-02-04,64.844284,65.13428499999999,63.14285699999999,63.188572,55.846603,119279300
2037,2013-02-05,63.435715,65.677139,63.174285999999995,65.405716,57.806129000000006,143336900
2038,2013-02-06,65.209999,66.64286,64.654289,65.335716,57.744255,148426600
2039,2013-02-07,66.178574,67.14286,64.87428299999999,66.888573,59.46122,176145200
2040,2013-02-08,67.714287,68.40142800000001,66.89286,67.854286,60.319697999999995,158289600
2041,2013-02-11,68.071426,69.27714499999999,67.60714,68.561432,60.948330000000006,129372600
2042,2013-02-12,68.501427,68.91143000000001,66.82,66.842857,59.420586,152263300
2043,2013-02-13,66.744286,67.66285699999999,66.174286,66.715714,59.307556000000005,118801900
2044,2013-02-14,66.360001,67.377144,66.288574,66.655716,59.254222999999996,88818800
2045,2013-02-15,66.978569,67.165718,65.70285799999999,65.737144,58.437644999999996,97936300
2046,2013-02-19,65.871429,66.104286,64.835716,65.71285999999999,58.416065,108945900
2047,2013-02-20,65.38428499999999,65.38428499999999,64.114288,64.121429,57.001354000000006,119075600
2048,2013-02-21,63.714287,64.16714499999999,63.259997999999996,63.722857999999995,56.647041,111795600
2049,2013-02-22,64.178574,64.514282,63.799999,64.40142800000001,57.250252,82663700
2050,2013-02-25,64.835716,65.017143,63.224284999999995,63.257141000000004,56.233031999999994,93144800
2051,2013-02-26,63.402859,64.505714,62.52285799999999,64.138573,57.016586,125374900
2052,2013-02-27,64.061432,64.63428499999999,62.950001,63.509997999999996,56.457813,146837600
2053,2013-02-28,63.435715,63.98143,63.057143999999994,63.057143999999994,56.05525600000001,80628800
2054,2013-03-01,62.57143000000001,62.597141,61.425713,61.495716,54.667191,138112100
2055,2013-03-04,61.114284999999995,61.171429,59.85714300000001,60.007141000000004,53.343914,145688900
2056,2013-03-05,60.21143000000001,62.169998,60.10714300000001,61.591427,54.752277,159608400
2057,2013-03-06,62.07285699999999,62.17856999999999,60.632858,60.80857099999999,54.056362,115062500
2058,2013-03-07,60.64285699999999,61.715714,60.151428,61.51142900000001,54.681171,117118400
2059,2013-03-08,61.400002,62.204285,61.23,61.674285999999995,54.825935,97870500
2060,2013-03-11,61.39285699999999,62.715714,60.734287,62.552856000000006,55.606944999999996,118559000
2061,2013-03-12,62.228573,62.697143999999994,61.08142900000001,61.204285,54.408131000000004,116477900
2062,2013-03-13,61.207142000000005,62.07143000000001,60.765713,61.192856000000006,54.397971999999996,101387300
2063,2013-03-14,61.832859,62.091427,61.492858999999996,61.785713,54.925003000000004,75968900
2064,2013-03-15,62.561428,63.46143000000001,62.464287,63.380001,56.342243,160990200
2065,2013-03-18,63.064285,65.351425,63.028572,65.102859,57.873802000000005,151549300
2066,2013-03-19,65.64286,65.852859,64.071426,64.927139,57.71759399999999,131693800
2067,2013-03-20,65.345711,65.37571700000001,64.227142,64.58285500000001,57.411533,77165200
2068,2013-03-21,64.317146,65.425713,64.300003,64.675713,57.494091000000004,95813900
2069,2013-03-22,64.940002,66.014282,64.730003,65.987144,58.659896999999994,98776300
2070,2013-03-25,66.38428499999999,67.135712,65.968575,66.225716,58.871970999999995,125283900
2071,2013-03-26,66.49143199999999,66.548569,65.790001,65.877144,58.56209200000001,73573500
2072,2013-03-27,65.208572,65.257141,64.389999,64.58285500000001,57.411533,82809300
2073,2013-03-28,64.260002,64.545715,63.08857,63.237143999999994,56.215252,110709900
2074,2013-04-01,63.128570999999994,63.385715000000005,61.105713,61.27285799999999,54.46909,97433000
2075,2013-04-02,61.085712,62.591427,60.914288,61.398571,54.580837,132379800
2076,2013-04-03,61.624287,62.468571,61.472857999999995,61.712856,54.860222,90804000
2077,2013-04-04,61.965714,62.14285699999999,60.75,61.102856,54.317955000000005,89611900
2078,2013-04-05,60.64285699999999,60.707142000000005,59.954285,60.457142000000005,53.743958,95923800
2079,2013-04-08,60.692856000000006,61.07143000000001,60.355713,60.887142000000004,54.126197999999995,75207300
2080,2013-04-09,60.908573,61.214287,60.39285699999999,60.99714300000001,54.223983999999994,76653500
2081,2013-04-10,61.157143000000005,62.437141000000004,60.85856999999999,62.241428000000006,55.330112,93982000
2082,2013-04-11,61.959998999999996,62.57,61.599998,62.047142,55.157391000000004,82091100
2083,2013-04-12,62.021427,62.021427,61.298573,61.400002,54.582111,59653300
2084,2013-04-15,61.0,61.127143999999994,59.935715,59.978573,53.318516,79380000
2085,2013-04-16,60.224284999999995,60.944286,60.08142900000001,60.89143000000001,54.130005000000004,76442800
2086,2013-04-17,60.03856999999999,60.085712,56.872856000000006,57.542857999999995,51.153259000000006,236264000
2087,2013-04-18,57.855713,57.970001,55.67714300000001,56.007141000000004,49.788082,166574800
2088,2013-04-19,55.424285999999995,57.085712,55.014286,55.790001000000004,49.595051,152318600
2089,2013-04-22,56.091427,57.457142000000005,55.895714,56.952858,50.628777,107480100
2090,2013-04-23,57.712856,58.34,56.972857999999995,58.01857,51.576157,166059600
2091,2013-04-24,56.220001,59.32143000000001,56.07143000000001,57.922855000000006,51.491077000000004,242412800
2092,2013-04-25,58.74714300000001,59.134285,58.14285699999999,58.34,51.861889,96209400
2093,2013-04-26,58.544284999999995,59.824287,58.32143000000001,59.599998,52.981987,191024400
2094,2013-04-29,60.064285,61.945713,60.0,61.445713,54.622746,160081600
2095,2013-04-30,62.157143000000005,63.60714300000001,61.724284999999995,63.254284,56.230484,172884600
2096,2013-05-01,63.494285999999995,63.561428,62.055714,62.755714000000005,55.787277,126727300
2097,2013-05-02,63.111427,64.084282,62.947143999999994,63.645714,56.578461,105457100
2098,2013-05-03,64.47285500000001,64.747147,64.164284,64.28286,57.144852,90325200
2099,2013-05-06,65.101425,66.028572,64.90142800000001,65.815712,58.507495999999996,124160400
2100,2013-05-07,66.424286,66.535713,64.814285,65.522858,58.247154,120938300
2101,2013-05-08,65.577141,66.48143,65.11571500000001,66.262856,58.904984,118149500
2102,2013-05-09,65.687141,66.14286,65.08285500000001,65.252853,58.391082999999995,99621900
2103,2013-05-10,65.424286,65.672859,64.354286,64.709999,57.905327,83713000
2104,2013-05-13,64.501427,65.414284,64.5,64.96285999999999,58.131584,79237200
2105,2013-05-14,64.835716,65.028572,63.164288,63.408573,56.740749,111779500
2106,2013-05-15,62.737143999999994,63.0,60.337143000000005,61.264286,54.82194499999999,185403400
2107,2013-05-16,60.462856,62.549999,59.842856999999995,62.082859,55.554435999999995,150801000
2108,2013-05-17,62.721428,62.869999,61.57285699999999,61.894287,55.385689,106976100
2109,2013-05-20,61.701427,63.685715,61.442856000000006,63.275715000000005,56.62185699999999,112894600
2110,2013-05-21,62.592856999999995,63.639998999999996,62.028572,62.80857099999999,56.203842,114005500
2111,2013-05-22,63.435715,64.050003,62.602856,63.049999,56.419883999999996,110759600
2112,2013-05-23,62.278572,63.737143999999994,62.255714000000005,63.162856999999995,56.520874,88255300
2113,2013-05-24,62.978573,63.665714,62.908573,63.592856999999995,56.905651,69041700
2114,2013-05-28,64.271431,64.444283,62.978573,63.062858999999996,56.431385,96536300
2115,2013-05-29,62.85714300000001,63.92856999999999,62.771427,63.564285,56.880081000000004,82644100
2116,2013-05-30,63.664288,64.928574,63.501427,64.511429,57.727633999999995,88379900
2117,2013-05-31,64.64286,65.300003,64.214287,64.247147,57.491131,96075700
2118,2013-06-03,64.389999,64.622856,63.21143000000001,64.388573,57.617699,93088100
2119,2013-06-04,64.745712,64.918571,63.912856999999995,64.187141,57.437447,73182200
2120,2013-06-05,63.664288,64.388573,63.387142000000004,63.587143000000005,56.900535999999995,72647400
2121,2013-06-06,63.638573,63.85714300000001,62.007141000000004,62.637142000000004,56.050433999999996,104233500
2122,2013-06-07,62.35714300000001,63.32,61.824287,63.115715,56.478687,101133900
2123,2013-06-10,63.532856,64.154289,62.400002,62.69857,56.105408,112538300
2124,2013-06-11,62.248573,63.251427,61.902859,62.514286,55.940491,71528100
2125,2013-06-12,62.785713,63.035713,61.64285699999999,61.741428000000006,55.248901000000004,66306800
2126,2013-06-13,61.785713,62.44857,61.25,62.279999,55.730854,71458100
2127,2013-06-14,62.200001,62.327144999999994,61.214287,61.435715,54.975349,67966500
2128,2013-06-17,61.634285,62.242858999999996,61.48,61.714287,55.224628,64853600
2129,2013-06-18,61.651428,62.128570999999994,61.458572,61.681427,55.195232,48756400
2130,2013-06-19,61.628570999999994,61.665714,60.42856999999999,60.42856999999999,54.074104000000005,77735000
2131,2013-06-20,59.900002,60.854286,59.310001,59.548573,53.286648,89327700
2132,2013-06-21,59.784286,60.0,58.299999,59.07143000000001,52.859688,120279600
2133,2013-06-24,58.200001,58.380001,56.864284999999995,57.505714000000005,51.458607,120186500
2134,2013-06-25,57.957142000000005,58.255714000000005,56.975716000000006,57.51857,51.470112,78540700
2135,2013-06-26,57.700001,57.827144999999994,56.52285799999999,56.867142,50.887192,91931000
2136,2013-06-27,57.035713,57.341427,56.220001,56.254284,50.338772,84311500
2137,2013-06-28,55.908573,57.181427,55.552856000000006,56.647144,50.690323,144629100
2138,2013-07-01,57.527142000000005,58.895714,57.317142000000004,58.459998999999996,52.312542,97763400
2139,2013-07-02,58.565716,60.232856999999996,58.495716,59.784286,53.497569999999996,117466300
2140,2013-07-03,60.122856000000006,60.425713,59.635715000000005,60.114284999999995,53.792873,60232200
2141,2013-07-05,60.055714,60.470001,59.335712,59.631428,53.36079,68506200
2142,2013-07-08,60.015713,60.14285699999999,58.664288,59.292857999999995,53.057827,74534600
2143,2013-07-09,59.085712,60.5,58.625713,60.335712,53.991016,88146100
2144,2013-07-10,59.942856000000006,60.685715,59.75,60.104286,53.78393199999999,70351400
2145,2013-07-11,60.421429,61.17856999999999,60.167141,61.041428,54.622524,81573100
2146,2013-07-12,61.092856999999995,61.398571,60.487143999999994,60.93,54.522819999999996,69890800
2147,2013-07-15,60.715714,61.637142000000004,60.685715,61.062858999999996,54.641701,60479300
2148,2013-07-16,60.931427,61.529999,60.595715000000006,61.457142000000005,54.994521999999996,54134500
2149,2013-07-17,61.385715000000005,61.745716,61.174285999999995,61.472857999999995,55.008579000000005,49747600
2150,2013-07-18,61.91143,62.124287,61.515713,61.68,55.193946999999994,54719700
2151,2013-07-19,61.871429000000006,61.99714300000001,60.621429000000006,60.707142000000005,54.32338299999999,67180400
2152,2013-07-22,61.351429,61.39285699999999,60.781429,60.901428,54.497238,51949100
2153,2013-07-23,60.85714300000001,60.994285999999995,59.815716,59.855713,53.561493000000006,92348900
2154,2013-07-24,62.704285,63.512856000000006,62.18,62.93,56.312504000000004,147984200
2155,2013-07-25,62.957142000000005,63.057143999999994,62.258571999999994,62.64285699999999,56.055542,57373400
2156,2013-07-26,62.185715,63.005714000000005,62.048573,62.998573,56.373870999999994,50038100
2157,2013-07-29,62.971428,64.284286,62.885715000000005,63.970001,57.243137,62014400
2158,2013-07-30,64.279999,65.307144,64.175713,64.760002,57.950058,77355600
2159,2013-07-31,64.998573,65.334282,64.204285,64.647141,57.849068,80739400
2160,2013-08-01,65.10714,65.257141,64.751427,65.239998,58.37959300000001,51562700
2161,2013-08-02,65.43,66.121429,65.237144,66.077141,59.1287,68695900
2162,2013-08-05,66.38428499999999,67.238571,66.021431,67.064285,60.012039,79713900
2163,2013-08-06,66.860001,67.41285699999999,66.024284,66.464287,59.475136,83714400
2164,2013-08-07,66.257141,66.714287,65.96714,66.425713,59.440613,74714500
2165,2013-08-08,66.26571700000001,66.300003,65.421425,65.858574,59.322235,63944300
2166,2013-08-09,65.519997,65.779999,64.807144,64.921425,58.478088,66716300
2167,2013-08-12,65.26571700000001,66.949997,65.232857,66.76571700000001,60.139331999999996,91108500
2168,2013-08-13,67.27714499999999,70.665718,66.864288,69.938568,62.997292,220485300
2169,2013-08-14,71.12571700000001,72.035713,70.485718,71.214287,64.1464,189093100
2170,2013-08-15,70.91714499999999,71.771431,69.86856800000001,71.129997,64.07045699999999,122573500
2171,2013-08-16,71.449997,71.84857199999999,71.26571700000001,71.761429,64.63922099999999,90576500
2172,2013-08-19,72.048569,73.391426,72.0,72.534286,65.335388,127629600
2173,2013-08-20,72.815712,72.938568,71.545715,71.581429,64.477112,89672100
2174,2013-08-21,71.941429,72.449997,71.599998,71.76571700000001,64.643097,83969900
2175,2013-08-22,72.139999,72.227142,71.171425,71.851425,64.720314,61051900
2176,2013-08-23,71.895714,71.907143,71.335716,71.574287,64.470673,55682900
2177,2013-08-26,71.535713,72.885712,71.5,71.852859,64.72159599999999,82741400
2178,2013-08-27,71.14286,71.78714000000001,69.471428,69.798569,62.87118100000001,106047200
2179,2013-08-28,69.428574,70.828575,69.428574,70.128571,63.168423,76902000
2180,2013-08-29,70.235718,70.928574,70.16143000000001,70.242859,63.271389,59914400
2181,2013-08-30,70.285713,70.421425,69.5,69.602859,62.694908,68074300
2182,2013-09-03,70.442856,71.514282,69.621429,69.79714200000001,62.86988100000001,82982200
2183,2013-09-04,71.36571500000001,71.748573,70.897141,71.24143199999999,64.170845,86258200
2184,2013-09-05,71.464287,71.525711,70.519997,70.752853,63.730755,59091900
2185,2013-09-06,71.205711,71.339996,69.992859,71.174286,64.11036700000001,89881400
2186,2013-09-09,72.14286,72.559998,71.925713,72.309998,65.13336899999999,85171800
2187,2013-09-10,72.314285,72.492859,69.928574,70.66285699999999,63.64970400000001,185798900
2188,2013-09-11,66.715714,67.66999799999999,66.40142800000001,66.815712,60.184383,224674100
2189,2013-09-12,66.928574,67.914284,66.572861,67.52714499999999,60.825194999999994,101012800
2190,2013-09-13,67.048569,67.404289,66.385712,66.414284,59.822788,74708900
2191,2013-09-16,65.85714,65.944283,63.888573,64.302856,57.920906,135926700
2192,2013-09-17,63.994285999999995,65.672859,63.92856999999999,65.045715,58.590045999999994,99845200
2193,2013-09-18,66.168571,66.621429,65.808571,66.382858,59.794479,114215500
2194,2013-09-19,67.242859,67.975716,67.035713,67.471428,60.77500500000001,101135300
2195,2013-09-20,68.285713,68.364288,66.571426,66.772858,60.145790000000005,174825700
2196,2013-09-23,70.871429,70.987144,68.942856,70.091431,63.134983,190526700
2197,2013-09-24,70.697144,70.781425,69.688568,69.871429,62.936802,91086100
2198,2013-09-25,69.885712,69.94856999999999,68.775711,68.790001,61.962711,79239300
2199,2013-09-26,69.428574,69.794289,69.128571,69.459999,62.566223,59305400
2200,2013-09-27,69.111427,69.238571,68.674286,68.964287,62.119693999999996,57010100
2201,2013-09-30,68.178574,68.808571,67.772858,68.10714,61.34763,65039100
2202,2013-10-01,68.349998,69.877144,68.339996,69.708572,62.790127000000005,88470900
2203,2013-10-02,69.37571700000001,70.257141,69.10714,69.937141,62.996002000000004,72296000
2204,2013-10-03,70.072861,70.335716,68.677139,69.058571,62.204636,80688300
2205,2013-10-04,69.122856,69.228569,68.371429,69.004288,62.155735,64717100
2206,2013-10-07,69.50856800000001,70.378571,69.335716,69.678574,62.763103,78073100
2207,2013-10-08,69.99143199999999,70.091431,68.648575,68.705711,61.88679499999999,72729300
2208,2013-10-09,69.23428299999999,69.684288,68.325714,69.512856,62.613831000000005,75431300
2209,2013-10-10,70.188568,70.339996,69.577141,69.94856999999999,63.006287,69650700
2210,2013-10-11,69.57,70.548569,69.308571,70.40142800000001,63.414211,66934700
2211,2013-10-14,69.975716,71.08285500000001,69.907143,70.862854,63.829845,65474500
2212,2013-10-15,71.072861,71.714287,70.788574,71.239998,64.16954799999999,80018400
2213,2013-10-16,71.541428,71.790001,71.318573,71.58714300000001,64.482254,62775300
2214,2013-10-17,71.425713,72.111427,71.382858,72.071426,64.91845699999999,63398300
2215,2013-10-18,72.284286,72.751427,72.244286,72.69856999999999,65.48336,72635500
2216,2013-10-21,73.110001,74.900002,73.074287,74.480003,67.08800500000001,99526700
2217,2013-10-22,75.201431,75.492859,72.575714,74.267143,66.896263,133515900
2218,2013-10-23,74.14286,75.095711,74.14286,74.994286,67.551231,78430800
2219,2013-10-24,75.0,76.067146,74.635712,75.987144,68.445557,96191200
2220,2013-10-25,75.902855,76.175713,75.01571700000001,75.137146,67.679909,84448000
2221,2013-10-28,75.577141,75.85714,74.744286,75.697144,68.184349,137610200
2222,2013-10-29,76.610001,77.035713,73.505714,73.811432,66.48577900000001,158951800
2223,2013-10-30,74.230003,75.360001,73.860001,74.985718,67.543526,88540900
2224,2013-10-31,75.0,75.355713,74.46714,74.671425,67.260437,68924100
2225,2013-11-01,74.860001,74.971428,73.691429,74.290001,66.916847,68722500
2226,2013-11-04,74.442856,75.260002,74.11571500000001,75.25,67.781563,61156900
2227,2013-11-05,74.940002,75.555717,74.714287,75.064285,67.614296,66303300
2228,2013-11-06,74.878571,74.980003,74.028572,74.41714499999999,67.422722,55843900
2229,2013-11-07,74.225716,74.74143199999999,73.197144,73.21285999999999,66.33165699999999,65655100
2230,2013-11-08,73.511429,74.447144,73.227142,74.36571500000001,67.376129,69829200
2231,2013-11-11,74.284286,74.524284,73.487144,74.150002,67.180687,56863100
2232,2013-11-12,73.95285799999999,74.845711,73.85714,74.28714000000001,67.304939,51069200
2233,2013-11-13,74.0,74.60714,73.851425,74.37571700000001,67.38517,49305200
2234,2013-11-14,74.687141,75.611427,74.552856,75.451431,68.35981,70604800
2235,2013-11-15,75.225716,75.584282,74.927139,74.998573,67.949516,79480100
2236,2013-11-18,74.998573,75.312859,74.028572,74.089996,67.126343,61236000
2237,2013-11-19,74.147141,74.76857,73.995712,74.221428,67.24542199999999,52234700
2238,2013-11-20,74.175713,74.345711,73.475716,73.571426,66.656502,48479200
2239,2013-11-21,73.942856,74.458572,73.38143199999999,74.44856999999999,67.45121,65506700
2240,2013-11-22,74.21714,74.594284,74.075714,74.257141,67.277771,55931400
2241,2013-11-25,74.431427,75.12428299999999,74.428574,74.82,67.787712,57327900
2242,2013-11-26,74.87428299999999,76.591431,74.85714,76.199997,69.03801,100345700
2243,2013-11-27,76.61571500000001,78.0,76.199997,77.994286,70.663666,90862100
2244,2013-11-29,78.497147,79.761429,78.25856800000001,79.438568,71.972206,79531900
2245,2013-12-02,79.714287,80.61856800000001,78.688568,78.747147,71.345749,118136200
2246,2013-12-03,79.757141,80.91143000000001,79.668571,80.902855,73.298843,112742000
2247,2013-12-04,80.785713,81.312859,80.117142,80.714287,73.128006,94452400
2248,2013-12-05,81.807144,82.16285699999999,80.915718,81.128571,73.503349,111895000
2249,2013-12-06,80.827141,80.964287,79.938568,80.002853,72.483437,86088100
2250,2013-12-09,80.128571,81.36856800000001,80.128571,80.918571,73.31311,80123400
2251,2013-12-10,80.511429,81.12571700000001,80.171425,80.792854,73.19918100000001,69567400
2252,2013-12-11,81.0,81.567146,79.955711,80.194283,72.65686,89929700
2253,2013-12-12,80.305717,80.762856,80.004288,80.077141,72.550751,65572500
2254,2013-12-13,80.407143,80.41143000000001,79.095711,79.204285,71.75992600000001,83205500
2255,2013-12-16,79.288574,80.377144,79.28714000000001,79.64286,72.15727199999999,70648200
2256,2013-12-17,79.40142800000001,79.91999799999999,79.054283,79.284286,71.832436,57475600
2257,2013-12-18,78.528572,78.778572,76.971428,78.681427,71.28621700000001,141465800
2258,2013-12-19,78.5,78.571426,77.675713,77.779999,70.469505,80077200
2259,2013-12-20,77.918571,78.80143000000001,77.831429,78.431427,71.059715,109103400
2260,2013-12-23,81.14286,81.531425,80.394287,81.441429,73.786819,125326600
2261,2013-12-24,81.41285699999999,81.697144,80.861427,81.095711,73.473579,41888700
2262,2013-12-26,81.157143,81.35714,80.482857,80.557144,72.98563399999999,51002000
2263,2013-12-27,80.545715,80.629997,79.928574,80.012856,72.492508,56471100
2264,2013-12-30,79.637146,80.012856,78.902855,79.21714,71.77158399999999,63407400
2265,2013-12-31,79.16714499999999,80.182854,79.14286,80.145714,72.61286899999999,55771100
2266,2014-01-02,79.382858,79.575714,78.860001,79.01857,71.591667,58671200
2267,2014-01-03,78.980003,79.099998,77.204285,77.28286,70.01909599999999,98116900
2268,2014-01-06,76.778572,78.114288,76.228569,77.704285,70.400902,103152700
2269,2014-01-07,77.760002,77.994286,76.845711,77.148575,69.897423,79302300
2270,2014-01-08,76.97285500000001,77.937141,76.955711,77.637146,70.340096,64632400
2271,2014-01-09,78.114288,78.122856,76.478569,76.645714,69.441841,69787200
2272,2014-01-10,77.11856800000001,77.257141,75.872856,76.13428499999999,68.978462,76244000
2273,2014-01-13,75.701431,77.5,75.697144,76.53286,69.339584,94623200
2274,2014-01-14,76.888573,78.104286,76.808571,78.055717,70.71932199999999,83140400
2275,2014-01-15,79.074287,80.028572,78.808571,79.622856,72.13916800000001,97909700
2276,2014-01-16,79.271431,79.550003,78.811432,79.178574,71.736649,57319500
2277,2014-01-17,78.78286,78.867142,77.128571,77.238571,69.978973,106684900
2278,2014-01-21,77.284286,78.581429,77.20285799999999,78.438568,71.066185,82131700
2279,2014-01-22,78.701431,79.612854,78.25856800000001,78.78714000000001,71.38200400000001,94996300
2280,2014-01-23,78.562859,79.5,77.83000200000001,79.454285,71.98645,100809800
2281,2014-01-24,79.14286,79.37428299999999,77.821426,78.010002,70.67789499999999,107338700
2282,2014-01-27,78.581429,79.257141,77.964287,78.64286,71.251266,138719700
2283,2014-01-28,72.68,73.571426,71.724289,72.35714,65.556343,266380800
2284,2014-01-29,71.992859,72.48143,71.23143,71.535713,64.812126,125702500
2285,2014-01-30,71.791428,72.35714,70.957146,71.397141,64.686554,169625400
2286,2014-01-31,70.739998,71.647141,70.507141,71.514282,64.792686,116199300
2287,2014-02-03,71.80143000000001,72.53286,71.328575,71.647141,64.913078,100366000
2288,2014-02-04,72.264282,72.779999,71.822861,72.684288,65.852753,94170300
2289,2014-02-05,72.36571500000001,73.611427,72.321426,73.227142,66.344574,82086200
2290,2014-02-06,72.86571500000001,73.35714,72.544289,73.215714,66.731277,64441300
2291,2014-02-07,74.482857,74.704285,73.91143000000001,74.239998,67.664833,92570100
2292,2014-02-10,74.094284,75.998573,74.0,75.57,68.877052,86389800
2293,2014-02-11,75.80143000000001,76.821426,75.64286,76.565712,69.784576,70564200
2294,2014-02-12,76.707146,77.08000200000001,76.177139,76.559998,69.779381,77025200
2295,2014-02-13,76.379997,77.835716,76.314285,77.775711,70.887421,76849500
2296,2014-02-14,77.495712,77.997147,77.315712,77.71285999999999,70.83013199999999,68231100
2297,2014-02-18,78.0,78.74143199999999,77.944283,77.998573,71.090523,65062900
2298,2014-02-19,77.821426,78.127144,76.335716,76.767143,69.96817800000001,78442000
2299,2014-02-20,76.141426,76.714287,75.571426,75.878571,69.158302,76464500
2300,2014-02-21,76.112854,76.367142,74.942856,75.035713,68.39009899999999,69696200
2301,2014-02-24,74.735718,75.70285799999999,74.63143199999999,75.364288,68.68956,72227400
2302,2014-02-25,75.62571700000001,75.652855,74.428574,74.58000200000001,67.974739,57988000
2303,2014-02-26,74.80143000000001,75.0,73.657143,73.907143,67.361473,69054300
2304,2014-02-27,73.877144,75.540001,73.721428,75.38143199999999,68.705185,75470500
2305,2014-02-28,75.58285500000001,76.10714,74.58856999999999,75.177139,68.518982,92992200
2306,2014-03-03,74.774284,75.807144,74.687141,75.394287,68.716904,59695300
2307,2014-03-04,75.85714,76.091431,75.395714,75.891426,69.17002099999999,64785000
2308,2014-03-05,75.845711,76.39286,75.589996,76.05143000000001,69.315842,50015700
2309,2014-03-06,76.112854,76.34857199999999,75.442856,75.821426,69.10620899999999,46372200
2310,2014-03-07,75.870003,75.997147,75.150002,75.77714499999999,69.065849,55182400
2311,2014-03-10,75.480003,76.190002,75.477142,75.845711,69.128342,44646000
2312,2014-03-11,76.492859,76.96285999999999,76.084282,76.584282,69.801514,69806100
2313,2014-03-12,76.358574,76.764282,76.0,76.658569,69.869225,49831600
2314,2014-03-13,76.77714499999999,77.094284,75.594284,75.807144,69.09320799999999,64435700
2315,2014-03-14,75.541428,75.841431,74.714287,74.955711,68.317177,59299800
2316,2014-03-17,75.385712,75.709999,75.121429,75.248573,68.58408399999999,49886200
2317,2014-03-18,75.128571,75.995712,75.028572,75.914284,69.190857,52411800
2318,2014-03-19,76.03714000000001,76.605713,75.571426,75.894287,69.17263,56189000
2319,2014-03-20,75.69856999999999,76.095711,75.335716,75.528572,68.839302,52099600
2320,2014-03-21,75.989998,76.25,75.190002,76.12428299999999,69.382233,93511600
2321,2014-03-24,76.91714499999999,77.214287,76.437141,77.02714499999999,70.205147,88925200
2322,2014-03-25,77.35714,77.964287,77.084282,77.855713,70.960335,70573300
2323,2014-03-26,78.074287,78.428574,76.980003,77.111427,70.28196,74942000
2324,2014-03-27,77.145714,77.35714,76.445717,76.779999,69.979889,55507900
2325,2014-03-28,76.902855,76.99143199999999,76.321426,76.694283,69.901772,50141000
2326,2014-03-31,77.03286,77.25856800000001,76.561432,76.677139,69.886131,42167300
2327,2014-04-01,76.822861,77.410004,76.681427,77.378571,70.525444,50190000
2328,2014-04-02,77.482857,77.639999,77.18,77.507141,70.64263199999999,45105200
2329,2014-04-03,77.341431,77.5,76.805717,76.970001,70.153061,40586000
2330,2014-04-04,77.11571500000001,77.14286,75.79714200000001,75.974289,69.24556,68812800
2331,2014-04-07,75.431427,75.842857,74.555717,74.781425,68.15831800000001,72462600
2332,2014-04-08,75.02714499999999,75.160004,74.099998,74.77714499999999,68.15441899999999,60972100
2333,2014-04-09,74.66285699999999,75.784286,74.574287,75.760002,69.050224,51542400
2334,2014-04-10,75.811432,76.034286,74.738571,74.78286,68.159622,59913000
2335,2014-04-11,74.14286,74.690002,73.877144,74.230003,67.655731,67929400
2336,2014-04-14,74.557144,74.594284,73.887146,74.525711,67.925262,51418500
2337,2014-04-15,74.324287,74.519997,73.04714200000001,73.994286,67.440903,66622500
2338,2014-04-16,74.007141,74.441429,73.44856999999999,74.144287,67.577614,53691400
2339,2014-04-17,74.285713,75.394287,74.171425,74.99143199999999,68.349731,71083600
2340,2014-04-21,75.048569,76.019997,74.851425,75.88143199999999,69.160896,45637200
2341,2014-04-22,75.47285500000001,75.975716,75.214287,75.957146,69.229904,50640800
2342,2014-04-23,75.58000200000001,75.87571700000001,74.921425,74.964287,68.324974,98735000
2343,2014-04-24,81.172859,81.428574,80.104286,81.110001,73.926384,189977900
2344,2014-04-25,80.647141,81.71285999999999,80.565712,81.705711,74.469353,97568800
2345,2014-04-28,81.828575,85.10714,81.792854,84.870003,77.353386,167371400
2346,2014-04-29,84.82,85.139999,84.215714,84.61856800000001,77.124229,84344400
2347,2014-04-30,84.66285699999999,85.632858,84.257141,84.298569,76.832581,114160200
2348,2014-05-01,84.571426,84.971428,83.76571700000001,84.497147,77.01355,61012000
2349,2014-05-02,84.620003,84.885712,84.244286,84.654289,77.156784,47878600
2350,2014-05-05,84.305717,85.85714,84.285713,85.851425,78.247887,71766800
2351,2014-05-06,85.971428,86.344284,84.915718,84.915718,77.39505799999999,93641100
2352,2014-05-07,85.035713,85.327141,83.961426,84.61856800000001,77.124229,70716100
2353,2014-05-08,84.035713,84.915718,83.771431,83.998573,76.98674,57574300
2354,2014-05-09,83.505714,83.75,82.904289,83.648575,76.665977,72899400
2355,2014-05-12,83.927139,84.808571,83.914284,84.690002,77.620483,53302200
2356,2014-05-13,84.571426,84.934288,84.385712,84.822861,77.742241,39934300
2357,2014-05-14,84.632858,85.342857,84.534286,84.83856999999999,77.75660699999999,41601000
2358,2014-05-15,84.957146,85.228569,84.005714,84.117142,77.095413,57711500
2359,2014-05-16,84.089996,85.361427,83.628571,85.358574,78.233215,69064100
2360,2014-05-19,85.407143,86.761429,85.33285500000001,86.370003,79.16024,79438800
2361,2014-05-20,86.358574,86.628571,85.818573,86.387146,79.175926,58709000
2362,2014-05-21,86.261429,86.671425,86.00856800000001,86.61571500000001,79.385437,49214900
2363,2014-05-22,86.657143,87.121429,86.300003,86.752853,79.511116,50190000
2364,2014-05-23,86.75,87.818573,86.638573,87.732857,80.409317,58052400
2365,2014-05-27,87.982857,89.408569,87.947144,89.37571700000001,81.91503900000001,87216500
2366,2014-05-28,89.431427,89.975716,89.111427,89.144287,81.702927,78870400
2367,2014-05-29,89.692856,90.98143,89.681427,90.76857,83.19162800000001,94118500
2368,2014-05-30,91.139999,92.024284,89.842857,90.428574,82.88000500000001,141005200
2369,2014-06-02,90.565712,90.690002,88.928574,89.807144,82.310455,92337700
2370,2014-06-03,89.779999,91.248573,89.75,91.077141,83.474419,73177300
2371,2014-06-04,91.062859,92.555717,90.872856,92.117142,84.42761999999999,83870500
2372,2014-06-05,92.314285,92.767143,91.80143000000001,92.478569,84.758873,75951400
2373,2014-06-06,92.842857,93.03714000000001,92.067146,92.224289,84.525826,87484600
2374,2014-06-09,92.699997,93.879997,91.75,93.699997,85.878342,75415000
2375,2014-06-10,94.730003,95.050003,93.57,94.25,86.382439,62777000
2376,2014-06-11,94.129997,94.760002,93.470001,93.860001,86.02499399999999,45681000
2377,2014-06-12,94.040001,94.120003,91.900002,92.290001,84.586044,54749000
2378,2014-06-13,92.199997,92.440002,90.879997,91.279999,83.66033900000001,54525000
2379,2014-06-16,91.510002,92.75,91.449997,92.199997,84.503571,35561000
2380,2014-06-17,92.309998,92.699997,91.800003,92.08000200000001,84.39357,29726000
2381,2014-06-18,92.269997,92.290001,91.349998,92.18,84.485222,33514000
2382,2014-06-19,92.290001,92.300003,91.339996,91.860001,84.191948,35528000
2383,2014-06-20,91.849998,92.550003,90.900002,90.910004,83.321236,100898000
2384,2014-06-23,91.32,91.620003,90.599998,90.83000200000001,83.24791,43694000
2385,2014-06-24,90.75,91.739998,90.190002,90.279999,82.74382800000001,39036000
2386,2014-06-25,90.209999,90.699997,89.650002,90.360001,82.817154,36869000
2387,2014-06-26,90.370003,91.050003,89.800003,90.900002,83.312065,32629000
2388,2014-06-27,90.82,92.0,90.769997,91.980003,84.301926,64029000
2389,2014-06-30,92.099998,93.730003,92.089996,92.93,85.17263,49482300
2390,2014-07-01,93.519997,94.07,93.129997,93.519997,85.713371,38223000
2391,2014-07-02,93.870003,94.059998,93.089996,93.480003,85.676704,28465000
2392,2014-07-03,93.66999799999999,94.099998,93.199997,94.029999,86.18079399999999,22891800
2393,2014-07-07,94.139999,95.989998,94.099998,95.970001,87.95886999999999,56468000
2394,2014-07-08,96.269997,96.800003,93.91999799999999,95.349998,87.390602,65222000
2395,2014-07-09,95.440002,95.949997,94.760002,95.389999,87.427269,36436000
2396,2014-07-10,93.760002,95.550003,93.519997,95.040001,87.106491,39686000
2397,2014-07-11,95.360001,95.889999,94.860001,95.220001,87.271454,34018000
2398,2014-07-14,95.860001,96.889999,95.650002,96.449997,88.398788,42810000
2399,2014-07-15,96.800003,96.849998,95.029999,95.32,87.363113,45477900
2400,2014-07-16,96.970001,97.099998,94.739998,94.779999,86.868187,53396300
2401,2014-07-17,95.029999,95.279999,92.57,93.089996,85.31926700000001,57298000
2402,2014-07-18,93.620003,94.739998,93.019997,94.43,86.54740100000001,49988000
2403,2014-07-21,94.989998,95.0,93.720001,93.940002,86.09830500000001,39079000
2404,2014-07-22,94.68,94.889999,94.120003,94.720001,86.813194,55197000
2405,2014-07-23,95.41999799999999,97.879997,95.16999799999999,97.190002,89.07701899999999,92918000
2406,2014-07-24,97.040001,97.32,96.41999799999999,97.029999,88.930374,45729000
2407,2014-07-25,96.849998,97.839996,96.639999,97.66999799999999,89.51694499999999,43469000
2408,2014-07-28,97.82,99.239998,97.550003,99.019997,90.754242,55318000
2409,2014-07-29,99.33000200000001,99.440002,98.25,98.379997,90.167679,43143000
2410,2014-07-30,98.440002,98.699997,97.66999799999999,98.150002,89.956863,33010000
2411,2014-07-31,97.160004,97.449997,95.33000200000001,95.599998,87.619743,56843000
2412,2014-08-01,94.900002,96.620003,94.809998,96.129997,88.105499,48511000
2413,2014-08-04,96.370003,96.58000200000001,95.16999799999999,95.589996,87.61058,39958000
2414,2014-08-05,95.360001,95.68,94.360001,95.120003,87.17981,55933000
2415,2014-08-06,94.75,95.480003,94.709999,94.959999,87.033173,38558000
2416,2014-08-07,94.93,95.949997,94.099998,94.480003,87.023979,46711000
2417,2014-08-08,94.260002,94.82,93.279999,94.739998,87.26344300000001,41865000
2418,2014-08-11,95.269997,96.08000200000001,94.839996,95.989998,88.414787,36585000
2419,2014-08-12,96.040001,96.879997,95.610001,95.970001,88.396378,33795000
2420,2014-08-13,96.150002,97.239998,96.040001,97.239998,89.566154,31916000
2421,2014-08-14,97.33000200000001,97.57,96.800003,97.5,89.805611,28116000
2422,2014-08-15,97.900002,98.190002,96.860001,97.980003,90.247765,48951000
2423,2014-08-18,98.489998,99.370003,97.980003,99.160004,91.334633,47572000
2424,2014-08-19,99.410004,100.68,99.32,100.529999,92.596512,69399000
2425,2014-08-20,100.440002,101.089996,99.949997,100.57,92.633347,52699000
2426,2014-08-21,100.57,100.940002,100.110001,100.58000200000001,92.642563,33478000
2427,2014-08-22,100.290001,101.470001,100.190002,101.32,93.324173,44184000
2428,2014-08-25,101.790001,102.16999799999999,101.279999,101.540001,93.526787,40270000
2429,2014-08-26,101.41999799999999,101.5,100.860001,100.889999,92.928085,33152000
2430,2014-08-27,101.019997,102.57,100.699997,102.129997,94.070236,52369000
2431,2014-08-28,101.589996,102.779999,101.559998,102.25,94.180771,68460000
2432,2014-08-29,102.860001,102.900002,102.199997,102.5,94.411041,44595000
2433,2014-09-02,103.059998,103.739998,102.720001,103.300003,95.147903,53564000
2434,2014-09-03,103.099998,103.199997,98.58000200000001,98.940002,91.131973,125421000
2435,2014-09-04,98.849998,100.089996,97.790001,98.120003,90.37670899999999,85718000
2436,2014-09-05,98.800003,99.389999,98.309998,98.970001,91.159615,58457000
2437,2014-09-08,99.300003,99.309998,98.050003,98.360001,90.597771,46356700
2438,2014-09-09,99.08000200000001,103.08000200000001,96.139999,97.989998,90.256966,189846300
2439,2014-09-10,98.010002,101.110001,97.760002,101.0,93.02941899999999,100869600
2440,2014-09-11,100.410004,101.440002,99.620003,101.43,93.42549100000001,62353100
2441,2014-09-12,101.209999,102.190002,101.08000200000001,101.660004,93.637337,62626100
2442,2014-09-15,102.809998,103.050003,101.440002,101.629997,93.609688,61316500
2443,2014-09-16,99.800003,101.260002,98.889999,100.860001,92.900459,66908100
2444,2014-09-17,101.269997,101.800003,100.589996,101.58000200000001,93.563652,60926500
2445,2014-09-18,101.93,102.349998,101.559998,101.790001,93.75708,37299400
2446,2014-09-19,102.290001,102.349998,100.5,100.959999,92.992592,70902400
2447,2014-09-22,101.800003,102.139999,100.58000200000001,101.059998,93.084694,52788400
2448,2014-09-23,100.599998,102.940002,100.540001,102.639999,94.53999300000001,63402200
2449,2014-09-24,102.160004,102.849998,101.199997,101.75,93.720238,60171800
2450,2014-09-25,100.510002,100.709999,97.720001,97.870003,90.146439,100092000
2451,2014-09-26,98.529999,100.75,98.400002,100.75,92.799133,62370500
2452,2014-09-29,98.650002,100.440002,98.629997,100.110001,92.209648,49766300
2453,2014-09-30,100.809998,101.540001,100.529999,100.75,92.799133,55264100
2454,2014-10-01,100.589996,100.690002,98.699997,99.18,91.35305799999999,51491300
2455,2014-10-02,99.269997,100.220001,98.040001,99.900002,92.016235,47757800
2456,2014-10-03,99.440002,100.209999,99.040001,99.620003,91.758347,43469600
2457,2014-10-06,99.949997,100.650002,99.41999799999999,99.620003,91.758347,37051200
2458,2014-10-07,99.43,100.120003,98.730003,98.75,90.95697,42094200
2459,2014-10-08,98.760002,101.110001,98.309998,100.800003,92.845215,57404700
2460,2014-10-09,101.540001,102.379997,100.610001,101.019997,93.047852,77376500
2461,2014-10-10,100.690002,102.029999,100.300003,100.730003,92.780716,66331600
2462,2014-10-13,101.33000200000001,101.779999,99.809998,99.809998,91.933334,53583400
2463,2014-10-14,100.389999,100.519997,98.57,98.75,90.95697,63688600
2464,2014-10-15,97.970001,99.150002,95.18,97.540001,89.84246800000001,100933600
2465,2014-10-16,95.550003,97.720001,95.410004,96.260002,88.663467,72154500
2466,2014-10-17,97.5,99.0,96.809998,97.66999799999999,89.962227,68179700
2467,2014-10-20,98.32,99.959999,98.220001,99.760002,91.887299,77517300
2468,2014-10-21,103.019997,103.019997,101.269997,102.470001,94.383415,94623900
2469,2014-10-22,102.839996,104.110001,102.599998,102.989998,94.86236600000001,68263100
2470,2014-10-23,104.08000200000001,105.050003,103.629997,104.83000200000001,96.557182,71074700
2471,2014-10-24,105.18,105.489998,104.529999,105.220001,96.916382,47053900
2472,2014-10-27,104.849998,105.480003,104.699997,105.110001,96.815079,34187700
2473,2014-10-28,105.400002,106.739998,105.349998,106.739998,98.316429,48060900
2474,2014-10-29,106.650002,107.370003,106.360001,107.339996,98.869072,52687900
2475,2014-10-30,106.959999,107.349998,105.900002,106.980003,98.537498,40654800
2476,2014-10-31,108.010002,108.040001,107.209999,108.0,99.476997,44639300
2477,2014-11-03,108.220001,110.300003,108.010002,109.400002,100.766525,52282600
2478,2014-11-04,109.360001,109.489998,107.720001,108.599998,100.029655,41574400
2479,2014-11-05,109.099998,109.300003,108.129997,108.860001,100.269127,37435900
2480,2014-11-06,108.599998,108.790001,107.800003,108.699997,100.55589300000001,34968500
2481,2014-11-07,108.75,109.32,108.550003,109.010002,100.84269,33691500
2482,2014-11-10,109.019997,109.33000200000001,108.66999799999999,108.83000200000001,100.67617,27195500
2483,2014-11-11,108.699997,109.75,108.400002,109.699997,101.480988,27442300
2484,2014-11-12,109.379997,111.43,109.370003,111.25,102.914864,46942400
2485,2014-11-13,111.800003,113.449997,111.599998,112.82,104.367241,59522900
2486,2014-11-14,113.150002,114.190002,111.209999,114.18,105.62531299999999,44063600
2487,2014-11-17,114.269997,117.279999,113.300003,113.989998,105.44957,46746700
2488,2014-11-18,113.940002,115.690002,113.889999,115.470001,106.81867199999999,44224000
2489,2014-11-19,115.440002,115.739998,113.800003,114.66999799999999,106.078621,41869200
2490,2014-11-20,114.910004,116.860001,114.849998,116.309998,107.595749,43395500
2491,2014-11-21,117.510002,117.57,116.029999,116.470001,107.74375900000001,57179300
2492,2014-11-24,116.849998,118.769997,116.620003,118.629997,109.741928,47450800
2493,2014-11-25,119.07,119.75,117.449997,117.599998,108.789093,68840400
2494,2014-11-26,117.940002,119.099998,117.83000200000001,119.0,110.08420600000001,40768300
2495,2014-11-28,119.269997,119.400002,118.050003,118.93,110.019447,24814400
2496,2014-12-01,118.809998,119.25,111.269997,115.07,106.448647,83814000
2497,2014-12-02,113.5,115.75,112.75,114.629997,106.041618,59348900
2498,2014-12-03,115.75,116.349998,115.110001,115.93,107.24421699999999,43063400
2499,2014-12-04,115.769997,117.199997,115.290001,115.489998,106.83719599999999,42044500
2500,2014-12-05,115.989998,116.08000200000001,114.639999,115.0,106.383896,38318900
2501,2014-12-08,114.099998,114.650002,111.620003,112.400002,103.97868299999999,57664900
2502,2014-12-09,110.190002,114.300003,109.349998,114.120003,105.569832,60208000
2503,2014-12-10,114.410004,114.849998,111.540001,111.949997,103.562416,44565300
2504,2014-12-11,112.260002,113.800003,111.339996,111.620003,103.257141,41401700
2505,2014-12-12,110.459999,111.870003,109.58000200000001,109.730003,101.508751,56028100
2506,2014-12-15,110.699997,111.599998,106.349998,108.230003,100.12114,67218100
2507,2014-12-16,106.370003,110.160004,106.260002,106.75,98.751999,60790700
2508,2014-12-17,107.120003,109.839996,106.82,109.410004,101.212715,53411800
2509,2014-12-18,111.870003,112.650002,110.660004,112.650002,104.209976,59006200
2510,2014-12-19,112.260002,113.239998,111.660004,111.779999,103.40514399999999,88429800
2511,2014-12-22,112.160004,113.489998,111.970001,112.940002,104.478241,45167500
2512,2014-12-23,113.230003,113.33000200000001,112.459999,112.540001,104.10820799999999,26028400
2513,2014-12-24,112.58000200000001,112.709999,112.010002,112.010002,103.61792,14479600
2514,2014-12-26,112.099998,114.519997,112.010002,113.989998,105.44957,33721000
2515,2014-12-29,113.790001,114.769997,113.699997,113.910004,105.375557,27598900
2516,2014-12-30,113.639999,113.91999799999999,112.110001,112.519997,104.089706,29881500
2517,2014-12-31,112.82,113.129997,110.209999,110.379997,102.110046,41403400
2518,2015-01-02,111.389999,111.440002,107.349998,109.33000200000001,101.138702,53204600
2519,2015-01-05,108.290001,108.650002,105.410004,106.25,98.289474,64285500
2520,2015-01-06,106.540001,107.43,104.629997,106.260002,98.29872900000001,65797100
2521,2015-01-07,107.199997,108.199997,106.699997,107.75,99.677094,40105900
2522,2015-01-08,109.230003,112.150002,108.699997,111.889999,103.506897,59364500
2523,2015-01-09,112.66999799999999,113.25,110.209999,112.010002,103.61792,53699500
2524,2015-01-12,112.599998,112.629997,108.800003,109.25,101.064705,49650800
2525,2015-01-13,111.43,112.800003,108.910004,110.220001,101.962006,67091900
2526,2015-01-14,109.040001,110.489998,108.5,109.800003,101.573509,48956600
2527,2015-01-15,110.0,110.059998,106.660004,106.82,98.81675,60014000
2528,2015-01-16,107.029999,107.58000200000001,105.199997,105.989998,98.04894300000001,78513300
2529,2015-01-20,107.839996,108.970001,106.5,108.720001,100.574409,49899900
2530,2015-01-21,108.949997,111.059998,108.269997,109.550003,101.342232,48575900
2531,2015-01-22,110.260002,112.470001,109.720001,112.400002,103.97868299999999,53796400
2532,2015-01-23,112.300003,113.75,111.529999,112.980003,104.515251,46464800
2533,2015-01-26,113.739998,114.360001,112.800003,113.099998,104.62623599999999,55615000
2534,2015-01-27,112.41999799999999,112.480003,109.029999,109.139999,100.962952,95568700
2535,2015-01-28,117.629997,118.120003,115.309998,115.309998,106.670677,146477100
2536,2015-01-29,116.32,119.190002,115.559998,118.900002,109.99169199999999,84436400
2537,2015-01-30,118.400002,120.0,116.849998,117.160004,108.382065,83745500
2538,2015-02-02,118.050003,119.16999799999999,116.08000200000001,118.629997,109.741928,62739100
2539,2015-02-03,118.5,119.089996,117.610001,118.650002,109.760429,51915700
2540,2015-02-04,118.5,120.510002,118.309998,119.559998,110.60226399999999,70149700
2541,2015-02-05,120.019997,120.230003,119.25,119.940002,111.391663,42246200
2542,2015-02-06,120.019997,120.25,118.449997,118.93,110.453644,43706600
2543,2015-02-09,118.550003,119.839996,118.43,119.720001,111.187347,38889800
2544,2015-02-10,120.16999799999999,122.150002,120.160004,122.019997,113.32344099999999,62008500
2545,2015-02-11,122.769997,124.91999799999999,122.5,124.879997,115.97959099999999,73561800
2546,2015-02-12,126.059998,127.480003,125.57,126.459999,117.446976,74474500
2547,2015-02-13,127.279999,127.279999,125.650002,127.08000200000001,118.022797,54272200
2548,2015-02-17,127.489998,128.880005,126.91999799999999,127.83000200000001,118.71933,63152400
2549,2015-02-18,127.629997,128.779999,127.449997,128.720001,119.545914,44891700
2550,2015-02-19,128.479996,129.029999,128.330002,128.449997,119.295151,37362400
2551,2015-02-20,128.619995,129.5,128.050003,129.5,120.270302,48948400
2552,2015-02-23,130.020004,133.0,129.66000400000001,133.0,123.520866,70974100
2553,2015-02-24,132.940002,133.600006,131.169998,132.169998,122.750023,69228100
2554,2015-02-25,131.559998,131.600006,128.149994,128.78999299999998,119.610909,74711700
2555,2015-02-26,128.78999299999998,130.869995,126.610001,130.419998,121.124733,91287500
2556,2015-02-27,130.0,130.570007,128.240005,128.46000700000002,119.30443600000001,62014800
2557,2015-03-02,129.25,130.279999,128.300003,129.08999599999999,119.88951899999999,48096700
2558,2015-03-03,128.96000700000002,129.520004,128.08999599999999,129.360001,120.140289,37816300
2559,2015-03-04,129.100006,129.559998,128.320007,128.53999299999998,119.378723,31666300
2560,2015-03-05,128.580002,128.75,125.760002,126.410004,117.400566,56517100
2561,2015-03-06,128.399994,129.369995,126.260002,126.599998,117.577003,72842100
2562,2015-03-09,127.959999,129.570007,125.059998,127.139999,118.07851399999998,88528500
2563,2015-03-10,126.410004,127.220001,123.800003,124.510002,115.63596299999999,68856600
2564,2015-03-11,124.75,124.769997,122.110001,122.239998,113.52774,68939000
2565,2015-03-12,122.309998,124.900002,121.629997,124.449997,115.58023100000001,48362700
2566,2015-03-13,124.400002,125.400002,122.58000200000001,123.589996,114.781525,51827300
2567,2015-03-16,123.879997,124.949997,122.870003,124.949997,116.044601,35874300
2568,2015-03-17,125.900002,127.32,125.650002,127.040001,117.985634,51023100
2569,2015-03-18,127.0,129.16000400000001,126.370003,128.470001,119.31371299999999,65270900
2570,2015-03-19,128.75,129.25,127.400002,127.5,118.412849,45809500
2571,2015-03-20,128.25,128.399994,125.160004,125.900002,116.926895,68695100
2572,2015-03-23,127.120003,127.849998,126.519997,127.209999,118.14353200000001,37709700
2573,2015-03-24,127.230003,128.03999299999998,126.559998,126.690002,117.660599,32842300
2574,2015-03-25,126.540001,126.82,123.379997,123.379997,114.586479,51655200
2575,2015-03-26,122.760002,124.879997,122.599998,124.239998,115.385201,47572900
2576,2015-03-27,124.57,124.699997,122.910004,123.25,114.465752,39546200
2577,2015-03-30,124.050003,126.400002,124.0,126.370003,117.363396,47099700
2578,2015-03-31,126.089996,126.489998,124.360001,124.43,115.56166100000002,42090600
2579,2015-04-01,124.82,125.120003,123.099998,124.25,115.394478,40621400
2580,2015-04-02,125.029999,125.559998,124.190002,125.32,116.38823700000002,32220100
2581,2015-04-06,124.470001,127.510002,124.33000200000001,127.349998,118.273537,37194000
2582,2015-04-07,127.639999,128.119995,125.980003,126.010002,117.029076,35012300
2583,2015-04-08,125.849998,126.400002,124.970001,125.599998,116.64826200000002,37329200
2584,2015-04-09,125.849998,126.58000200000001,124.660004,126.559998,117.53984799999999,32484000
2585,2015-04-10,125.949997,127.209999,125.260002,127.099998,118.04135900000001,40188000
2586,2015-04-13,128.369995,128.570007,126.610001,126.849998,117.80918899999999,36365100
2587,2015-04-14,127.0,127.290001,125.910004,126.300003,117.29838600000001,25524600
2588,2015-04-15,126.410004,127.129997,126.010002,126.779999,117.744171,28970400
2589,2015-04-16,126.279999,127.099998,126.110001,126.16999799999999,117.17765,28369000
2590,2015-04-17,125.550003,126.139999,124.459999,124.75,115.85884899999999,51957000
2591,2015-04-20,125.57,128.119995,125.16999799999999,127.599998,118.50573,47054300
2592,2015-04-21,128.100006,128.199997,126.66999799999999,126.910004,117.864899,32435100
2593,2015-04-22,126.989998,128.869995,126.32,128.619995,119.453033,37654500
2594,2015-04-23,128.300003,130.419998,128.139999,129.669998,120.4282,45770900
2595,2015-04-24,130.490005,130.630005,129.229996,130.279999,120.994698,44525900
2596,2015-04-27,132.309998,133.130005,131.149994,132.649994,123.195801,96954200
2597,2015-04-28,134.46000700000002,134.53999299999998,129.570007,130.559998,121.254791,118924000
2598,2015-04-29,130.16000400000001,131.58999599999999,128.300003,128.639999,119.47161899999999,63386100
2599,2015-04-30,128.639999,128.639999,124.58000200000001,125.150002,116.23036200000001,83195400
2600,2015-05-01,126.099998,130.130005,125.300003,128.949997,119.759514,58512600
2601,2015-05-04,129.5,130.570007,128.259995,128.699997,119.527336,50988300
2602,2015-05-05,128.149994,128.449997,125.779999,125.800003,116.834015,49271400
2603,2015-05-06,126.559998,126.75,123.360001,125.010002,116.100319,72141000
2604,2015-05-07,124.769997,126.08000200000001,124.019997,125.260002,116.81844299999999,43940900
2605,2015-05-08,126.68,127.620003,126.110001,127.620003,119.01938600000001,55550400
2606,2015-05-11,127.389999,127.559998,125.629997,126.32,117.806992,42035800
2607,2015-05-12,125.599998,126.879997,124.82,125.870003,117.387321,48160000
2608,2015-05-13,126.150002,127.190002,125.870003,126.010002,117.517899,34694200
2609,2015-05-14,127.410004,128.949997,127.160004,128.949997,120.259758,45203500
2610,2015-05-15,129.070007,129.490005,128.21000700000002,128.770004,120.09188799999998,38208000
2611,2015-05-18,128.380005,130.720001,128.360001,130.190002,121.416183,50882900
2612,2015-05-19,130.690002,130.880005,129.639999,130.070007,121.304276,44633200
2613,2015-05-20,130.0,130.979996,129.33999599999999,130.059998,121.29493000000001,36454900
2614,2015-05-21,130.070007,131.630005,129.830002,131.389999,122.53530900000001,39730400
2615,2015-05-22,131.600006,132.970001,131.399994,132.53999299999998,123.60781100000001,45596000
2616,2015-05-26,132.600006,132.91000400000001,129.119995,129.619995,120.884575,70697600
2617,2015-05-27,130.33999599999999,132.259995,130.050003,132.03999299999998,123.141502,45833200
2618,2015-05-28,131.860001,131.949997,131.100006,131.779999,122.89901699999999,30733300
2619,2015-05-29,131.229996,131.449997,129.899994,130.279999,121.500092,50884500
2620,2015-06-01,130.279999,131.389999,130.050003,130.53999299999998,121.74258400000001,32112800
2621,2015-06-02,129.860001,130.66000400000001,129.320007,129.96000700000002,121.201675,33667600
2622,2015-06-03,130.66000400000001,130.940002,129.899994,130.119995,121.35089099999999,30983500
2623,2015-06-04,129.580002,130.580002,128.91000400000001,129.360001,120.642128,38450100
2624,2015-06-05,129.5,129.690002,128.360001,128.649994,119.97996499999999,35626800
2625,2015-06-08,128.899994,129.21000700000002,126.83000200000001,127.800003,119.187256,52674800
2626,2015-06-09,126.699997,128.080002,125.620003,127.41999799999999,118.832848,56075400
2627,2015-06-10,127.91999799999999,129.33999599999999,127.849998,128.880005,120.194473,39087300
2628,2015-06-11,129.179993,130.179993,128.479996,128.58999599999999,119.92400400000001,35390900
2629,2015-06-12,128.190002,128.330002,127.110001,127.16999799999999,118.59971599999999,36886200
2630,2015-06-15,126.099998,127.239998,125.709999,126.91999799999999,118.36656200000002,43988900
2631,2015-06-16,127.029999,127.849998,126.370003,127.599998,119.00073200000001,31494100
2632,2015-06-17,127.720001,127.879997,126.739998,127.300003,118.72093999999998,32918100
2633,2015-06-18,127.230003,128.309998,127.220001,127.879997,119.261871,35407200
2634,2015-06-19,127.709999,127.82,126.400002,126.599998,118.06813799999999,54716900
2635,2015-06-22,127.489998,128.059998,127.08000200000001,127.610001,119.01006299999999,34039300
2636,2015-06-23,127.480003,127.610001,126.879997,127.029999,118.46914699999999,30268900
2637,2015-06-24,127.209999,129.800003,127.120003,128.110001,119.47636399999999,55280900
2638,2015-06-25,128.860001,129.199997,127.5,127.5,118.907471,31938100
2639,2015-06-26,127.66999799999999,127.989998,126.510002,126.75,118.208008,44066800
2640,2015-06-29,125.459999,126.470001,124.480003,124.529999,116.137619,49161400
2641,2015-06-30,125.57,126.120003,124.860001,125.43,116.976997,44370700
2642,2015-07-01,126.900002,126.940002,125.989998,126.599998,118.06813799999999,30238800
2643,2015-07-02,126.43,126.690002,125.769997,126.440002,117.91891499999998,27211000
2644,2015-07-06,124.940002,126.230003,124.849998,126.0,117.50856,28060400
2645,2015-07-07,125.889999,126.150002,123.769997,125.690002,117.219444,46946800
2646,2015-07-08,124.480003,124.639999,122.540001,122.57,114.309715,60761600
2647,2015-07-09,123.849998,124.059998,119.220001,120.07,111.97820300000001,78595000
2648,2015-07-10,121.940002,123.849998,121.209999,123.279999,114.97186299999998,61354500
2649,2015-07-13,125.029999,125.760002,124.32,125.660004,117.191483,41440500
2650,2015-07-14,126.040001,126.370003,125.040001,125.610001,117.144852,31768100
2651,2015-07-15,125.720001,127.150002,125.58000200000001,126.82,118.2733,33649200
2652,2015-07-16,127.739998,128.570007,127.349998,128.509995,119.849411,36222400
2653,2015-07-17,129.080002,129.619995,128.309998,129.619995,120.884575,46164700
2654,2015-07-20,130.970001,132.970001,130.699997,132.070007,123.16950200000001,58900200
2655,2015-07-21,132.850006,132.919998,130.320007,130.75,121.93845400000001,76756400
2656,2015-07-22,121.989998,125.5,121.989998,125.220001,116.781151,115450600
2657,2015-07-23,126.199997,127.089996,125.059998,125.160004,116.725174,50999500
2658,2015-07-24,125.32,125.739998,123.900002,124.5,116.10965,42162300
2659,2015-07-27,123.089996,123.610001,122.120003,122.769997,114.49623899999999,44455500
2660,2015-07-28,123.379997,123.910004,122.550003,123.379997,115.065125,33618100
2661,2015-07-29,123.150002,123.5,122.269997,122.989998,114.701416,37011700
2662,2015-07-30,122.32,122.57,121.709999,122.370003,114.123199,33628300
2663,2015-07-31,122.599998,122.639999,120.910004,121.300003,113.125298,42885000
2664,2015-08-03,121.5,122.57,117.519997,118.440002,110.458069,69976000
2665,2015-08-04,117.41999799999999,117.699997,113.25,114.639999,106.91413100000001,124138600
2666,2015-08-05,112.949997,117.440002,112.099998,115.400002,107.622925,99312600
2667,2015-08-06,115.970001,116.5,114.120003,115.129997,107.857124,52903000
2668,2015-08-07,114.58000200000001,116.25,114.5,115.519997,108.22248799999998,38670400
2669,2015-08-10,116.529999,119.989998,116.529999,119.720001,112.15716599999999,54951600
2670,2015-08-11,117.809998,118.18,113.33000200000001,113.489998,106.320732,97082800
2671,2015-08-12,112.529999,115.41999799999999,109.629997,115.239998,107.960182,101217500
2672,2015-08-13,116.040001,116.400002,114.540001,115.150002,107.87586999999999,48535800
2673,2015-08-14,114.32,116.309998,114.010002,115.959999,108.634697,42929500
2674,2015-08-17,116.040001,117.650002,115.5,117.160004,109.758896,40884700
2675,2015-08-18,116.43,117.440002,116.010002,116.5,109.140579,34560700
2676,2015-08-19,116.099998,116.519997,114.68,115.010002,107.74470500000001,48286500
2677,2015-08-20,114.08000200000001,114.349998,111.629997,112.650002,105.533798,68501600
2678,2015-08-21,110.43,111.900002,105.650002,105.760002,99.079048,128275500
2679,2015-08-24,94.870003,108.800003,92.0,103.120003,96.605797,162206300
2680,2015-08-25,111.110001,111.110001,103.5,103.739998,97.186653,103601600
2681,2015-08-26,107.089996,109.889999,105.050003,109.690002,102.760788,96774600
2682,2015-08-27,112.230003,113.239998,110.019997,112.91999799999999,105.78674299999999,84616100
2683,2015-08-28,112.16999799999999,113.309998,111.540001,113.290001,106.13336899999999,53164400
2684,2015-08-31,112.029999,114.529999,112.0,112.760002,105.636848,56229300
2685,2015-09-01,110.150002,111.879997,107.360001,107.720001,100.91523000000001,76845900
2686,2015-09-02,110.230003,112.339996,109.129997,112.339996,105.243378,61888800
2687,2015-09-03,112.489998,112.779999,110.040001,110.370003,103.397812,53233900
2688,2015-09-04,108.970001,110.449997,108.510002,109.269997,102.367294,49996300
2689,2015-09-08,111.75,112.559998,110.32,112.309998,105.215271,54843600
2690,2015-09-09,113.760002,114.019997,109.769997,110.150002,103.19171899999999,85010800
2691,2015-09-10,110.269997,113.279999,109.900002,112.57,105.45884699999999,62892800
2692,2015-09-11,111.790001,114.209999,111.760002,114.209999,106.99523899999998,49915500
2693,2015-09-14,116.58000200000001,116.889999,114.860001,115.309998,108.025749,58363400
2694,2015-09-15,115.93,116.529999,114.41999799999999,116.279999,108.934486,43341200
2695,2015-09-16,116.25,116.540001,115.440002,116.410004,109.056274,37173500
2696,2015-09-17,115.660004,116.489998,113.720001,113.91999799999999,106.723564,64112600
2697,2015-09-18,112.209999,114.300003,111.870003,113.449997,106.283257,74285300
2698,2015-09-21,113.66999799999999,115.370003,113.660004,115.209999,107.93206799999999,50222000
2699,2015-09-22,113.379997,114.18,112.519997,113.400002,106.23641200000002,50346200
2700,2015-09-23,113.629997,114.720001,113.300003,114.32,107.098297,35756700
2701,2015-09-24,113.25,115.5,112.370003,115.0,107.735352,50219500
2702,2015-09-25,116.440002,116.690002,114.019997,114.709999,107.463654,56151900
2703,2015-09-28,113.849998,114.57,112.440002,112.440002,105.33704399999999,52109000
2704,2015-09-29,112.83000200000001,113.510002,107.860001,109.059998,102.17057,73365400
2705,2015-09-30,110.16999799999999,111.540001,108.730003,110.300003,103.332245,66473000
2706,2015-10-01,109.07,109.620003,107.309998,109.58000200000001,102.65772199999999,63929100
2707,2015-10-02,108.010002,111.010002,107.550003,110.379997,103.407196,58019800
2708,2015-10-05,109.879997,111.370003,109.07,110.779999,103.781921,52064700
2709,2015-10-06,110.629997,111.739998,109.769997,111.309998,104.27842700000001,48196800
2710,2015-10-07,111.739998,111.769997,109.410004,110.779999,103.781921,46765600
2711,2015-10-08,110.190002,110.190002,108.209999,109.5,102.582787,61979600
2712,2015-10-09,110.0,112.279999,109.489998,112.120003,105.03726999999999,52766100
2713,2015-10-12,112.730003,112.75,111.440002,111.599998,104.550117,30467200
2714,2015-10-13,110.82,112.449997,110.68,111.790001,104.728134,33049300
2715,2015-10-14,111.290001,111.519997,109.559998,110.209999,103.24793199999999,44462400
2716,2015-10-15,110.93,112.099998,110.489998,111.860001,104.79370899999999,37673500
2717,2015-10-16,111.779999,112.0,110.529999,111.040001,104.02550500000001,39232600
2718,2015-10-19,110.800003,111.75,110.110001,111.730003,104.671913,29759200
2719,2015-10-20,111.339996,114.16999799999999,110.82,113.769997,106.58303799999999,48967800
2720,2015-10-21,114.0,115.58000200000001,113.699997,113.760002,106.57366200000001,41795200
2721,2015-10-22,114.33000200000001,115.5,114.099998,115.5,108.20376599999999,41654100
2722,2015-10-23,116.699997,119.230003,116.33000200000001,119.08000200000001,111.557602,59366900
2723,2015-10-26,118.08000200000001,118.129997,114.91999799999999,115.279999,107.997643,66333800
2724,2015-10-27,115.400002,116.540001,113.989998,114.550003,107.313782,69884400
2725,2015-10-28,116.93,119.300003,116.059998,119.269997,111.73558799999999,85551400
2726,2015-10-29,118.699997,120.690002,118.269997,120.529999,112.916008,51227300
2727,2015-10-30,120.989998,121.220001,119.449997,119.5,111.95108,49365300
2728,2015-11-02,120.800003,121.360001,119.610001,121.18,113.524933,32203300
2729,2015-11-03,120.790001,123.489998,120.699997,122.57,114.827148,45519000
2730,2015-11-04,123.129997,123.82,121.620003,122.0,114.293152,44886100
2731,2015-11-05,121.849998,122.690002,120.18,120.91999799999999,113.766273,39552700
2732,2015-11-06,121.110001,121.809998,120.620003,121.059998,113.89798,33042300
2733,2015-11-09,120.959999,121.809998,120.050003,120.57,113.43698899999998,33871400
2734,2015-11-10,116.900002,118.07,116.059998,116.769997,109.86178600000001,59127900
2735,2015-11-11,116.370003,117.41999799999999,115.209999,116.110001,109.240829,45218000
2736,2015-11-12,116.260002,116.82,115.650002,115.720001,108.873901,32525600
2737,2015-11-13,115.199997,115.57,112.269997,112.339996,105.693871,45812400
2738,2015-11-16,111.379997,114.239998,111.0,114.18,107.425018,38106700
2739,2015-11-17,114.91999799999999,115.050003,113.32,113.690002,106.96399699999999,27616900
2740,2015-11-18,115.760002,117.489998,115.5,117.290001,110.35104399999999,46674700
2741,2015-11-19,117.639999,119.75,116.760002,118.779999,111.75286100000001,43295800
2742,2015-11-20,119.199997,119.91999799999999,118.849998,119.300003,112.24211899999999,34287100
2743,2015-11-23,119.269997,119.730003,117.339996,117.75,110.783813,32482500
2744,2015-11-24,117.33000200000001,119.349998,117.120003,118.879997,111.846962,42803200
2745,2015-11-25,119.209999,119.230003,117.91999799999999,118.029999,111.04724099999999,21388300
2746,2015-11-27,118.290001,118.410004,117.599998,117.809998,110.840263,13046400
2747,2015-11-30,117.989998,119.410004,117.75,118.300003,111.301277,39180300
2748,2015-12-01,118.75,118.809998,116.860001,117.339996,110.398071,34852400
2749,2015-12-02,117.339996,118.110001,116.08000200000001,116.279999,109.40078000000001,33386600
2750,2015-12-03,116.550003,116.790001,114.220001,115.199997,108.384674,41569500
2751,2015-12-04,115.290001,119.25,115.110001,119.029999,111.988083,57777000
2752,2015-12-07,118.980003,119.860001,117.809998,118.279999,111.28246299999999,32084200
2753,2015-12-08,117.519997,118.599998,116.860001,118.230003,111.235413,34309500
2754,2015-12-09,117.639999,117.690002,115.08000200000001,115.620003,108.779823,46361400
2755,2015-12-10,116.040001,116.940002,115.510002,116.16999799999999,109.29728700000001,29212700
2756,2015-12-11,115.190002,115.389999,112.849998,113.18,106.484169,46886200
2757,2015-12-14,112.18,112.68,109.790001,112.480003,105.825577,64318700
2758,2015-12-15,111.940002,112.800003,110.349998,110.489998,103.953316,53323100
2759,2015-12-16,111.07,111.989998,108.800003,111.339996,104.75302099999999,56238500
2760,2015-12-17,112.019997,112.25,108.980003,108.980003,102.53265400000001,44772800
2761,2015-12-18,108.910004,109.519997,105.809998,106.029999,99.757187,96453300
2762,2015-12-21,107.279999,107.370003,105.57,107.33000200000001,100.980263,47590600
2763,2015-12-22,107.400002,107.720001,106.449997,107.230003,100.886185,32789400
2764,2015-12-23,107.269997,108.849998,107.199997,108.610001,102.18453199999999,32657400
2765,2015-12-24,109.0,109.0,107.949997,108.029999,101.638863,13570400
2766,2015-12-28,107.589996,107.690002,106.18,106.82,100.500443,26704200
2767,2015-12-29,106.959999,109.43,106.860001,108.739998,102.30684699999999,30931200
2768,2015-12-30,108.58000200000001,108.699997,107.18,107.32,100.970871,25213800
2769,2015-12-31,107.010002,107.029999,104.82,105.260002,99.03273,40912300
2770,2016-01-04,102.610001,105.370003,102.0,105.349998,99.117409,67649400
2771,2016-01-05,105.75,105.849998,102.410004,102.709999,96.633583,55791000
2772,2016-01-06,100.559998,102.370003,99.870003,100.699997,94.742485,68457400
2773,2016-01-07,98.68,100.129997,96.43,96.449997,90.743942,81094400
2774,2016-01-08,98.550003,99.110001,96.760002,96.959999,91.22377,70798000
2775,2016-01-11,98.970001,99.059998,97.339996,98.529999,92.700867,49739400
2776,2016-01-12,100.550003,100.690002,98.839996,99.959999,94.046272,49154200
2777,2016-01-13,100.32,101.190002,97.300003,97.389999,91.628334,62439600
2778,2016-01-14,97.959999,100.480003,95.739998,99.519997,93.632301,63170100
2779,2016-01-15,96.199997,97.709999,95.360001,97.129997,91.383713,79833900
2780,2016-01-19,98.410004,98.650002,95.5,96.660004,90.941513,53087700
2781,2016-01-20,95.099998,98.190002,93.41999799999999,96.790001,91.063828,72334400
2782,2016-01-21,97.059998,97.879997,94.940002,96.300003,90.602806,52161500
2783,2016-01-22,98.629997,101.459999,98.370003,101.41999799999999,95.419914,65800500
2784,2016-01-25,101.519997,101.529999,99.209999,99.440002,93.55705999999999,51794500
2785,2016-01-26,99.93,100.879997,98.07,99.989998,94.07450899999999,75077000
2786,2016-01-27,96.040001,96.629997,93.339996,93.41999799999999,87.89318100000001,133369700
2787,2016-01-28,93.790001,94.519997,92.389999,94.089996,88.523552,55678800
2788,2016-01-29,94.790001,97.339996,94.349998,97.339996,91.581261,64416500
2789,2016-02-01,96.470001,96.709999,95.400002,96.43,90.725128,40943500
2790,2016-02-02,95.41999799999999,96.040001,94.279999,94.480003,88.890472,37357200
2791,2016-02-03,95.0,96.839996,94.08000200000001,96.349998,90.64984100000001,45964300
2792,2016-02-04,95.860001,97.33000200000001,95.190002,96.599998,91.37822,46471700
2793,2016-02-05,96.519997,96.91999799999999,93.690002,94.019997,88.93768299999999,46418100
2794,2016-02-08,93.129997,95.699997,93.040001,95.010002,89.874184,54021400
2795,2016-02-09,94.290001,95.940002,93.93,94.989998,89.855255,44331200
2796,2016-02-10,95.91999799999999,96.349998,94.099998,94.269997,89.174171,42343600
2797,2016-02-11,93.790001,94.720001,92.589996,93.699997,88.634987,50074700
2798,2016-02-12,94.190002,94.5,93.010002,93.989998,88.909309,40351400
2799,2016-02-16,95.019997,96.849998,94.610001,96.639999,91.416077,49057900
2800,2016-02-17,96.66999799999999,98.209999,96.150002,98.120003,92.816063,44863200
2801,2016-02-18,98.839996,98.889999,96.089996,96.260002,91.05660999999999,39021000
2802,2016-02-19,96.0,96.760002,95.800003,96.040001,90.848495,35374200
2803,2016-02-22,96.309998,96.900002,95.91999799999999,96.879997,91.643089,34280800
2804,2016-02-23,96.400002,96.5,94.550003,94.690002,89.571465,31942600
2805,2016-02-24,93.980003,96.379997,93.32,96.099998,90.90525799999999,36255700
2806,2016-02-25,96.050003,96.760002,95.25,96.760002,91.529579,27582700
2807,2016-02-26,97.199997,98.019997,96.58000200000001,96.910004,91.671463,28991100
2808,2016-02-29,96.860001,98.230003,96.650002,96.690002,91.463356,35216300
2809,2016-03-01,97.650002,100.769997,97.41999799999999,100.529999,95.095795,50407100
2810,2016-03-02,100.510002,100.889999,99.639999,100.75,95.303894,33169600
2811,2016-03-03,100.58000200000001,101.709999,100.449997,101.5,96.013351,36955700
2812,2016-03-04,102.370003,103.75,101.370003,103.010002,97.441711,46055100
2813,2016-03-07,102.389999,102.83000200000001,100.959999,101.870003,96.36335799999999,35828900
2814,2016-03-08,100.779999,101.760002,100.400002,101.029999,95.56875600000001,31561900
2815,2016-03-09,101.309998,101.58000200000001,100.269997,101.120003,95.653908,27201700
2816,2016-03-10,101.410004,102.239998,100.150002,101.16999799999999,95.701187,33513600
2817,2016-03-11,102.239998,102.279999,101.5,102.260002,96.73226899999999,27408200
2818,2016-03-14,101.910004,102.910004,101.779999,102.519997,96.978226,25076100
2819,2016-03-15,103.959999,105.18,103.849998,104.58000200000001,98.926865,40067700
2820,2016-03-16,104.610001,106.309998,104.589996,105.970001,100.24173,38303500
2821,2016-03-17,105.519997,106.470001,104.959999,105.800003,100.080917,34420700
2822,2016-03-18,106.339996,106.5,105.190002,105.91999799999999,100.194412,44205200
2823,2016-03-21,105.93,107.650002,105.139999,105.910004,100.184975,35502700
2824,2016-03-22,105.25,107.290001,105.209999,106.720001,100.951187,32444400
2825,2016-03-23,106.480003,107.07,105.900002,106.129997,100.393074,25703500
2826,2016-03-24,105.470001,106.25,104.889999,105.66999799999999,99.957932,26133000
2827,2016-03-28,106.0,106.190002,105.059998,105.190002,99.50389100000001,19411400
2828,2016-03-29,104.889999,107.790001,104.879997,107.68,101.859291,31190100
2829,2016-03-30,108.650002,110.41999799999999,108.599998,109.559998,103.63765699999999,45601100
2830,2016-03-31,109.720001,109.900002,108.879997,108.989998,103.098488,25888400
2831,2016-04-01,108.779999,110.0,108.199997,109.989998,104.04441800000001,25874000
2832,2016-04-04,110.41999799999999,112.190002,110.269997,111.120003,105.11335,37356200
2833,2016-04-05,109.510002,110.730003,109.41999799999999,109.809998,103.87413000000001,26578700
2834,2016-04-06,110.230003,110.980003,109.199997,110.959999,104.961983,26404100
2835,2016-04-07,109.949997,110.41999799999999,108.120003,108.540001,102.67280600000001,31801900
2836,2016-04-08,108.910004,109.769997,108.16999799999999,108.660004,102.786316,23581700
2837,2016-04-11,108.970001,110.610001,108.83000200000001,109.019997,103.12683100000001,29407500
2838,2016-04-12,109.339996,110.5,108.660004,110.440002,104.470108,27232300
2839,2016-04-13,110.800003,112.339996,110.800003,112.040001,105.98362,33257300
2840,2016-04-14,111.620003,112.389999,111.33000200000001,112.099998,106.040352,25473900
2841,2016-04-15,112.110001,112.300003,109.730003,109.849998,103.91199499999999,46939000
2842,2016-04-18,108.889999,108.949997,106.940002,107.480003,101.670097,60821500
2843,2016-04-19,107.879997,108.0,106.230003,106.910004,101.130913,32384900
2844,2016-04-20,106.639999,108.089996,106.059998,107.129997,101.33901999999999,30611000
2845,2016-04-21,106.93,106.93,105.519997,105.970001,100.24173,31552500
2846,2016-04-22,105.010002,106.480003,104.620003,105.68,99.9674,33683100
2847,2016-04-25,105.0,105.650002,104.510002,105.08000200000001,99.39984100000001,28031600
2848,2016-04-26,103.910004,105.300003,103.910004,104.349998,98.709282,56016200
2849,2016-04-27,96.0,98.709999,95.68,97.82,92.53227199999999,114602100
2850,2016-04-28,97.610001,97.879997,94.25,94.83000200000001,89.703918,82242700
2851,2016-04-29,93.989998,94.720001,92.510002,93.739998,88.67282900000001,68531500
2852,2016-05-02,93.970001,94.08000200000001,92.400002,93.639999,88.578232,48160100
2853,2016-05-03,94.199997,95.739998,93.68,95.18,90.034988,56831300
2854,2016-05-04,95.199997,95.900002,93.82,94.190002,89.09850300000001,41025500
2855,2016-05-05,94.0,94.07,92.68,93.239998,88.736847,35890500
2856,2016-05-06,93.370003,93.449997,91.849998,92.720001,88.241974,43699900
2857,2016-05-09,93.0,93.769997,92.589996,92.790001,88.308601,32936400
2858,2016-05-10,93.33000200000001,93.57,92.110001,93.41999799999999,88.908142,33686800
2859,2016-05-11,93.480003,93.57,92.459999,92.510002,88.04212199999999,28719100
2860,2016-05-12,92.720001,92.779999,89.470001,90.339996,85.976913,76314700
2861,2016-05-13,90.0,91.66999799999999,90.0,90.519997,86.148216,44392800
2862,2016-05-16,92.389999,94.389999,91.650002,93.879997,89.345955,61259800
2863,2016-05-17,94.550003,94.699997,93.010002,93.489998,88.97476999999999,46916900
2864,2016-05-18,94.160004,95.209999,93.889999,94.559998,89.993103,42062400
2865,2016-05-19,94.639999,94.639999,93.57,94.199997,89.650475,30442100
2866,2016-05-20,94.639999,95.43,94.519997,95.220001,90.621223,32026000
2867,2016-05-23,95.870003,97.190002,95.66999799999999,96.43,91.77278100000001,38018600
2868,2016-05-24,97.220001,98.089996,96.839996,97.900002,93.17178299999999,35140200
2869,2016-05-25,98.66999799999999,99.739998,98.110001,99.620003,94.80873100000001,38168800
2870,2016-05-26,99.68,100.730003,98.639999,100.410004,95.560585,56331200
2871,2016-05-27,99.440002,100.470001,99.25,100.349998,95.503456,36341200
2872,2016-05-31,99.599998,100.400002,98.82,99.860001,95.03711700000001,42307200
2873,2016-06-01,99.019997,99.540001,98.33000200000001,98.459999,93.70474200000001,29173300
2874,2016-06-02,97.599998,97.839996,96.629997,97.720001,93.000496,40191600
2875,2016-06-03,97.790001,98.269997,97.449997,97.91999799999999,93.190834,28504900
2876,2016-06-06,97.989998,101.889999,97.550003,98.629997,93.86653100000001,23292500
2877,2016-06-07,99.25,99.870003,98.959999,99.029999,94.247215,22409500
2878,2016-06-08,99.019997,99.559998,98.68,98.940002,94.161552,20848100
2879,2016-06-09,98.5,99.989998,98.459999,99.650002,94.837273,26601400
2880,2016-06-10,98.529999,99.349998,98.480003,98.83000200000001,94.056877,31712900
2881,2016-06-13,98.690002,99.120003,97.099998,97.339996,92.63884,38020500
2882,2016-06-14,97.32,98.480003,96.75,97.459999,92.753036,31931900
2883,2016-06-15,97.82,98.410004,97.029999,97.139999,92.448509,29445200
2884,2016-06-16,96.449997,97.75,96.07,97.550003,92.838699,31326800
2885,2016-06-17,96.620003,96.650002,95.300003,95.33000200000001,90.725914,61008200
2886,2016-06-20,96.0,96.57,95.029999,95.099998,90.507019,34411900
2887,2016-06-21,94.940002,96.349998,94.68,95.910004,91.277893,35546400
2888,2016-06-22,96.25,96.889999,95.349998,95.550003,90.935295,29219100
2889,2016-06-23,95.940002,96.290001,95.25,96.099998,91.458733,32240200
2890,2016-06-24,92.910004,94.660004,92.650002,93.400002,88.88913000000001,75311400
2891,2016-06-27,93.0,93.050003,91.5,92.040001,87.59481,45489600
2892,2016-06-28,92.900002,93.660004,92.139999,93.589996,89.06995400000001,40444900
2893,2016-06-29,93.970001,94.550003,93.629997,94.400002,89.840843,36531000
2894,2016-06-30,94.440002,95.769997,94.300003,95.599998,90.98288000000001,35836400
2895,2016-07-01,95.489998,96.470001,95.33000200000001,95.889999,91.258865,26026500
2896,2016-07-05,95.389999,95.400002,94.459999,94.989998,90.402336,27705200
2897,2016-07-06,94.599998,95.660004,94.370003,95.529999,90.916252,30949100
2898,2016-07-07,95.699997,96.5,95.620003,95.940002,91.30645799999999,25139600
2899,2016-07-08,96.489998,96.889999,96.050003,96.68,92.010704,28912100
2900,2016-07-11,96.75,97.650002,96.730003,96.980003,92.296219,23794900
2901,2016-07-12,97.16999799999999,97.699997,97.120003,97.41999799999999,92.714973,24167500
2902,2016-07-13,97.410004,97.66999799999999,96.839996,96.870003,92.191536,25892200
2903,2016-07-14,97.389999,98.989998,97.32,98.790001,94.01880600000001,38919000
2904,2016-07-15,98.91999799999999,99.300003,98.5,98.779999,94.0093,30137000
2905,2016-07-18,98.699997,100.129997,98.599998,99.83000200000001,95.008583,36493900
2906,2016-07-19,99.559998,100.0,99.339996,99.870003,95.046654,23779900
2907,2016-07-20,100.0,100.459999,99.739998,99.959999,95.13229399999999,26276000
2908,2016-07-21,99.83000200000001,101.0,99.129997,99.43,94.627907,32702000
2909,2016-07-22,99.260002,99.300003,98.309998,98.660004,93.895088,28313700
2910,2016-07-25,98.25,98.839996,96.91999799999999,97.339996,92.63884,40382900
2911,2016-07-26,96.82,97.970001,96.41999799999999,96.66999799999999,92.00119000000001,56239800
2912,2016-07-27,104.269997,104.349998,102.75,102.949997,97.97789,92344800
2913,2016-07-28,102.83000200000001,104.449997,102.82,104.339996,99.300751,39869800
2914,2016-07-29,104.190002,104.550003,103.68,104.209999,99.177032,27733700
2915,2016-08-01,104.410004,106.150002,104.410004,106.050003,100.928177,38167900
2916,2016-08-02,106.050003,106.07,104.0,104.480003,99.43401300000001,33816600
2917,2016-08-03,104.809998,105.839996,104.769997,105.790001,100.68074,30202600
2918,2016-08-04,105.58000200000001,106.0,105.279999,105.870003,101.302704,27408700
2919,2016-08-05,106.269997,107.650002,106.18,107.480003,102.843239,40553400
2920,2016-08-08,107.519997,108.370003,107.160004,108.370003,103.694847,28037200
2921,2016-08-09,108.230003,108.940002,108.010002,108.809998,104.115845,26315200
2922,2016-08-10,108.709999,108.900002,107.760002,108.0,103.340813,24008500
2923,2016-08-11,108.519997,108.93,107.849998,107.93,103.27381899999999,27484500
2924,2016-08-12,107.779999,108.440002,107.779999,108.18,103.513039,18660400
2925,2016-08-15,108.139999,109.540001,108.08000200000001,109.480003,104.756958,25868200
2926,2016-08-16,109.629997,110.230003,109.209999,109.379997,104.661263,33794400
2927,2016-08-17,109.099998,109.370003,108.339996,109.220001,104.50817099999999,25356000
2928,2016-08-18,109.230003,109.599998,109.019997,109.08000200000001,104.374222,21984700
2929,2016-08-19,108.769997,109.690002,108.360001,109.360001,104.642128,25368100
2930,2016-08-22,108.860001,109.099998,107.849998,108.510002,103.828804,25820200
2931,2016-08-23,108.589996,109.32,108.529999,108.849998,104.154129,21257700
2932,2016-08-24,108.57,108.75,107.68,108.029999,103.369514,23675100
2933,2016-08-25,107.389999,107.879997,106.68,107.57,102.929344,25086200
2934,2016-08-26,107.410004,107.949997,106.309998,106.940002,102.326515,27766300
2935,2016-08-29,106.620003,107.440002,106.290001,106.82,102.21169300000001,24970300
2936,2016-08-30,105.800003,106.5,105.5,106.0,101.42710100000001,24863900
2937,2016-08-31,105.660004,106.57,105.639999,106.099998,101.522766,29662400
2938,2016-09-01,106.139999,106.800003,105.620003,106.730003,102.12559499999999,26701500
2939,2016-09-02,107.699997,108.0,106.82,107.730003,103.08244300000001,26802500
2940,2016-09-06,107.900002,108.300003,107.510002,107.699997,103.053741,26880400
2941,2016-09-07,107.83000200000001,108.760002,107.07,108.360001,103.685272,42364300
2942,2016-09-08,107.25,107.269997,105.239998,105.519997,100.967781,53002000
2943,2016-09-09,104.639999,105.720001,103.129997,103.129997,98.68089300000001,46557000
2944,2016-09-12,102.650002,105.720001,102.529999,105.440002,100.891243,45292800
2945,2016-09-13,107.510002,108.790001,107.239998,107.949997,103.292953,62176200
2946,2016-09-14,108.730003,113.029999,108.599998,111.769997,106.94816599999999,110888700
2947,2016-09-15,113.860001,115.730003,113.489998,115.57,110.58421299999999,89983600
2948,2016-09-16,115.120003,116.129997,114.040001,114.91999799999999,109.96228,79886900
2949,2016-09-19,115.190002,116.18,113.25,113.58000200000001,108.680077,47023000
2950,2016-09-20,113.050003,114.120003,112.510002,113.57,108.67049399999999,34514300
2951,2016-09-21,113.849998,113.989998,112.440002,113.550003,108.651367,36003200
2952,2016-09-22,114.349998,114.940002,114.0,114.620003,109.67520900000001,31074000
2953,2016-09-23,114.41999799999999,114.790001,111.550003,112.709999,107.847618,52481200
2954,2016-09-26,111.639999,113.389999,111.550003,112.879997,108.010277,29869400
2955,2016-09-27,113.0,113.18,112.339996,113.089996,108.21122,24607400
2956,2016-09-28,113.690002,114.639999,113.43,113.949997,109.03411899999999,29641100
2957,2016-09-29,113.160004,113.800003,111.800003,112.18,107.34048500000002,35887000
2958,2016-09-30,112.459999,113.370003,111.800003,113.050003,108.172951,36379100
2959,2016-10-03,112.709999,113.050003,112.279999,112.519997,107.66581000000001,21701800
2960,2016-10-04,113.059998,114.309998,112.629997,113.0,108.125099,29736800
2961,2016-10-05,113.400002,113.660004,112.690002,113.050003,108.172951,21453100
2962,2016-10-06,113.699997,114.339996,113.129997,113.889999,108.9767,28779300
2963,2016-10-07,114.309998,114.559998,113.510002,114.059998,109.139381,24358400
2964,2016-10-10,115.019997,116.75,114.720001,116.050003,111.043526,36236000
2965,2016-10-11,117.699997,118.690002,116.199997,116.300003,111.28274499999999,64041000
2966,2016-10-12,117.349998,117.980003,116.75,117.339996,112.27786299999998,37586800
2967,2016-10-13,116.790001,117.440002,115.720001,116.980003,111.93339499999999,35192400
2968,2016-10-14,117.879997,118.16999799999999,117.129997,117.629997,112.555351,35652200
2969,2016-10-17,117.33000200000001,117.839996,116.779999,117.550003,112.478821,23624900
2970,2016-10-18,118.18,118.209999,117.449997,117.470001,112.402275,24553500
2971,2016-10-19,117.25,117.760002,113.800003,117.120003,112.067375,20034600
2972,2016-10-20,116.860001,117.379997,116.33000200000001,117.059998,112.009941,24125800
2973,2016-10-21,116.809998,116.910004,116.279999,116.599998,111.56978600000001,23192700
2974,2016-10-24,117.099998,117.739998,117.0,117.650002,112.574501,23538700
2975,2016-10-25,117.949997,118.360001,117.309998,118.25,113.14859799999999,48129000
2976,2016-10-26,114.309998,115.699997,113.309998,115.589996,110.60335500000001,66134200
2977,2016-10-27,115.389999,115.860001,114.099998,114.480003,109.54126000000001,34562000
2978,2016-10-28,113.870003,115.209999,113.449997,113.720001,108.81404099999999,37861700
2979,2016-10-31,113.650002,114.230003,113.199997,113.540001,108.6418,26419400
2980,2016-11-01,113.459999,113.769997,110.529999,111.489998,106.680237,43825800
2981,2016-11-02,111.400002,112.349998,111.230003,111.589996,106.775925,28331700
2982,2016-11-03,110.980003,111.459999,109.550003,109.83000200000001,105.631424,26932600
2983,2016-11-04,108.529999,110.25,108.110001,108.839996,104.67926,30837000
2984,2016-11-07,110.08000200000001,110.510002,109.459999,110.410004,106.189255,32560000
2985,2016-11-08,110.309998,111.720001,109.699997,111.059998,106.814407,24254200
2986,2016-11-09,109.879997,111.32,108.050003,110.879997,106.641281,59176400
2987,2016-11-10,111.089996,111.089996,105.83000200000001,107.790001,103.669388,57134500
2988,2016-11-11,107.120003,108.870003,106.550003,108.43,104.284943,34143900
2989,2016-11-14,107.709999,107.809998,104.08000200000001,105.709999,101.668922,51175500
2990,2016-11-15,106.57,107.68,106.160004,107.110001,103.015404,32264500
2991,2016-11-16,106.699997,110.230003,106.599998,109.989998,105.785301,58840500
2992,2016-11-17,109.809998,110.349998,108.83000200000001,109.949997,105.74681899999999,27632000
2993,2016-11-18,109.720001,110.540001,109.660004,110.059998,105.852631,28428900
2994,2016-11-21,110.120003,111.989998,110.010002,111.730003,107.458794,29264600
2995,2016-11-22,111.949997,112.41999799999999,111.400002,111.800003,107.52611499999999,25965500
2996,2016-11-23,111.360001,111.510002,110.33000200000001,111.230003,106.977898,27426400
2997,2016-11-25,111.129997,111.870003,110.949997,111.790001,107.51649499999999,11475900
2998,2016-11-28,111.43,112.470001,111.389999,111.57,107.30490900000001,27194000
2999,2016-11-29,110.779999,112.029999,110.07,111.459999,107.199104,28528800
3000,2016-11-30,111.599998,112.199997,110.269997,110.519997,106.29503600000001,36162300
3001,2016-12-01,110.370003,110.940002,109.029999,109.489998,105.30441299999998,37086900
3002,2016-12-02,109.16999799999999,110.089996,108.849998,109.900002,105.69873799999999,26528000
3003,2016-12-05,110.0,110.029999,108.25,109.110001,104.938942,34324500
3004,2016-12-06,109.5,110.360001,109.190002,109.949997,105.74681899999999,26195500
3005,2016-12-07,109.260002,111.190002,109.160004,111.029999,106.78553799999999,29998700
3006,2016-12-08,110.860001,112.43,110.599998,112.120003,107.83386999999999,27068300
3007,2016-12-09,112.309998,114.699997,112.309998,113.949997,109.59391799999999,34402600
3008,2016-12-12,113.290001,115.0,112.489998,113.300003,108.96875800000001,26374400
3009,2016-12-13,113.839996,115.91999799999999,113.75,115.190002,110.78652199999999,43733800
3010,2016-12-14,115.040001,116.199997,114.980003,115.190002,110.78652199999999,34031800
3011,2016-12-15,115.379997,116.730003,115.230003,115.82,111.392426,46524500
3012,2016-12-16,116.470001,116.5,115.650002,115.970001,111.53671299999999,44351100
3013,2016-12-19,115.800003,117.379997,115.75,116.639999,112.181091,27779400
3014,2016-12-20,116.739998,117.5,116.68,116.949997,112.479225,21425000
3015,2016-12-21,116.800003,117.400002,116.779999,117.059998,112.58503,23783200
3016,2016-12-22,116.349998,116.510002,115.639999,116.290001,111.844475,26085900
3017,2016-12-23,115.589996,116.519997,115.589996,116.519997,112.065674,14249500
3018,2016-12-27,116.519997,117.800003,116.489998,117.260002,112.77739,18296900
3019,2016-12-28,117.519997,118.019997,116.199997,116.760002,112.296501,20905900
3020,2016-12-29,116.449997,117.110001,116.400002,116.730003,112.267647,15039500
3021,2016-12-30,116.650002,117.199997,115.43,115.82,111.392426,30586300
3022,2017-01-03,115.800003,116.33000200000001,114.760002,116.150002,111.70983100000001,28781900
3023,2017-01-04,115.849998,116.510002,115.75,116.019997,111.584778,21118100
3024,2017-01-05,115.91999799999999,116.860001,115.809998,116.610001,112.152229,22193600
3025,2017-01-06,116.779999,118.160004,116.470001,117.910004,113.402542,31751900
3026,2017-01-09,117.949997,119.43,117.940002,118.989998,114.44124599999999,33561900
3027,2017-01-10,118.769997,119.379997,118.300003,119.110001,114.556656,24462100
3028,2017-01-11,118.739998,119.93,118.599998,119.75,115.172195,27588600
3029,2017-01-12,118.900002,119.300003,118.209999,119.25,114.69130700000001,27086200
3030,2017-01-13,119.110001,119.620003,118.809998,119.040001,114.48933400000001,26111900
3031,2017-01-17,118.339996,120.239998,118.220001,120.0,115.41264299999999,34439800
3032,2017-01-18,120.0,120.5,119.709999,119.989998,115.40300800000001,23713000
3033,2017-01-19,119.400002,120.089996,119.370003,119.779999,115.20105,25597300
3034,2017-01-20,120.449997,120.449997,119.730003,120.0,115.41264299999999,32597900
3035,2017-01-23,120.0,120.809998,119.769997,120.08000200000001,115.48957800000001,22050200
3036,2017-01-24,119.550003,120.099998,119.5,119.970001,115.383789,23211000
3037,2017-01-25,120.41999799999999,122.099998,120.279999,121.879997,117.22077900000001,32377600
3038,2017-01-26,121.66999799999999,122.440002,121.599998,121.940002,117.278488,26337600
3039,2017-01-27,122.139999,122.349998,121.599998,121.949997,117.288101,20562900
3040,2017-01-30,120.93,121.629997,120.660004,121.629997,116.980324,30377500
3041,2017-01-31,121.150002,121.389999,120.620003,121.349998,116.71102900000001,49201000
3042,2017-02-01,127.029999,130.490005,127.010002,128.75,123.828148,111985000
3043,2017-02-02,127.980003,129.389999,127.779999,128.529999,123.61656200000002,33710400
3044,2017-02-03,128.309998,129.190002,128.16000400000001,129.080002,124.14553799999999,24507300
3045,2017-02-06,129.130005,130.5,128.899994,130.28999299999998,125.309273,26845900
3046,2017-02-07,130.53999299999998,132.08999599999999,130.449997,131.529999,126.50186200000002,38183800
3047,2017-02-08,131.350006,132.220001,131.220001,132.03999299999998,126.992355,23004100
3048,2017-02-09,131.649994,132.449997,131.119995,132.419998,127.90999599999999,28349900
3049,2017-02-10,132.46000700000002,132.940002,132.050003,132.119995,127.620224,20065500
3050,2017-02-13,133.080002,133.820007,132.75,133.28999299999998,128.75036599999999,23035400
3051,2017-02-14,133.470001,135.08999599999999,133.25,135.020004,130.421463,33226200
3052,2017-02-15,135.520004,136.270004,134.619995,135.509995,130.894775,35623100
3053,2017-02-16,135.669998,135.899994,134.83999599999999,135.350006,130.740219,22584600
3054,2017-02-17,135.100006,135.830002,135.100006,135.720001,131.097626,22198200
3055,2017-02-21,136.229996,136.75,135.979996,136.699997,132.04425,24507200
3056,2017-02-22,136.429993,137.119995,136.110001,137.110001,132.440292,20836900
3057,2017-02-23,137.380005,137.479996,136.300003,136.529999,131.880051,20788200
3058,2017-02-24,135.91000400000001,136.66000400000001,135.279999,136.66000400000001,132.00561499999998,21776600
3059,2017-02-27,137.139999,137.440002,136.279999,136.929993,132.266418,20257400
3060,2017-02-28,137.080002,137.440002,136.699997,136.990005,132.32437099999999,23482900
3061,2017-03-01,137.889999,140.149994,137.600006,139.78999299999998,135.028976,36414600
3062,2017-03-02,140.0,140.279999,138.759995,138.96000700000002,134.227295,26211000
3063,2017-03-03,138.779999,139.830002,138.58999599999999,139.779999,135.019348,21108100
3064,2017-03-06,139.369995,139.770004,138.600006,139.33999599999999,134.59433,21750000
3065,2017-03-07,139.059998,139.979996,138.78999299999998,139.520004,134.768204,17446300
3066,2017-03-08,138.949997,139.800003,138.820007,139.0,134.26591499999998,18707200
3067,2017-03-09,138.740005,138.78999299999998,137.050003,138.679993,133.956802,22155900
3068,2017-03-10,139.25,139.360001,138.639999,139.139999,134.401154,19612800
3069,2017-03-13,138.850006,139.429993,138.820007,139.199997,134.459091,17421700
3070,2017-03-14,139.300003,139.649994,138.83999599999999,138.990005,134.256256,15309100
3071,2017-03-15,139.41000400000001,140.75,139.029999,140.46000700000002,135.67619299999998,25691800
3072,2017-03-16,140.720001,141.020004,140.259995,140.690002,135.89836100000002,19232000
3073,2017-03-17,141.0,141.0,139.889999,139.990005,135.222229,43885000
3074,2017-03-20,140.399994,141.5,140.229996,141.46000700000002,136.64213600000002,21542000
3075,2017-03-21,142.110001,142.800003,139.729996,139.83999599999999,135.077301,39529900
3076,2017-03-22,139.850006,141.600006,139.759995,141.419998,136.6035,25860200
3077,2017-03-23,141.259995,141.580002,140.610001,140.919998,136.120514,20346300
3078,2017-03-24,141.5,141.740005,140.350006,140.639999,135.850052,22395600
3079,2017-03-27,139.389999,141.220001,138.619995,140.880005,136.08187900000001,23575100
3080,2017-03-28,140.91000400000001,144.03999299999998,140.619995,143.800003,138.902451,33374800
3081,2017-03-29,143.679993,144.490005,143.190002,144.119995,139.21156299999998,29190000
3082,2017-03-30,144.190002,144.5,143.5,143.929993,139.02801499999998,21207300
3083,2017-03-31,143.720001,144.270004,143.009995,143.66000400000001,138.767197,19661700
3084,2017-04-03,143.71000700000002,144.119995,143.050003,143.699997,138.805832,19985700
3085,2017-04-04,143.25,144.889999,143.169998,144.770004,139.839371,19891400
3086,2017-04-05,144.220001,145.46000700000002,143.809998,144.020004,139.11496,27717900
3087,2017-04-06,144.28999299999998,144.520004,143.449997,143.66000400000001,138.767197,21149000
3088,2017-04-07,143.729996,144.179993,143.270004,143.33999599999999,138.458099,16672200
3089,2017-04-10,143.600006,143.880005,142.899994,143.169998,138.2939,18933400
3090,2017-04-11,142.940002,143.350006,140.059998,141.630005,136.806366,30379400
3091,2017-04-12,141.600006,142.149994,141.009995,141.800003,136.970566,20350000
3092,2017-04-13,141.91000400000001,142.380005,141.050003,141.050003,136.24610900000002,17822900
3093,2017-04-17,141.479996,141.880005,140.869995,141.830002,136.999512,16582100
3094,2017-04-18,141.41000400000001,142.03999299999998,141.110001,141.199997,136.391006,14697500
3095,2017-04-19,141.880005,142.0,140.449997,140.679993,135.888687,17328400
3096,2017-04-20,141.220001,142.919998,141.16000400000001,142.440002,137.588776,23319600
3097,2017-04-21,142.440002,142.679993,141.850006,142.270004,137.424545,17320900
3098,2017-04-24,143.5,143.949997,143.179993,143.639999,138.747894,17134300
3099,2017-04-25,143.91000400000001,144.899994,143.869995,144.529999,139.60759,18871500
3100,2017-04-26,144.470001,144.600006,143.380005,143.679993,138.78653,20041200
3101,2017-04-27,143.919998,144.16000400000001,143.309998,143.78999299999998,138.892776,14246300
3102,2017-04-28,144.08999599999999,144.300003,143.270004,143.649994,138.75753799999998,20860400
3103,2017-05-01,145.100006,147.199997,144.96000700000002,146.580002,141.58776899999998,33602900
3104,2017-05-02,147.53999299999998,148.08999599999999,146.83999599999999,147.509995,142.486099,45352200
3105,2017-05-03,145.58999599999999,147.490005,144.270004,147.059998,142.051422,45697000
3106,2017-05-04,146.520004,147.139999,145.809998,146.529999,141.53945900000002,23371900
3107,2017-05-05,146.759995,148.979996,146.759995,148.96000700000002,143.886719,27327700
3108,2017-05-08,149.029999,153.699997,149.029999,153.009995,147.798767,48752400
3109,2017-05-09,153.869995,154.880005,153.449997,153.990005,148.74539199999998,39130400
3110,2017-05-10,153.630005,153.940002,152.110001,153.259995,148.04023700000002,25805700
3111,2017-05-11,152.449997,154.070007,152.309998,153.949997,149.320557,27255100
3112,2017-05-12,154.699997,156.419998,154.669998,156.100006,151.40593,32527000
3113,2017-05-15,156.009995,156.649994,155.050003,155.699997,151.017929,26009700
3114,2017-05-16,155.940002,156.059998,154.720001,155.470001,150.79483000000002,20048500
3115,2017-05-17,153.600006,154.570007,149.71000700000002,150.25,145.731827,50767700
3116,2017-05-18,151.270004,153.33999599999999,151.130005,152.53999299999998,147.952927,33568200
3117,2017-05-19,153.380005,153.979996,152.630005,153.059998,148.45730600000002,26960800
3118,2017-05-22,154.0,154.580002,152.91000400000001,153.990005,149.35936,22966400
3119,2017-05-23,154.899994,154.899994,153.309998,153.800003,149.175079,19918900
3120,2017-05-24,153.83999599999999,154.169998,152.669998,153.33999599999999,148.728882,19178000
3121,2017-05-25,153.729996,154.350006,153.029999,153.869995,149.24295,19235600
3122,2017-05-26,154.0,154.240005,153.309998,153.610001,148.990768,21927600
3123,2017-05-30,153.419998,154.429993,153.330002,153.669998,149.04896499999998,20126900
3124,2017-05-31,153.970001,154.169998,152.380005,152.759995,148.166336,24451200
3125,2017-06-01,153.169998,153.330002,152.220001,153.179993,148.573685,16404100
3126,2017-06-02,153.580002,155.449997,152.889999,155.449997,150.775436,27770700
3127,2017-06-05,154.33999599999999,154.449997,153.46000700000002,153.929993,149.301117,25331700
3128,2017-06-06,153.899994,155.809998,153.779999,154.449997,149.80551100000002,26624900
3129,2017-06-07,155.020004,155.979996,154.479996,155.369995,150.69786100000002,21069600
3130,2017-06-08,155.25,155.53999299999998,154.399994,154.990005,150.32926899999998,21250800
3131,2017-06-09,155.190002,155.190002,146.020004,148.979996,144.5,64882700
3132,2017-06-12,145.740005,146.08999599999999,142.509995,145.419998,141.047043,72307300
3133,2017-06-13,147.16000400000001,147.449997,145.149994,146.58999599999999,142.181839,34165400
3134,2017-06-14,147.5,147.5,143.83999599999999,145.16000400000001,140.794876,31531200
3135,2017-06-15,143.320007,144.479996,142.21000700000002,144.28999299999998,139.951019,32165400
3136,2017-06-16,143.779999,144.5,142.199997,142.270004,137.99179099999998,50361100
3137,2017-06-19,143.66000400000001,146.740005,143.66000400000001,146.33999599999999,141.939392,32541400
3138,2017-06-20,146.869995,146.869995,144.940002,145.009995,140.649384,24900100
3139,2017-06-21,145.520004,146.070007,144.610001,145.869995,141.483521,21265800
3140,2017-06-22,145.770004,146.699997,145.119995,145.630005,141.25076299999998,19106300
3141,2017-06-23,145.130005,147.16000400000001,145.110001,146.279999,141.88121,35439400
3142,2017-06-26,147.169998,148.279999,145.380005,145.820007,141.435043,25692400
3143,2017-06-27,145.009995,146.16000400000001,143.619995,143.729996,139.40786699999998,24761900
3144,2017-06-28,144.490005,146.110001,143.16000400000001,145.830002,141.444717,22082400
3145,2017-06-29,144.71000700000002,145.130005,142.279999,143.679993,139.35936,31499400
3146,2017-06-30,144.449997,144.96000700000002,143.779999,144.020004,139.689148,23024100
3147,2017-07-03,144.880005,145.300003,143.100006,143.5,139.184799,14277800
3148,2017-07-05,143.690002,144.78999299999998,142.720001,144.08999599999999,139.75705,21569600
3149,2017-07-06,143.020004,143.5,142.41000400000001,142.729996,138.437958,24128800
3150,2017-07-07,142.899994,144.75,142.899994,144.179993,139.84433,19201700
3151,2017-07-10,144.110001,145.949997,143.369995,145.059998,140.697891,21090600
3152,2017-07-11,144.729996,145.850006,144.380005,145.529999,141.153748,19781800
3153,2017-07-12,145.869995,146.179993,144.820007,145.740005,141.357452,24884500
3154,2017-07-13,145.5,148.490005,145.440002,147.770004,143.32637,25199400
3155,2017-07-14,147.970001,149.330002,147.330002,149.03999299999998,144.558197,20132100
3156,2017-07-17,148.820007,150.899994,148.570007,149.559998,145.06256100000002,23793500
3157,2017-07-18,149.199997,150.130005,148.669998,150.080002,145.566925,17868800
3158,2017-07-19,150.479996,151.419998,149.949997,151.020004,146.47868300000002,20923000
3159,2017-07-20,151.5,151.740005,150.190002,150.33999599999999,145.819077,17243700
3160,2017-07-21,149.990005,150.440002,148.880005,150.270004,145.751236,26252600
3161,2017-07-24,150.580002,152.440002,149.899994,152.08999599999999,147.516495,21493200
3162,2017-07-25,151.800003,153.83999599999999,151.800003,152.740005,148.146942,18853900
3163,2017-07-26,153.350006,153.929993,153.059998,153.46000700000002,148.845306,15781000
3164,2017-07-27,153.75,153.990005,147.300003,150.559998,146.032501,32476300
3165,2017-07-28,149.889999,150.229996,149.190002,149.5,145.004379,17213700
3166,2017-07-31,149.899994,150.330002,148.130005,148.729996,144.257507,19845900
3167,2017-08-01,149.100006,150.220001,148.41000400000001,150.050003,145.53784199999998,35368600
3168,2017-08-02,159.279999,159.75,156.16000400000001,157.139999,152.414627,69936800
3169,2017-08-03,157.050003,157.21000700000002,155.020004,155.570007,150.89183,27097300
3170,2017-08-04,156.070007,157.399994,155.690002,156.389999,151.68718,20559900
3171,2017-08-07,157.059998,158.919998,156.669998,158.809998,154.034393,21870300
3172,2017-08-08,158.600006,161.830002,158.270004,160.080002,155.266205,36205900
3173,2017-08-09,159.259995,161.270004,159.110001,161.059998,156.216736,26131500
3174,2017-08-10,159.899994,160.0,154.630005,155.320007,151.240952,40804300
3175,2017-08-11,156.600006,158.570007,156.070007,157.479996,153.344223,26257100
3176,2017-08-14,159.320007,160.21000700000002,158.75,159.850006,155.651978,22122700
3177,2017-08-15,160.66000400000001,162.199997,160.139999,161.600006,157.356033,29465500
3178,2017-08-16,161.940002,162.509995,160.149994,160.949997,156.723083,27671600
3179,2017-08-17,160.520004,160.71000700000002,157.83999599999999,157.860001,153.714249,27940600
3180,2017-08-18,157.860001,159.5,156.720001,157.5,153.363708,27428100
3181,2017-08-21,157.5,157.889999,155.110001,157.21000700000002,153.081329,26368500
3182,2017-08-22,158.229996,160.0,158.020004,159.779999,155.583832,21604600
3183,2017-08-23,159.070007,160.470001,158.880005,159.979996,155.778564,19399100
3184,2017-08-24,160.429993,160.740005,158.550003,159.270004,155.087204,19818900
3185,2017-08-25,159.649994,160.559998,159.270004,159.860001,155.661713,25480100
3186,2017-08-28,160.139999,162.0,159.929993,161.470001,157.229446,25966000
3187,2017-08-29,160.100006,163.119995,160.0,162.91000400000001,158.631622,29516900
3188,2017-08-30,163.800003,163.889999,162.610001,163.350006,159.060074,27269600
3189,2017-08-31,163.639999,164.520004,163.479996,164.0,159.692978,26785100
3190,2017-09-01,164.800003,164.940002,163.630005,164.050003,159.74168400000002,16591100
3191,2017-09-05,163.75,164.25,160.559998,162.080002,157.823425,29468500
3192,2017-09-06,162.71000700000002,162.990005,160.520004,161.91000400000001,157.65786699999998,21651700
3193,2017-09-07,162.08999599999999,162.240005,160.360001,161.259995,157.024948,21928500
3194,2017-09-08,160.860001,161.149994,158.529999,158.630005,154.46402,28611500
3195,2017-09-11,160.5,162.050003,159.889999,161.5,157.258652,31580800
3196,2017-09-12,162.610001,163.96000700000002,158.770004,160.860001,156.635468,71714000
3197,2017-09-13,159.869995,159.96000700000002,157.91000400000001,159.649994,155.45723,44907400
3198,2017-09-14,158.990005,159.399994,158.08999599999999,158.279999,154.123199,23760700
3199,2017-09-15,158.470001,160.970001,158.0,159.880005,155.681183,49114600
3200,2017-09-18,160.110001,160.5,158.0,158.669998,154.502975,28269400
3201,2017-09-19,159.509995,159.770004,158.440002,158.729996,154.561386,20810600
3202,2017-09-20,157.899994,158.259995,153.830002,156.070007,151.971283,52951400
3203,2017-09-21,155.800003,155.800003,152.75,153.389999,149.361633,37511700
3204,2017-09-22,151.53999299999998,152.270004,150.559998,151.889999,147.90103100000002,46645400
3205,2017-09-25,149.990005,151.830002,149.16000400000001,150.550003,146.59622199999998,44387300
3206,2017-09-26,151.779999,153.919998,151.690002,153.139999,149.118195,36660000
3207,2017-09-27,153.800003,154.720001,153.53999299999998,154.229996,150.179565,25504200
3208,2017-09-28,153.889999,154.279999,152.699997,153.279999,149.254517,22005500
3209,2017-09-29,153.21000700000002,154.130005,152.0,154.119995,150.072464,26299800
3210,2017-10-02,154.259995,154.449997,152.720001,153.809998,149.770599,18698800
3211,2017-10-03,154.009995,155.08999599999999,153.91000400000001,154.479996,150.422989,16230300
3212,2017-10-04,153.630005,153.860001,152.46000700000002,153.479996,149.449265,20163800
3213,2017-10-05,154.179993,155.440002,154.050003,155.389999,151.30908200000002,21283800
3214,2017-10-06,154.970001,155.490005,154.559998,155.300003,151.221481,17407600
3215,2017-10-09,155.809998,156.729996,155.490005,155.83999599999999,151.747284,16262900
3216,2017-10-10,156.059998,158.0,155.100006,155.899994,151.80571,15617000
3217,2017-10-11,155.970001,156.979996,155.75,156.550003,152.438675,16905600
3218,2017-10-12,156.350006,157.369995,155.729996,156.0,151.903107,16125100
3219,2017-10-13,156.729996,157.279999,156.41000400000001,156.990005,152.86711100000002,16394200
3220,2017-10-16,157.899994,160.0,157.649994,159.880005,155.681183,24121500
3221,2017-10-17,159.779999,160.869995,159.229996,160.470001,156.255707,18997300
3222,2017-10-18,160.419998,160.71000700000002,159.600006,159.759995,155.564346,16374200
3223,2017-10-19,156.75,157.080002,155.020004,155.979996,151.88360600000001,42584200
3224,2017-10-20,156.610001,157.75,155.96000700000002,156.25,152.146515,23974100
3225,2017-10-23,156.889999,157.690002,155.5,156.169998,152.068604,21984300
3226,2017-10-24,156.28999299999998,157.419998,156.199997,157.100006,152.974213,17757200
3227,2017-10-25,156.91000400000001,157.550003,155.270004,156.41000400000001,152.302322,21207100
3228,2017-10-26,157.229996,157.830002,156.779999,157.41000400000001,153.27606200000002,17000500
3229,2017-10-27,159.28999299999998,163.600006,158.699997,163.050003,158.767929,44454200
3230,2017-10-30,163.889999,168.070007,163.720001,166.720001,162.341568,44700800
3231,2017-10-31,167.899994,169.649994,166.940002,169.03999299999998,164.60063200000002,36046800
3232,2017-11-01,169.869995,169.940002,165.610001,166.889999,162.507095,33637800
3233,2017-11-02,166.600006,168.5,165.279999,168.110001,163.695053,41393400
3234,2017-11-03,174.0,174.259995,171.119995,172.5,167.969772,59398600
3235,2017-11-06,172.369995,174.990005,171.720001,174.25,169.673798,35026300
3236,2017-11-07,173.91000400000001,175.25,173.600006,174.809998,170.219101,24361500
3237,2017-11-08,174.66000400000001,176.240005,174.330002,176.240005,171.611557,24409500
3238,2017-11-09,175.110001,176.100006,173.139999,175.880005,171.260986,29482600
3239,2017-11-10,175.110001,175.380005,174.270004,174.669998,170.694199,25145500
3240,2017-11-13,173.5,174.5,173.399994,173.970001,170.010132,16982100
3241,2017-11-14,173.03999299999998,173.479996,171.179993,171.33999599999999,167.439987,24782500
3242,2017-11-15,169.970001,170.320007,168.380005,169.080002,165.23143000000002,29158100
3243,2017-11-16,171.179993,171.869995,170.300003,171.100006,167.205475,23637500
3244,2017-11-17,171.03999299999998,171.389999,169.639999,170.149994,166.277084,21899500
3245,2017-11-20,170.28999299999998,170.559998,169.559998,169.979996,166.110947,16262400
3246,2017-11-21,170.779999,173.699997,170.779999,173.139999,169.19902,25131300
3247,2017-11-22,173.360001,175.0,173.050003,174.96000700000002,170.977585,25588900
3248,2017-11-24,175.100006,175.5,174.649994,174.970001,170.98736599999998,14026700
3249,2017-11-27,175.050003,175.080002,173.33999599999999,174.08999599999999,170.12738000000002,20716800
3250,2017-11-28,174.300003,174.869995,171.860001,173.070007,169.13063,26428800
3251,2017-11-29,172.630005,172.919998,167.16000400000001,169.479996,165.62233,41666400
3252,2017-11-30,170.429993,172.139999,168.440002,171.850006,167.938385,41527200
3253,2017-12-01,169.949997,171.669998,168.5,171.050003,167.156601,39759300
3254,2017-12-04,172.479996,172.619995,169.630005,169.800003,165.935043,32542400
3255,2017-12-05,169.059998,171.520004,168.399994,169.639999,165.77868700000002,27350200
3256,2017-12-06,167.5,170.199997,166.46000700000002,169.009995,165.163025,28560000
3257,2017-12-07,169.029999,170.440002,168.91000400000001,169.320007,165.46598799999998,25673300
3258,2017-12-08,170.490005,171.0,168.820007,169.369995,165.514832,23355200
3259,2017-12-11,169.199997,172.889999,168.78999299999998,172.669998,168.739731,35273800
3260,2017-12-12,172.149994,172.389999,171.46000700000002,171.699997,167.79179399999998,19409200
3261,2017-12-13,172.5,173.53999299999998,172.0,172.270004,168.34883100000002,23818400
3262,2017-12-14,172.399994,173.130005,171.649994,172.220001,168.299973,20476500
3263,2017-12-15,173.630005,174.169998,172.46000700000002,173.970001,170.010132,40169300
3264,2017-12-18,174.880005,177.199997,174.860001,176.419998,172.404373,29421100
3265,2017-12-19,175.029999,175.389999,174.08999599999999,174.53999299999998,170.56715400000002,27436400
3266,2017-12-20,174.869995,175.419998,173.25,174.350006,170.381485,23475600
3267,2017-12-21,174.169998,176.020004,174.100006,175.009995,171.02645900000002,20949900
3268,2017-12-22,174.679993,175.419998,174.5,175.009995,171.02645900000002,16349400
3269,2017-12-26,170.800003,171.470001,169.679993,170.570007,166.687531,33185500
3270,2017-12-27,170.100006,170.779999,169.71000700000002,170.600006,166.716858,21498200
3271,2017-12-28,171.0,171.850006,170.479996,171.080002,167.185913,16480200
3272,2017-12-29,170.520004,170.58999599999999,169.220001,169.229996,165.378021,25999900
3273,2018-01-02,170.16000400000001,172.300003,169.259995,172.259995,168.33905,25555900
3274,2018-01-03,172.529999,174.550003,171.96000700000002,172.229996,168.30973799999998,29517900
3275,2018-01-04,172.53999299999998,173.470001,172.080002,173.029999,169.091522,22434600
3276,2018-01-05,173.440002,175.369995,173.050003,175.0,171.016678,23660000
3277,2018-01-08,174.350006,175.610001,173.929993,174.350006,170.381485,20567800
3278,2018-01-09,174.550003,175.059998,173.41000400000001,174.330002,170.361954,21584000
3279,2018-01-10,173.16000400000001,174.300003,173.0,174.28999299999998,170.322845,23959900
3280,2018-01-11,174.58999599999999,175.490005,174.490005,175.279999,171.290329,18667700
3281,2018-01-12,176.179993,177.360001,175.649994,177.08999599999999,173.059113,25418100
3282,2018-01-16,177.899994,179.389999,176.139999,176.190002,172.17961100000002,29565900
3283,2018-01-17,176.149994,179.25,175.070007,179.100006,175.02336100000002,34386800
3284,2018-01-18,179.369995,180.100006,178.25,179.259995,175.17971799999998,31193400
3285,2018-01-19,178.610001,179.580002,177.41000400000001,178.46000700000002,174.397949,32425100
3286,2018-01-22,177.300003,177.779999,176.600006,177.0,172.971176,27108600
3287,2018-01-23,177.300003,179.440002,176.820007,177.03999299999998,173.010254,32689100
3288,2018-01-24,177.25,177.300003,173.199997,174.220001,170.25444,51105100
3289,2018-01-25,174.509995,174.949997,170.529999,171.110001,167.21521,41529000
3290,2018-01-26,172.0,172.0,170.059998,171.509995,167.60613999999998,39143000
3291,2018-01-29,170.16000400000001,170.16000400000001,167.070007,167.96000700000002,164.136932,50640400
3292,2018-01-30,165.529999,167.369995,164.699997,166.970001,163.16946399999998,46048200
3293,2018-01-31,166.869995,168.440002,166.5,167.429993,163.618988,32478900
3294,2018-02-01,167.169998,168.619995,166.759995,167.779999,163.96101399999998,47230800
3295,2018-02-02,166.0,166.800003,160.100006,160.5,156.84674099999998,86593800
3296,2018-02-05,159.100006,163.880005,156.0,156.490005,152.928009,72738500
3297,2018-02-06,154.830002,163.720001,154.0,163.029999,159.31913799999998,68243800
3298,2018-02-07,163.08999599999999,163.399994,159.070007,159.53999299999998,155.908569,51608600
3299,2018-02-08,160.28999299999998,161.0,155.029999,155.149994,151.618515,54390500
3300,2018-02-09,157.070007,157.889999,150.240005,156.41000400000001,153.473022,70672600
3301,2018-02-12,158.5,163.889999,157.509995,162.71000700000002,159.65473899999998,60819500
3302,2018-02-13,161.949997,164.75,161.649994,164.33999599999999,161.254105,32549200
3303,2018-02-14,163.03999299999998,167.53999299999998,162.880005,167.369995,164.227203,40644900
3304,2018-02-15,169.78999299999998,173.08999599999999,169.0,172.990005,169.74168400000002,51147200
3305,2018-02-16,172.360001,174.820007,171.770004,172.429993,169.1922,40176100
3306,2018-02-20,172.050003,174.259995,171.419998,171.850006,168.62309299999998,33930500
3307,2018-02-21,172.830002,174.119995,171.009995,171.070007,167.857742,37471600
3308,2018-02-22,171.800003,173.949997,171.71000700000002,172.5,169.260895,30991900
3309,2018-02-23,173.669998,175.649994,173.53999299999998,175.5,172.20455900000002,33812400
3310,2018-02-26,176.350006,179.389999,176.21000700000002,178.970001,175.609406,38162200
3311,2018-02-27,179.100006,180.479996,178.16000400000001,178.389999,175.040298,38928100
3312,2018-02-28,179.259995,180.619995,178.050003,178.119995,174.77536,37782100
